"al_albumid","al_albumname","al_artistid","al_releasedate"
1,"albumName1",1142,"2003-08-15"
2,"albumName2",458,"2053-08-14"
3,"albumName3",824,"2060-02-18"
4,"albumName4",4697,"2019-01-20"
5,"albumName5",1331,"1972-11-02"
6,"albumName6",526,"2063-11-27"
7,"albumName7",2664,"1983-04-16"
8,"albumName8",693,"1974-10-11"
9,"albumName9",4605,"2018-09-03"
10,"albumName10",1773,"2068-11-08"
11,"albumName11",50,"2055-05-17"
12,"albumName12",583,"2068-05-02"
13,"albumName13",4029,"2061-05-09"
14,"albumName14",4698,"1972-07-28"
15,"albumName15",17,"2063-06-03"
16,"albumName16",1687,"2025-06-24"
17,"albumName17",3065,"2022-11-04"
18,"albumName18",4729,"2020-04-16"
19,"albumName19",2622,"2015-09-11"
20,"albumName20",1237,"2000-04-16"
21,"albumName21",2567,"2018-04-09"
22,"albumName22",1347,"2018-11-03"
23,"albumName23",1527,"1988-05-07"
24,"albumName24",196,"2004-09-28"
25,"albumName25",100,"2054-07-06"
26,"albumName26",278,"1972-06-25"
27,"albumName27",4400,"2052-10-09"
28,"albumName28",1771,"2067-07-08"
29,"albumName29",4618,"2067-02-08"
30,"albumName30",3800,"2000-10-20"
31,"albumName31",589,"2022-09-08"
32,"albumName32",4847,"2003-01-10"
33,"albumName33",2066,"2012-02-01"
34,"albumName34",409,"1989-03-06"
35,"albumName35",3430,"2011-11-21"
36,"albumName36",3559,"2019-06-27"
37,"albumName37",2964,"1984-02-28"
38,"albumName38",2980,"1981-01-04"
39,"albumName39",2687,"1974-10-01"
40,"albumName40",1840,"2020-08-04"
41,"albumName41",4386,"1993-05-28"
42,"albumName42",776,"2054-08-23"
43,"albumName43",1213,"2001-12-21"
44,"albumName44",782,"2061-08-22"
45,"albumName45",3940,"2069-11-16"
46,"albumName46",3306,"2008-11-19"
47,"albumName47",4812,"2023-08-18"
48,"albumName48",2260,"2004-07-08"
49,"albumName49",3071,"1974-09-26"
50,"albumName50",1433,"2051-09-27"
51,"albumName51",3676,"1976-02-25"
52,"albumName52",3890,"2067-04-12"
53,"albumName53",757,"2013-11-03"
54,"albumName54",3002,"1981-09-26"
55,"albumName55",510,"2053-06-03"
56,"albumName56",73,"2008-07-05"
57,"albumName57",2032,"2009-02-19"
58,"albumName58",88,"2011-08-13"
59,"albumName59",1685,"2011-11-21"
60,"albumName60",4883,"1982-12-28"
61,"albumName61",1763,"1975-04-15"
62,"albumName62",2399,"2062-05-24"
63,"albumName63",1873,"1974-04-28"
64,"albumName64",2855,"2011-10-11"
65,"albumName65",2395,"2057-04-17"
66,"albumName66",3629,"1990-01-18"
67,"albumName67",345,"2001-06-13"
68,"albumName68",4404,"2018-12-24"
69,"albumName69",1517,"1976-06-14"
70,"albumName70",906,"2051-02-13"
71,"albumName71",291,"1985-01-15"
72,"albumName72",3490,"1981-04-06"
73,"albumName73",4540,"1972-02-26"
74,"albumName74",1226,"1997-04-15"
75,"albumName75",1157,"2003-05-24"
76,"albumName76",2878,"2005-06-13"
77,"albumName77",1688,"2061-07-25"
78,"albumName78",1991,"2000-09-28"
79,"albumName79",1221,"1976-04-28"
80,"albumName80",2207,"2065-12-01"
81,"albumName81",2954,"1997-12-17"
82,"albumName82",3935,"1982-02-14"
83,"albumName83",1942,"2051-01-22"
84,"albumName84",1499,"2052-01-20"
85,"albumName85",2964,"2009-03-19"
86,"albumName86",2332,"2014-08-08"
87,"albumName87",3241,"1988-03-15"
88,"albumName88",1586,"1977-03-10"
89,"albumName89",51,"2065-04-21"
90,"albumName90",857,"1977-05-22"
91,"albumName91",2956,"2024-08-20"
92,"albumName92",3686,"2007-03-14"
93,"albumName93",800,"1991-12-14"
94,"albumName94",4315,"2015-05-08"
95,"albumName95",4598,"1982-07-09"
96,"albumName96",4719,"2059-07-12"
97,"albumName97",1208,"2057-02-11"
98,"albumName98",4679,"2023-12-02"
99,"albumName99",1412,"2066-01-13"
100,"albumName100",713,"1990-05-04"
101,"albumName101",2722,"2021-04-23"
102,"albumName102",3076,"1996-11-02"
103,"albumName103",4275,"2021-01-04"
104,"albumName104",4335,"2011-09-13"
105,"albumName105",2431,"2018-11-05"
106,"albumName106",2468,"2014-01-09"
107,"albumName107",4675,"2005-02-13"
108,"albumName108",2937,"2013-02-03"
109,"albumName109",1572,"1976-03-20"
110,"albumName110",1054,"2013-02-17"
111,"albumName111",2276,"1987-12-02"
112,"albumName112",369,"1999-10-07"
113,"albumName113",3197,"2057-11-06"
114,"albumName114",3997,"2015-07-18"
115,"albumName115",705,"1991-05-23"
116,"albumName116",941,"2006-01-03"
117,"albumName117",3973,"1985-08-16"
118,"albumName118",3785,"1985-03-24"
119,"albumName119",824,"1975-03-14"
120,"albumName120",1383,"2003-10-16"
121,"albumName121",2621,"2064-08-21"
122,"albumName122",295,"1977-01-13"
123,"albumName123",4248,"1987-08-03"
124,"albumName124",1791,"2006-12-14"
125,"albumName125",325,"2024-04-20"
126,"albumName126",4722,"2058-12-03"
127,"albumName127",1821,"2000-01-26"
128,"albumName128",4337,"2003-05-09"
129,"albumName129",4380,"2013-04-23"
130,"albumName130",3041,"1973-08-09"
131,"albumName131",3556,"2062-06-23"
132,"albumName132",3761,"2006-11-18"
133,"albumName133",806,"1980-03-11"
134,"albumName134",229,"1970-12-16"
135,"albumName135",3129,"1992-04-02"
136,"albumName136",939,"1981-12-05"
137,"albumName137",4724,"2007-12-17"
138,"albumName138",800,"1990-06-13"
139,"albumName139",2166,"2009-09-13"
140,"albumName140",3202,"1982-12-22"
141,"albumName141",1018,"1991-06-28"
142,"albumName142",1190,"1991-01-24"
143,"albumName143",3430,"2063-03-17"
144,"albumName144",4117,"2012-09-15"
145,"albumName145",1496,"2060-12-06"
146,"albumName146",3,"2000-02-23"
147,"albumName147",4205,"2055-02-09"
148,"albumName148",2192,"2015-07-22"
149,"albumName149",1352,"2019-07-18"
150,"albumName150",365,"1995-01-18"
151,"albumName151",2782,"1982-12-27"
152,"albumName152",4521,"2060-03-28"
153,"albumName153",3233,"2006-05-25"
154,"albumName154",1548,"1997-09-08"
155,"albumName155",2073,"1975-05-07"
156,"albumName156",1685,"1971-06-21"
157,"albumName157",4524,"1971-07-07"
158,"albumName158",3250,"2057-09-10"
159,"albumName159",25,"2067-12-07"
160,"albumName160",1746,"1983-02-03"
161,"albumName161",3973,"2063-05-15"
162,"albumName162",1079,"2007-09-11"
163,"albumName163",4726,"2009-05-21"
164,"albumName164",991,"1991-12-01"
165,"albumName165",3683,"2058-03-20"
166,"albumName166",1806,"2020-06-05"
167,"albumName167",827,"2017-11-11"
168,"albumName168",130,"1973-01-09"
169,"albumName169",4069,"2062-09-12"
170,"albumName170",2942,"2013-11-03"
171,"albumName171",1314,"2068-05-22"
172,"albumName172",1858,"1972-12-25"
173,"albumName173",368,"1991-06-10"
174,"albumName174",3564,"2068-06-09"
175,"albumName175",2830,"2064-10-10"
176,"albumName176",897,"2064-10-02"
177,"albumName177",3932,"2058-12-27"
178,"albumName178",1370,"2067-08-25"
179,"albumName179",1151,"2005-08-14"
180,"albumName180",154,"2023-09-10"
181,"albumName181",1866,"2057-06-25"
182,"albumName182",2743,"1991-09-04"
183,"albumName183",3588,"1970-10-11"
184,"albumName184",3078,"2055-06-01"
185,"albumName185",2450,"1990-06-10"
186,"albumName186",282,"2008-05-23"
187,"albumName187",488,"2056-05-07"
188,"albumName188",2290,"2014-03-08"
189,"albumName189",890,"2007-12-18"
190,"albumName190",4652,"1975-03-09"
191,"albumName191",816,"2011-06-28"
192,"albumName192",29,"1998-03-27"
193,"albumName193",2089,"1978-03-01"
194,"albumName194",250,"1970-01-19"
195,"albumName195",3183,"2013-01-04"
196,"albumName196",1548,"2054-03-23"
197,"albumName197",2953,"2001-06-03"
198,"albumName198",2918,"1995-09-10"
199,"albumName199",4247,"2011-03-06"
200,"albumName200",1863,"2007-12-08"
201,"albumName201",1753,"1988-04-06"
202,"albumName202",1247,"1996-03-21"
203,"albumName203",356,"2008-02-09"
204,"albumName204",3095,"2061-07-27"
205,"albumName205",1118,"2025-10-11"
206,"albumName206",4396,"2020-11-24"
207,"albumName207",3729,"2018-07-18"
208,"albumName208",2062,"1985-04-21"
209,"albumName209",250,"1992-01-13"
210,"albumName210",2530,"1970-06-12"
211,"albumName211",2693,"1987-06-02"
212,"albumName212",67,"1990-12-16"
213,"albumName213",1507,"2060-06-14"
214,"albumName214",4828,"2016-06-12"
215,"albumName215",2940,"2016-06-25"
216,"albumName216",3551,"2066-03-26"
217,"albumName217",1159,"1998-01-08"
218,"albumName218",1650,"2009-03-06"
219,"albumName219",799,"1971-05-01"
220,"albumName220",4687,"2007-09-20"
221,"albumName221",2436,"1972-11-10"
222,"albumName222",857,"2004-05-28"
223,"albumName223",40,"1997-06-27"
224,"albumName224",3330,"1991-11-06"
225,"albumName225",3693,"2065-06-14"
226,"albumName226",3523,"1983-12-25"
227,"albumName227",3221,"1991-07-15"
228,"albumName228",559,"2021-02-12"
229,"albumName229",665,"1981-09-08"
230,"albumName230",4316,"1971-11-23"
231,"albumName231",1680,"2066-09-21"
232,"albumName232",3280,"2004-09-28"
233,"albumName233",505,"1986-01-04"
234,"albumName234",3067,"2058-01-02"
235,"albumName235",3753,"2058-06-05"
236,"albumName236",2328,"2067-12-04"
237,"albumName237",3190,"1997-12-06"
238,"albumName238",3862,"2012-04-09"
239,"albumName239",3430,"1975-03-14"
240,"albumName240",2288,"2011-04-05"
241,"albumName241",4850,"2004-02-02"
242,"albumName242",891,"1970-08-06"
243,"albumName243",4467,"2019-10-17"
244,"albumName244",4191,"2008-08-06"
245,"albumName245",3675,"2013-05-25"
246,"albumName246",1565,"2062-11-23"
247,"albumName247",3242,"1973-11-02"
248,"albumName248",4182,"2016-04-19"
249,"albumName249",3015,"1988-03-06"
250,"albumName250",2444,"2003-11-04"
251,"albumName251",110,"2023-11-02"
252,"albumName252",156,"2004-06-10"
253,"albumName253",2359,"1987-04-09"
254,"albumName254",3176,"2002-07-02"
255,"albumName255",1799,"1999-06-11"
256,"albumName256",914,"1998-08-03"
257,"albumName257",3713,"2017-10-02"
258,"albumName258",3558,"2002-04-03"
259,"albumName259",4247,"1976-01-19"
260,"albumName260",3125,"2021-12-05"
261,"albumName261",3980,"1985-10-11"
262,"albumName262",4467,"1998-09-24"
263,"albumName263",1184,"2003-06-21"
264,"albumName264",2212,"2062-12-05"
265,"albumName265",1900,"1988-01-09"
266,"albumName266",2444,"1984-06-15"
267,"albumName267",28,"2053-10-16"
268,"albumName268",2724,"2018-04-14"
269,"albumName269",4878,"1988-02-02"
270,"albumName270",1885,"2068-09-17"
271,"albumName271",3142,"1989-09-10"
272,"albumName272",1896,"1970-05-27"
273,"albumName273",249,"1971-06-05"
274,"albumName274",2499,"1985-02-28"
275,"albumName275",3078,"2013-06-22"
276,"albumName276",613,"1975-01-26"
277,"albumName277",2389,"2062-09-26"
278,"albumName278",3808,"2022-02-19"
279,"albumName279",887,"2064-11-12"
280,"albumName280",4128,"1975-11-15"
281,"albumName281",3387,"1974-09-10"
282,"albumName282",360,"1987-12-01"
283,"albumName283",344,"2017-07-03"
284,"albumName284",3614,"1979-10-17"
285,"albumName285",3400,"2023-11-15"
286,"albumName286",3708,"1984-08-15"
287,"albumName287",2275,"2000-11-03"
288,"albumName288",3612,"2017-12-22"
289,"albumName289",1046,"1981-03-18"
290,"albumName290",3623,"2053-01-15"
291,"albumName291",1509,"2058-12-11"
292,"albumName292",2817,"2023-04-04"
293,"albumName293",683,"2054-02-08"
294,"albumName294",1423,"2052-09-03"
295,"albumName295",1938,"2013-03-10"
296,"albumName296",237,"2003-04-14"
297,"albumName297",1068,"1982-03-04"
298,"albumName298",2967,"2012-08-13"
299,"albumName299",1959,"2009-02-16"
300,"albumName300",1380,"1976-03-02"
301,"albumName301",2720,"2020-12-13"
302,"albumName302",1491,"1991-02-19"
303,"albumName303",3238,"2055-10-10"
304,"albumName304",1020,"2000-02-16"
305,"albumName305",2840,"1999-11-08"
306,"albumName306",491,"2012-05-17"
307,"albumName307",2596,"1981-02-09"
308,"albumName308",24,"2011-07-06"
309,"albumName309",1756,"1975-01-03"
310,"albumName310",1219,"1991-12-11"
311,"albumName311",3929,"2062-01-27"
312,"albumName312",434,"2006-04-11"
313,"albumName313",3729,"1978-09-14"
314,"albumName314",778,"2018-12-08"
315,"albumName315",4386,"2065-11-11"
316,"albumName316",2634,"2007-12-03"
317,"albumName317",362,"2060-12-09"
318,"albumName318",3075,"1980-12-19"
319,"albumName319",3472,"2005-03-24"
320,"albumName320",4881,"2002-09-15"
321,"albumName321",827,"2068-11-13"
322,"albumName322",3227,"2020-05-13"
323,"albumName323",2052,"1999-04-16"
324,"albumName324",772,"1996-11-15"
325,"albumName325",3071,"2012-03-20"
326,"albumName326",1036,"1990-11-09"
327,"albumName327",1027,"1993-09-03"
328,"albumName328",784,"2068-10-03"
329,"albumName329",4424,"2006-06-20"
330,"albumName330",4271,"1978-03-09"
331,"albumName331",4491,"2000-02-21"
332,"albumName332",406,"2016-10-26"
333,"albumName333",1152,"1973-09-24"
334,"albumName334",653,"1978-09-10"
335,"albumName335",1471,"2002-08-22"
336,"albumName336",1166,"1979-04-16"
337,"albumName337",3075,"1987-07-27"
338,"albumName338",3083,"1989-06-14"
339,"albumName339",244,"2065-08-07"
340,"albumName340",734,"2051-03-01"
341,"albumName341",2136,"1989-06-02"
342,"albumName342",707,"2016-08-09"
343,"albumName343",2198,"2010-06-14"
344,"albumName344",992,"1988-04-17"
345,"albumName345",4691,"2003-01-13"
346,"albumName346",1167,"2018-10-05"
347,"albumName347",1495,"1970-01-05"
348,"albumName348",1987,"2066-05-08"
349,"albumName349",118,"2008-07-04"
350,"albumName350",1926,"2005-05-11"
351,"albumName351",2302,"1995-07-01"
352,"albumName352",2244,"2002-05-28"
353,"albumName353",2039,"1976-01-13"
354,"albumName354",624,"1981-10-27"
355,"albumName355",1752,"1998-01-26"
356,"albumName356",161,"2024-08-16"
357,"albumName357",2732,"1976-03-28"
358,"albumName358",4561,"1979-03-24"
359,"albumName359",4523,"2057-12-27"
360,"albumName360",2658,"1998-01-12"
361,"albumName361",2619,"1979-08-21"
362,"albumName362",3759,"2005-06-24"
363,"albumName363",592,"2019-02-16"
364,"albumName364",852,"2061-03-06"
365,"albumName365",2285,"2062-04-03"
366,"albumName366",3920,"2025-12-14"
367,"albumName367",2838,"2055-08-23"
368,"albumName368",2565,"1995-10-08"
369,"albumName369",1550,"2060-05-21"
370,"albumName370",3436,"2057-06-02"
371,"albumName371",1783,"1997-01-17"
372,"albumName372",2579,"2062-07-11"
373,"albumName373",1455,"2023-12-05"
374,"albumName374",1075,"2025-11-08"
375,"albumName375",2133,"2006-02-02"
376,"albumName376",4119,"1986-06-03"
377,"albumName377",663,"2024-09-08"
378,"albumName378",203,"2067-03-05"
379,"albumName379",3985,"1984-12-16"
380,"albumName380",1957,"1971-06-24"
381,"albumName381",3193,"2016-03-22"
382,"albumName382",4035,"1985-06-08"
383,"albumName383",2732,"1970-12-07"
384,"albumName384",3055,"2062-05-21"
385,"albumName385",4667,"1999-09-18"
386,"albumName386",2886,"2015-01-04"
387,"albumName387",3245,"2052-03-19"
388,"albumName388",3410,"1999-09-13"
389,"albumName389",299,"2014-10-19"
390,"albumName390",4055,"2053-10-17"
391,"albumName391",1771,"2057-03-21"
392,"albumName392",2314,"2062-06-09"
393,"albumName393",1821,"2053-06-19"
394,"albumName394",1177,"2057-05-27"
395,"albumName395",2123,"2058-06-16"
396,"albumName396",3587,"1982-01-21"
397,"albumName397",2364,"2014-08-26"
398,"albumName398",2199,"1977-11-18"
399,"albumName399",3292,"2017-03-11"
400,"albumName400",176,"2013-01-12"
401,"albumName401",95,"2023-02-24"
402,"albumName402",3474,"1992-03-21"
403,"albumName403",2190,"2055-03-12"
404,"albumName404",763,"2058-09-22"
405,"albumName405",177,"1978-10-23"
406,"albumName406",3260,"1979-01-26"
407,"albumName407",2229,"1972-11-24"
408,"albumName408",4566,"1972-06-16"
409,"albumName409",2887,"2007-05-13"
410,"albumName410",3631,"2023-10-24"
411,"albumName411",941,"1981-12-14"
412,"albumName412",3867,"2067-08-19"
413,"albumName413",3115,"2051-07-19"
414,"albumName414",1730,"2054-01-28"
415,"albumName415",4157,"1991-01-24"
416,"albumName416",1097,"2024-10-02"
417,"albumName417",3133,"2000-06-20"
418,"albumName418",787,"2023-06-11"
419,"albumName419",1913,"1972-10-11"
420,"albumName420",272,"2022-06-21"
421,"albumName421",4046,"2011-07-03"
422,"albumName422",958,"1973-06-27"
423,"albumName423",2628,"2000-07-23"
424,"albumName424",2846,"2057-11-27"
425,"albumName425",1298,"1996-05-04"
426,"albumName426",3847,"2008-11-10"
427,"albumName427",2997,"2065-06-17"
428,"albumName428",698,"1982-02-28"
429,"albumName429",87,"2066-04-26"
430,"albumName430",3863,"2021-04-07"
431,"albumName431",2575,"2011-05-03"
432,"albumName432",2664,"2017-06-25"
433,"albumName433",4053,"1989-08-18"
434,"albumName434",4487,"1983-10-14"
435,"albumName435",3887,"1981-03-23"
436,"albumName436",3250,"2009-12-06"
437,"albumName437",3329,"1975-05-25"
438,"albumName438",4422,"1970-04-18"
439,"albumName439",3310,"2024-01-24"
440,"albumName440",4864,"2005-11-27"
441,"albumName441",2705,"2025-01-26"
442,"albumName442",4681,"2024-04-27"
443,"albumName443",334,"2016-11-08"
444,"albumName444",3753,"2069-09-06"
445,"albumName445",3417,"2006-02-24"
446,"albumName446",4020,"2068-02-22"
447,"albumName447",2870,"2021-09-08"
448,"albumName448",1468,"2016-08-25"
449,"albumName449",209,"2004-11-23"
450,"albumName450",3695,"2001-01-02"
451,"albumName451",2885,"2002-06-23"
452,"albumName452",4848,"1976-04-14"
453,"albumName453",27,"2057-08-24"
454,"albumName454",1449,"2057-07-04"
455,"albumName455",2498,"2013-05-09"
456,"albumName456",1078,"2008-03-28"
457,"albumName457",3818,"2013-07-13"
458,"albumName458",1606,"1975-08-11"
459,"albumName459",4437,"1979-07-21"
460,"albumName460",646,"2019-07-15"
461,"albumName461",4388,"2001-07-04"
462,"albumName462",4495,"2062-09-21"
463,"albumName463",3142,"2057-04-13"
464,"albumName464",4087,"1989-03-10"
465,"albumName465",4040,"2058-10-16"
466,"albumName466",2420,"1980-11-23"
467,"albumName467",3532,"1993-04-13"
468,"albumName468",218,"1990-06-22"
469,"albumName469",4030,"2008-03-16"
470,"albumName470",1853,"2067-04-05"
471,"albumName471",4113,"2016-03-11"
472,"albumName472",1096,"1981-03-24"
473,"albumName473",4452,"2069-09-25"
474,"albumName474",174,"1971-12-15"
475,"albumName475",3350,"1986-11-25"
476,"albumName476",3336,"1975-05-11"
477,"albumName477",2874,"1983-01-06"
478,"albumName478",4179,"1973-10-15"
479,"albumName479",943,"2012-10-12"
480,"albumName480",4186,"1981-11-27"
481,"albumName481",2411,"2062-11-10"
482,"albumName482",4181,"2019-01-17"
483,"albumName483",577,"1987-06-15"
484,"albumName484",720,"2023-06-23"
485,"albumName485",4754,"1980-03-03"
486,"albumName486",647,"2066-04-15"
487,"albumName487",1032,"2014-04-04"
488,"albumName488",632,"1980-10-25"
489,"albumName489",4148,"2019-07-09"
490,"albumName490",3265,"1984-01-14"
491,"albumName491",1047,"2017-04-09"
492,"albumName492",3249,"1979-11-24"
493,"albumName493",3108,"2008-12-04"
494,"albumName494",4549,"2067-07-11"
495,"albumName495",557,"2002-11-13"
496,"albumName496",1508,"2012-03-01"
497,"albumName497",445,"1996-10-26"
498,"albumName498",2198,"1989-09-01"
499,"albumName499",42,"2014-02-02"
500,"albumName500",3430,"2002-07-06"
501,"albumName501",1962,"1982-04-04"
502,"albumName502",213,"1988-05-15"
503,"albumName503",2131,"2022-11-19"
504,"albumName504",2960,"2001-07-05"
505,"albumName505",2414,"1981-11-17"
506,"albumName506",2010,"1971-12-06"
507,"albumName507",3753,"1985-11-27"
508,"albumName508",351,"1976-03-04"
509,"albumName509",1278,"2004-02-11"
510,"albumName510",2690,"2055-12-14"
511,"albumName511",988,"2061-12-08"
512,"albumName512",1483,"2023-10-01"
513,"albumName513",3217,"2013-12-15"
514,"albumName514",2944,"2017-03-01"
515,"albumName515",4780,"2060-08-20"
516,"albumName516",3658,"1981-06-25"
517,"albumName517",565,"2013-08-22"
518,"albumName518",1483,"2003-05-07"
519,"albumName519",3861,"1979-01-10"
520,"albumName520",2990,"1982-05-01"
521,"albumName521",1991,"2009-12-06"
522,"albumName522",3389,"2016-02-26"
523,"albumName523",315,"1998-01-21"
524,"albumName524",1616,"2052-11-10"
525,"albumName525",1170,"2057-08-06"
526,"albumName526",3734,"2068-10-08"
527,"albumName527",3386,"1985-08-27"
528,"albumName528",380,"1981-08-10"
529,"albumName529",4864,"2009-03-24"
530,"albumName530",1425,"2061-12-04"
531,"albumName531",2520,"2053-06-26"
532,"albumName532",1375,"1972-07-19"
533,"albumName533",1347,"1978-05-19"
534,"albumName534",202,"1976-05-24"
535,"albumName535",4537,"2004-12-22"
536,"albumName536",4225,"1987-03-14"
537,"albumName537",1229,"1971-09-08"
538,"albumName538",1317,"2000-04-18"
539,"albumName539",115,"1970-08-22"
540,"albumName540",59,"2024-04-22"
541,"albumName541",1130,"2062-10-22"
542,"albumName542",4898,"2013-08-08"
543,"albumName543",607,"1999-02-08"
544,"albumName544",1298,"2023-05-28"
545,"albumName545",286,"2022-08-26"
546,"albumName546",1686,"1978-10-19"
547,"albumName547",3149,"2015-06-06"
548,"albumName548",4704,"2067-04-21"
549,"albumName549",577,"1988-03-13"
550,"albumName550",1635,"1981-02-01"
551,"albumName551",4536,"1990-04-22"
552,"albumName552",3504,"1982-12-19"
553,"albumName553",4807,"2000-09-14"
554,"albumName554",1289,"1974-04-24"
555,"albumName555",4748,"1970-07-16"
556,"albumName556",4160,"2017-09-05"
557,"albumName557",2166,"2013-02-20"
558,"albumName558",1393,"2053-10-16"
559,"albumName559",4582,"2057-09-10"
560,"albumName560",4773,"2007-09-04"
561,"albumName561",1926,"1987-06-13"
562,"albumName562",4704,"2052-06-28"
563,"albumName563",1770,"2053-03-06"
564,"albumName564",1738,"2006-07-01"
565,"albumName565",4758,"1985-10-27"
566,"albumName566",1170,"2019-10-10"
567,"albumName567",225,"1974-01-02"
568,"albumName568",2450,"2066-07-17"
569,"albumName569",337,"2052-12-17"
570,"albumName570",3932,"2018-01-06"
571,"albumName571",2030,"1971-10-15"
572,"albumName572",4662,"1998-08-11"
573,"albumName573",2963,"2019-01-07"
574,"albumName574",4490,"1975-04-03"
575,"albumName575",2946,"2054-01-20"
576,"albumName576",1237,"2053-08-13"
577,"albumName577",949,"1977-12-27"
578,"albumName578",1052,"1986-02-27"
579,"albumName579",3477,"1987-06-27"
580,"albumName580",2107,"2068-04-24"
581,"albumName581",872,"2012-09-16"
582,"albumName582",585,"1974-08-10"
583,"albumName583",1872,"2068-07-01"
584,"albumName584",279,"2019-02-18"
585,"albumName585",4182,"2009-09-18"
586,"albumName586",2357,"2004-02-25"
587,"albumName587",4470,"1991-11-06"
588,"albumName588",3278,"2023-03-21"
589,"albumName589",3093,"2051-06-18"
590,"albumName590",4228,"2060-05-12"
591,"albumName591",2883,"2058-07-16"
592,"albumName592",736,"2059-05-09"
593,"albumName593",1487,"2060-07-04"
594,"albumName594",1322,"2069-03-08"
595,"albumName595",3392,"2018-12-04"
596,"albumName596",414,"2001-04-28"
597,"albumName597",1531,"1973-11-27"
598,"albumName598",558,"2024-08-15"
599,"albumName599",3562,"1978-09-22"
600,"albumName600",1691,"2053-04-05"
601,"albumName601",1966,"2021-08-07"
602,"albumName602",3719,"2062-06-01"
603,"albumName603",474,"2000-09-27"
604,"albumName604",1860,"2014-05-16"
605,"albumName605",4762,"2064-03-06"
606,"albumName606",2096,"1993-01-22"
607,"albumName607",4129,"1988-07-10"
608,"albumName608",2326,"2060-08-06"
609,"albumName609",4410,"2009-04-25"
610,"albumName610",4639,"2065-05-18"
611,"albumName611",2663,"1995-01-06"
612,"albumName612",3084,"2016-09-27"
613,"albumName613",262,"2002-02-14"
614,"albumName614",182,"2053-04-08"
615,"albumName615",223,"2017-08-21"
616,"albumName616",2352,"1997-05-17"
617,"albumName617",1602,"1986-01-07"
618,"albumName618",958,"2021-08-01"
619,"albumName619",3711,"1995-06-08"
620,"albumName620",2040,"1987-06-12"
621,"albumName621",3616,"2009-03-02"
622,"albumName622",3351,"2024-05-19"
623,"albumName623",3524,"2053-08-17"
624,"albumName624",4474,"2062-03-13"
625,"albumName625",2309,"2006-02-13"
626,"albumName626",740,"1972-03-03"
627,"albumName627",3709,"1984-08-24"
628,"albumName628",1947,"2068-10-27"
629,"albumName629",1195,"2008-02-08"
630,"albumName630",4795,"2065-05-03"
631,"albumName631",4575,"2052-05-24"
632,"albumName632",92,"2068-06-27"
633,"albumName633",1833,"1972-10-09"
634,"albumName634",4544,"2022-09-27"
635,"albumName635",4874,"2016-01-03"
636,"albumName636",3525,"1998-11-02"
637,"albumName637",754,"2007-10-02"
638,"albumName638",4577,"1979-11-05"
639,"albumName639",4193,"2008-02-07"
640,"albumName640",898,"2016-06-03"
641,"albumName641",3240,"2053-11-08"
642,"albumName642",3178,"1999-03-02"
643,"albumName643",1196,"1984-12-16"
644,"albumName644",4210,"1999-03-15"
645,"albumName645",1559,"1996-08-07"
646,"albumName646",656,"1988-05-21"
647,"albumName647",2631,"2010-02-13"
648,"albumName648",580,"1983-08-22"
649,"albumName649",846,"2064-03-28"
650,"albumName650",1596,"2015-04-22"
651,"albumName651",1656,"2012-11-08"
652,"albumName652",3527,"2006-09-01"
653,"albumName653",1973,"1971-10-17"
654,"albumName654",1037,"1985-08-24"
655,"albumName655",155,"1991-02-10"
656,"albumName656",1496,"2020-07-05"
657,"albumName657",1863,"2014-05-04"
658,"albumName658",4568,"2056-09-27"
659,"albumName659",4597,"1975-04-03"
660,"albumName660",1505,"2068-11-01"
661,"albumName661",1454,"2051-03-23"
662,"albumName662",758,"1998-08-13"
663,"albumName663",2440,"2016-11-08"
664,"albumName664",125,"2054-08-26"
665,"albumName665",2823,"1990-07-26"
666,"albumName666",2719,"1993-03-15"
667,"albumName667",772,"1990-10-12"
668,"albumName668",3102,"2012-06-22"
669,"albumName669",3776,"1973-02-19"
670,"albumName670",72,"2021-06-25"
671,"albumName671",3831,"2025-11-14"
672,"albumName672",596,"2008-08-03"
673,"albumName673",3017,"1976-11-28"
674,"albumName674",3471,"1987-04-15"
675,"albumName675",285,"1997-05-23"
676,"albumName676",3103,"1988-09-18"
677,"albumName677",466,"1985-01-08"
678,"albumName678",1924,"1991-09-01"
679,"albumName679",4125,"2011-07-01"
680,"albumName680",1421,"2055-08-04"
681,"albumName681",849,"2061-09-18"
682,"albumName682",3851,"1977-06-25"
683,"albumName683",1276,"1987-10-17"
684,"albumName684",3002,"1979-11-02"
685,"albumName685",2215,"2002-07-26"
686,"albumName686",4707,"2017-03-17"
687,"albumName687",74,"1988-10-14"
688,"albumName688",3884,"2013-12-19"
689,"albumName689",3166,"2065-02-13"
690,"albumName690",1818,"2052-07-02"
691,"albumName691",2753,"2024-03-24"
692,"albumName692",1240,"1988-08-27"
693,"albumName693",123,"2020-12-19"
694,"albumName694",3071,"2051-04-05"
695,"albumName695",561,"1986-10-08"
696,"albumName696",2150,"2013-06-18"
697,"albumName697",4816,"2000-01-18"
698,"albumName698",4510,"2054-06-19"
699,"albumName699",4059,"2021-08-05"
700,"albumName700",1026,"2020-01-09"
701,"albumName701",2146,"2060-02-24"
702,"albumName702",2271,"1978-10-24"
703,"albumName703",2091,"1981-08-28"
704,"albumName704",2898,"2003-12-23"
705,"albumName705",467,"2064-02-22"
706,"albumName706",4039,"1972-06-08"
707,"albumName707",1055,"1999-01-18"
708,"albumName708",1361,"1986-08-06"
709,"albumName709",3184,"2014-06-12"
710,"albumName710",1387,"2064-02-08"
711,"albumName711",2759,"2064-08-21"
712,"albumName712",1016,"2001-04-23"
713,"albumName713",4781,"1980-07-14"
714,"albumName714",122,"1985-09-21"
715,"albumName715",4862,"1979-08-17"
716,"albumName716",333,"1983-03-08"
717,"albumName717",277,"2062-10-28"
718,"albumName718",822,"1980-02-18"
719,"albumName719",3737,"2061-10-04"
720,"albumName720",1715,"2023-03-21"
721,"albumName721",3384,"1989-12-03"
722,"albumName722",4596,"2001-06-06"
723,"albumName723",3334,"2051-01-22"
724,"albumName724",3649,"2009-01-26"
725,"albumName725",2542,"1999-12-22"
726,"albumName726",2807,"1990-08-12"
727,"albumName727",3708,"2005-03-10"
728,"albumName728",4196,"2005-07-21"
729,"albumName729",1300,"2017-07-02"
730,"albumName730",2366,"2051-07-16"
731,"albumName731",3519,"2054-10-02"
732,"albumName732",3341,"2025-07-06"
733,"albumName733",3132,"2005-08-09"
734,"albumName734",3404,"2061-05-10"
735,"albumName735",1373,"1990-12-25"
736,"albumName736",3486,"2003-03-16"
737,"albumName737",2922,"2062-10-11"
738,"albumName738",832,"1980-11-14"
739,"albumName739",2725,"1986-03-02"
740,"albumName740",2474,"2025-08-06"
741,"albumName741",2789,"1985-10-26"
742,"albumName742",4377,"2017-09-16"
743,"albumName743",1346,"2051-07-04"
744,"albumName744",3029,"1972-01-22"
745,"albumName745",386,"1976-11-18"
746,"albumName746",1679,"1980-03-03"
747,"albumName747",455,"2051-09-24"
748,"albumName748",3370,"1981-08-11"
749,"albumName749",4217,"1984-06-04"
750,"albumName750",3489,"1971-09-22"
751,"albumName751",2353,"1971-12-19"
752,"albumName752",4480,"2004-07-15"
753,"albumName753",4289,"1972-02-15"
754,"albumName754",1284,"1999-01-24"
755,"albumName755",2643,"2053-01-11"
756,"albumName756",324,"2007-12-09"
757,"albumName757",3290,"1983-05-02"
758,"albumName758",1207,"1974-08-27"
759,"albumName759",524,"1973-05-19"
760,"albumName760",184,"2054-03-23"
761,"albumName761",170,"2005-03-04"
762,"albumName762",3872,"2023-07-13"
763,"albumName763",853,"2021-07-07"
764,"albumName764",925,"2014-11-01"
765,"albumName765",2024,"2001-12-24"
766,"albumName766",838,"1986-10-18"
767,"albumName767",3852,"2054-01-24"
768,"albumName768",1775,"2015-12-27"
769,"albumName769",2382,"2053-03-27"
770,"albumName770",2786,"2066-02-01"
771,"albumName771",1889,"2022-02-14"
772,"albumName772",3327,"2052-11-25"
773,"albumName773",2670,"1979-02-02"
774,"albumName774",3366,"2005-01-21"
775,"albumName775",4488,"2011-04-05"
776,"albumName776",1377,"2052-06-26"
777,"albumName777",4356,"1991-11-24"
778,"albumName778",1015,"2064-03-19"
779,"albumName779",1448,"2060-12-14"
780,"albumName780",3339,"1989-12-27"
781,"albumName781",1661,"2063-06-06"
782,"albumName782",4315,"1983-03-21"
783,"albumName783",97,"2060-08-17"
784,"albumName784",2901,"1976-03-05"
785,"albumName785",4879,"1982-09-04"
786,"albumName786",1467,"2016-02-27"
787,"albumName787",3703,"1986-12-17"
788,"albumName788",4033,"2059-04-19"
789,"albumName789",2105,"1995-06-12"
790,"albumName790",3745,"2052-08-21"
791,"albumName791",3213,"1981-11-12"
792,"albumName792",2509,"2066-04-15"
793,"albumName793",2318,"2066-06-04"
794,"albumName794",3972,"2019-03-28"
795,"albumName795",1510,"2017-07-14"
796,"albumName796",2624,"1994-01-16"
797,"albumName797",3565,"1975-07-12"
798,"albumName798",1696,"1976-09-16"
799,"albumName799",2203,"2018-10-09"
800,"albumName800",2155,"1990-02-10"
801,"albumName801",2554,"1990-05-02"
802,"albumName802",2936,"1992-05-08"
803,"albumName803",3695,"1983-04-27"
804,"albumName804",2268,"1990-05-21"
805,"albumName805",915,"1987-04-28"
806,"albumName806",3213,"1997-03-16"
807,"albumName807",4874,"1974-05-12"
808,"albumName808",271,"2015-04-25"
809,"albumName809",172,"1984-05-26"
810,"albumName810",11,"1991-01-28"
811,"albumName811",3975,"1995-04-07"
812,"albumName812",1427,"2006-08-07"
813,"albumName813",1178,"1977-12-16"
814,"albumName814",3769,"1986-08-09"
815,"albumName815",3387,"2000-04-18"
816,"albumName816",821,"1988-08-07"
817,"albumName817",1163,"2010-03-28"
818,"albumName818",1937,"2006-05-13"
819,"albumName819",2835,"1996-09-27"
820,"albumName820",1764,"2051-09-27"
821,"albumName821",3994,"1987-08-20"
822,"albumName822",3594,"1971-09-02"
823,"albumName823",1197,"1999-03-10"
824,"albumName824",4734,"2009-06-11"
825,"albumName825",1791,"2007-02-12"
826,"albumName826",3484,"1989-04-12"
827,"albumName827",1447,"2007-10-27"
828,"albumName828",4575,"2064-10-26"
829,"albumName829",3461,"1993-09-15"
830,"albumName830",2464,"1982-02-21"
831,"albumName831",4653,"2054-09-14"
832,"albumName832",3064,"2057-10-25"
833,"albumName833",463,"2069-09-12"
834,"albumName834",954,"1977-08-09"
835,"albumName835",1325,"1998-04-27"
836,"albumName836",192,"1991-03-22"
837,"albumName837",3006,"2017-10-20"
838,"albumName838",1231,"2010-11-27"
839,"albumName839",1860,"2013-01-22"
840,"albumName840",2096,"2013-09-21"
841,"albumName841",3446,"1995-08-21"
842,"albumName842",4681,"1978-09-05"
843,"albumName843",157,"1981-11-28"
844,"albumName844",2590,"2014-10-25"
845,"albumName845",1756,"2024-05-27"
846,"albumName846",819,"1988-05-25"
847,"albumName847",704,"2012-11-21"
848,"albumName848",3723,"2053-12-09"
849,"albumName849",4024,"2009-11-28"
850,"albumName850",3092,"2059-08-11"
851,"albumName851",1393,"2001-06-10"
852,"albumName852",1702,"2056-01-20"
853,"albumName853",1569,"1973-06-26"
854,"albumName854",4881,"2060-11-27"
855,"albumName855",1003,"1995-04-15"
856,"albumName856",4476,"2003-11-20"
857,"albumName857",4052,"2013-11-20"
858,"albumName858",3477,"2052-05-20"
859,"albumName859",4203,"2014-03-23"
860,"albumName860",723,"1993-05-25"
861,"albumName861",4441,"2065-05-24"
862,"albumName862",2331,"1986-02-21"
863,"albumName863",2359,"2015-12-04"
864,"albumName864",901,"2052-04-16"
865,"albumName865",1122,"2024-01-10"
866,"albumName866",699,"1999-08-17"
867,"albumName867",258,"2019-09-02"
868,"albumName868",4227,"2006-04-28"
869,"albumName869",720,"2007-05-07"
870,"albumName870",769,"1991-07-02"
871,"albumName871",3582,"2010-08-21"
872,"albumName872",437,"2053-01-01"
873,"albumName873",2197,"1976-01-27"
874,"albumName874",478,"2057-05-15"
875,"albumName875",1766,"1981-11-02"
876,"albumName876",3913,"2012-09-03"
877,"albumName877",3117,"2016-09-25"
878,"albumName878",2414,"2069-07-19"
879,"albumName879",2742,"2059-03-19"
880,"albumName880",3309,"1971-04-25"
881,"albumName881",3805,"1986-04-26"
882,"albumName882",3619,"1971-07-09"
883,"albumName883",2401,"1987-03-17"
884,"albumName884",4724,"1997-03-14"
885,"albumName885",899,"1979-10-24"
886,"albumName886",2345,"2004-07-09"
887,"albumName887",463,"2024-08-03"
888,"albumName888",2223,"2051-10-27"
889,"albumName889",4826,"1986-09-20"
890,"albumName890",2610,"1989-12-12"
891,"albumName891",4175,"2010-02-27"
892,"albumName892",839,"1971-06-21"
893,"albumName893",3965,"1985-08-21"
894,"albumName894",2545,"1978-11-14"
895,"albumName895",3625,"2014-12-18"
896,"albumName896",3247,"2019-12-08"
897,"albumName897",2285,"1973-12-06"
898,"albumName898",3791,"1997-08-17"
899,"albumName899",2317,"2063-12-12"
900,"albumName900",4053,"2005-06-28"
901,"albumName901",2607,"1984-04-04"
902,"albumName902",599,"2053-05-01"
903,"albumName903",3211,"2000-02-27"
904,"albumName904",532,"2009-05-23"
905,"albumName905",1007,"1990-10-09"
906,"albumName906",3231,"2054-08-01"
907,"albumName907",2512,"2006-09-27"
908,"albumName908",1652,"1970-03-18"
909,"albumName909",3985,"2054-04-12"
910,"albumName910",3323,"2015-09-28"
911,"albumName911",706,"1987-06-23"
912,"albumName912",1122,"1977-03-22"
913,"albumName913",771,"2009-09-15"
914,"albumName914",3387,"2001-06-07"
915,"albumName915",939,"1975-03-02"
916,"albumName916",3517,"2057-07-22"
917,"albumName917",4319,"2068-04-09"
918,"albumName918",1665,"2059-11-16"
919,"albumName919",2030,"1971-11-08"
920,"albumName920",2678,"2021-09-22"
921,"albumName921",2043,"2063-01-27"
922,"albumName922",4248,"2053-04-21"
923,"albumName923",2195,"1986-09-02"
924,"albumName924",160,"1997-02-26"
925,"albumName925",3715,"2062-10-28"
926,"albumName926",3554,"1989-08-06"
927,"albumName927",4744,"2019-04-01"
928,"albumName928",4878,"2000-04-12"
929,"albumName929",2565,"2058-11-21"
930,"albumName930",4732,"2011-09-14"
931,"albumName931",947,"1999-06-21"
932,"albumName932",3764,"2002-09-18"
933,"albumName933",1602,"2019-05-11"
934,"albumName934",4379,"1976-02-06"
935,"albumName935",957,"1991-11-02"
936,"albumName936",312,"1983-01-08"
937,"albumName937",2569,"2069-04-25"
938,"albumName938",3840,"1981-07-23"
939,"albumName939",2517,"1990-05-28"
940,"albumName940",4452,"2024-09-19"
941,"albumName941",1342,"2020-08-05"
942,"albumName942",4542,"2017-12-25"
943,"albumName943",508,"1997-02-03"
944,"albumName944",2281,"2022-10-06"
945,"albumName945",559,"2055-01-06"
946,"albumName946",764,"1970-04-20"
947,"albumName947",152,"2052-03-28"
948,"albumName948",2545,"1978-12-28"
949,"albumName949",3416,"1973-08-12"
950,"albumName950",2800,"2065-12-27"
951,"albumName951",4689,"2011-05-01"
952,"albumName952",452,"2023-02-18"
953,"albumName953",2950,"2053-10-27"
954,"albumName954",785,"1985-06-12"
955,"albumName955",4060,"2020-10-21"
956,"albumName956",837,"1979-08-09"
957,"albumName957",2344,"2017-05-26"
958,"albumName958",2405,"2016-02-26"
959,"albumName959",3778,"2010-07-19"
960,"albumName960",1818,"1992-06-25"
961,"albumName961",3721,"2063-07-05"
962,"albumName962",702,"1987-11-25"
963,"albumName963",3701,"1991-10-24"
964,"albumName964",1444,"2014-02-08"
965,"albumName965",3069,"2005-08-12"
966,"albumName966",3552,"2024-04-28"
967,"albumName967",2449,"2007-02-17"
968,"albumName968",3937,"2019-03-12"
969,"albumName969",458,"2002-09-04"
970,"albumName970",3767,"1981-02-07"
971,"albumName971",2677,"2010-09-03"
972,"albumName972",1644,"2004-12-03"
973,"albumName973",4274,"1999-03-16"
974,"albumName974",3642,"2011-04-09"
975,"albumName975",519,"1987-11-15"
976,"albumName976",4907,"2023-02-03"
977,"albumName977",2678,"1972-03-20"
978,"albumName978",3491,"2022-12-11"
979,"albumName979",1472,"2015-07-02"
980,"albumName980",1483,"2013-12-27"
981,"albumName981",870,"1993-08-23"
982,"albumName982",986,"1978-07-23"
983,"albumName983",814,"1982-08-25"
984,"albumName984",2957,"2060-06-18"
985,"albumName985",3309,"1993-02-09"
986,"albumName986",4841,"1970-06-20"
987,"albumName987",274,"2013-02-18"
988,"albumName988",3307,"1999-02-25"
989,"albumName989",4675,"2069-10-22"
990,"albumName990",1950,"1993-05-08"
991,"albumName991",3795,"2058-03-13"
992,"albumName992",4068,"2006-02-11"
993,"albumName993",3684,"1983-01-09"
994,"albumName994",2586,"2068-12-15"
995,"albumName995",4693,"2011-04-13"
996,"albumName996",672,"1983-05-12"
997,"albumName997",1249,"2065-02-12"
998,"albumName998",166,"2013-10-02"
999,"albumName999",289,"1994-10-25"
1000,"albumName1000",1686,"1977-02-03"
1001,"albumName1001",1354,"2065-04-06"
1002,"albumName1002",1290,"2005-05-02"
1003,"albumName1003",622,"2005-02-13"
1004,"albumName1004",3194,"2007-07-13"
1005,"albumName1005",4529,"2053-11-06"
1006,"albumName1006",1822,"2017-05-20"
1007,"albumName1007",1410,"1974-07-23"
1008,"albumName1008",2530,"1989-05-06"
1009,"albumName1009",4300,"2066-03-26"
1010,"albumName1010",4532,"1993-07-01"
1011,"albumName1011",1386,"2018-11-22"
1012,"albumName1012",331,"1998-08-25"
1013,"albumName1013",3789,"2062-06-11"
1014,"albumName1014",4761,"1995-01-16"
1015,"albumName1015",3889,"2003-09-14"
1016,"albumName1016",2293,"1973-07-19"
1017,"albumName1017",887,"2012-11-22"
1018,"albumName1018",2637,"2069-10-16"
1019,"albumName1019",1228,"1986-02-28"
1020,"albumName1020",3911,"1977-09-23"
1021,"albumName1021",3288,"1987-09-22"
1022,"albumName1022",2430,"1992-11-12"
1023,"albumName1023",1430,"2058-01-22"
1024,"albumName1024",311,"2004-04-07"
1025,"albumName1025",2994,"2010-01-21"
1026,"albumName1026",4128,"2014-07-01"
1027,"albumName1027",1745,"2009-07-08"
1028,"albumName1028",1162,"1970-07-08"
1029,"albumName1029",2197,"2003-08-18"
1030,"albumName1030",1826,"2060-03-08"
1031,"albumName1031",1524,"2062-10-04"
1032,"albumName1032",1467,"1976-09-16"
1033,"albumName1033",2798,"2022-11-02"
1034,"albumName1034",1916,"2013-04-24"
1035,"albumName1035",4109,"1973-01-18"
1036,"albumName1036",3948,"1980-09-11"
1037,"albumName1037",2910,"2009-10-01"
1038,"albumName1038",3832,"2005-11-03"
1039,"albumName1039",2553,"1993-05-24"
1040,"albumName1040",2529,"2007-12-20"
1041,"albumName1041",340,"1977-07-28"
1042,"albumName1042",2072,"2002-10-24"
1043,"albumName1043",4303,"2069-04-17"
1044,"albumName1044",463,"2013-01-14"
1045,"albumName1045",1900,"2013-03-02"
1046,"albumName1046",1481,"2068-05-13"
1047,"albumName1047",3140,"2058-10-18"
1048,"albumName1048",1924,"2001-11-16"
1049,"albumName1049",24,"2021-05-26"
1050,"albumName1050",3030,"2068-11-11"
1051,"albumName1051",2728,"1993-09-03"
1052,"albumName1052",2305,"1987-03-10"
1053,"albumName1053",3054,"2017-03-25"
1054,"albumName1054",1449,"2062-03-22"
1055,"albumName1055",1319,"1993-10-05"
1056,"albumName1056",4349,"1992-07-11"
1057,"albumName1057",4077,"2015-08-02"
1058,"albumName1058",128,"2009-04-06"
1059,"albumName1059",386,"1973-09-16"
1060,"albumName1060",218,"2024-10-08"
1061,"albumName1061",1211,"2067-10-12"
1062,"albumName1062",2869,"2007-04-15"
1063,"albumName1063",598,"1985-09-20"
1064,"albumName1064",2563,"1970-04-26"
1065,"albumName1065",1904,"1974-01-16"
1066,"albumName1066",929,"2008-09-18"
1067,"albumName1067",1052,"2069-02-14"
1068,"albumName1068",595,"2059-03-01"
1069,"albumName1069",4467,"1996-03-17"
1070,"albumName1070",944,"2013-06-17"
1071,"albumName1071",2601,"1985-11-24"
1072,"albumName1072",2682,"2018-08-06"
1073,"albumName1073",2395,"1978-09-27"
1074,"albumName1074",1814,"2008-06-02"
1075,"albumName1075",1085,"2066-11-12"
1076,"albumName1076",1832,"2002-02-25"
1077,"albumName1077",1975,"1982-05-08"
1078,"albumName1078",292,"2059-08-01"
1079,"albumName1079",3553,"2017-12-26"
1080,"albumName1080",1336,"2022-08-28"
1081,"albumName1081",3668,"1970-03-06"
1082,"albumName1082",2520,"2021-01-10"
1083,"albumName1083",4685,"1980-10-08"
1084,"albumName1084",4751,"2002-08-12"
1085,"albumName1085",2311,"2009-03-26"
1086,"albumName1086",3415,"2009-03-11"
1087,"albumName1087",2657,"1993-02-14"
1088,"albumName1088",2138,"2015-10-23"
1089,"albumName1089",714,"2057-01-14"
1090,"albumName1090",1357,"1992-12-11"
1091,"albumName1091",3109,"1981-11-15"
1092,"albumName1092",189,"1998-11-12"
1093,"albumName1093",4894,"1992-02-20"
1094,"albumName1094",1090,"1986-04-03"
1095,"albumName1095",367,"2068-08-20"
1096,"albumName1096",3551,"1998-09-17"
1097,"albumName1097",1702,"1970-09-27"
1098,"albumName1098",64,"2015-03-26"
1099,"albumName1099",194,"2051-01-11"
1100,"albumName1100",3715,"2012-10-02"
1101,"albumName1101",2204,"2013-03-24"
1102,"albumName1102",481,"2013-11-16"
1103,"albumName1103",2340,"1971-10-26"
1104,"albumName1104",331,"1988-09-02"
1105,"albumName1105",746,"1991-09-01"
1106,"albumName1106",1322,"2068-02-09"
1107,"albumName1107",3744,"2051-04-05"
1108,"albumName1108",3920,"1970-06-15"
1109,"albumName1109",375,"2022-10-11"
1110,"albumName1110",4156,"1987-11-06"
1111,"albumName1111",2726,"1976-02-28"
1112,"albumName1112",3819,"2024-11-19"
1113,"albumName1113",4158,"1997-08-20"
1114,"albumName1114",3491,"2018-12-26"
1115,"albumName1115",4878,"1987-05-27"
1116,"albumName1116",4280,"2051-11-28"
1117,"albumName1117",390,"1995-09-11"
1118,"albumName1118",147,"2008-07-14"
1119,"albumName1119",1489,"1974-03-19"
1120,"albumName1120",315,"1988-02-16"
1121,"albumName1121",1247,"2068-01-21"
1122,"albumName1122",209,"1990-12-09"
1123,"albumName1123",3178,"2066-02-26"
1124,"albumName1124",1062,"2013-09-02"
1125,"albumName1125",3296,"2015-09-07"
1126,"albumName1126",941,"1976-01-04"
1127,"albumName1127",812,"1978-12-20"
1128,"albumName1128",3406,"2013-11-15"
1129,"albumName1129",995,"2006-08-14"
1130,"albumName1130",2607,"1998-04-11"
1131,"albumName1131",4230,"2064-10-06"
1132,"albumName1132",1119,"1982-04-21"
1133,"albumName1133",2166,"2069-11-15"
1134,"albumName1134",461,"2024-01-08"
1135,"albumName1135",1676,"2066-03-26"
1136,"albumName1136",2102,"1996-06-17"
1137,"albumName1137",4001,"1995-09-15"
1138,"albumName1138",880,"2023-07-21"
1139,"albumName1139",3810,"1979-02-16"
1140,"albumName1140",1151,"2022-03-28"
1141,"albumName1141",2838,"1974-12-08"
1142,"albumName1142",2196,"2053-12-28"
1143,"albumName1143",2802,"1990-11-01"
1144,"albumName1144",1006,"2018-09-15"
1145,"albumName1145",3385,"2016-08-21"
1146,"albumName1146",4844,"2057-12-25"
1147,"albumName1147",2564,"2024-09-01"
1148,"albumName1148",682,"2013-01-05"
1149,"albumName1149",1640,"2053-08-25"
1150,"albumName1150",610,"2057-06-06"
1151,"albumName1151",4312,"1988-03-12"
1152,"albumName1152",4812,"1993-06-20"
1153,"albumName1153",470,"1996-03-08"
1154,"albumName1154",2487,"1999-06-28"
1155,"albumName1155",4435,"2060-09-01"
1156,"albumName1156",1399,"2068-05-18"
1157,"albumName1157",1757,"1972-09-18"
1158,"albumName1158",236,"2019-10-27"
1159,"albumName1159",4063,"2000-05-25"
1160,"albumName1160",1506,"2061-03-10"
1161,"albumName1161",3211,"1998-02-15"
1162,"albumName1162",2684,"1994-01-09"
1163,"albumName1163",220,"1986-11-04"
1164,"albumName1164",3461,"1995-10-08"
1165,"albumName1165",3672,"2062-08-20"
1166,"albumName1166",4400,"2068-04-06"
1167,"albumName1167",2179,"2065-07-08"
1168,"albumName1168",1225,"1980-11-21"
1169,"albumName1169",2268,"2007-06-02"
1170,"albumName1170",4750,"2020-08-10"
1171,"albumName1171",3662,"2000-05-04"
1172,"albumName1172",3812,"2017-03-16"
1173,"albumName1173",4178,"2001-06-09"
1174,"albumName1174",1235,"1978-02-20"
1175,"albumName1175",2493,"2060-04-20"
1176,"albumName1176",1166,"2022-02-03"
1177,"albumName1177",3403,"1974-11-08"
1178,"albumName1178",553,"2002-01-08"
1179,"albumName1179",336,"1976-05-10"
1180,"albumName1180",3355,"2052-04-08"
1181,"albumName1181",4386,"2014-06-08"
1182,"albumName1182",538,"2000-01-18"
1183,"albumName1183",1584,"2000-04-08"
1184,"albumName1184",2155,"2057-05-06"
1185,"albumName1185",2603,"2057-11-28"
1186,"albumName1186",1423,"2060-05-27"
1187,"albumName1187",4436,"1985-02-13"
1188,"albumName1188",2763,"1975-03-23"
1189,"albumName1189",1348,"2009-08-23"
1190,"albumName1190",4554,"1974-12-11"
1191,"albumName1191",192,"2067-03-06"
1192,"albumName1192",947,"2003-09-23"
1193,"albumName1193",4765,"2004-08-22"
1194,"albumName1194",215,"1986-06-17"
1195,"albumName1195",4510,"2059-12-06"
1196,"albumName1196",4879,"1990-09-11"
1197,"albumName1197",2436,"2011-04-18"
1198,"albumName1198",3846,"2061-11-19"
1199,"albumName1199",3948,"1986-01-15"
1200,"albumName1200",2634,"2015-10-25"
1201,"albumName1201",1823,"1993-10-14"
1202,"albumName1202",4222,"2065-01-14"
1203,"albumName1203",4549,"1974-08-03"
1204,"albumName1204",2170,"1999-07-19"
1205,"albumName1205",736,"2024-04-01"
1206,"albumName1206",2051,"2024-12-09"
1207,"albumName1207",1657,"1995-08-23"
1208,"albumName1208",319,"2009-06-01"
1209,"albumName1209",721,"2012-06-11"
1210,"albumName1210",3376,"2013-12-04"
1211,"albumName1211",4740,"1984-11-19"
1212,"albumName1212",2336,"1988-09-21"
1213,"albumName1213",3112,"1972-03-01"
1214,"albumName1214",4467,"2000-02-09"
1215,"albumName1215",4766,"2016-07-27"
1216,"albumName1216",3435,"2025-12-17"
1217,"albumName1217",739,"2006-03-25"
1218,"albumName1218",3026,"2003-11-26"
1219,"albumName1219",1952,"2002-03-23"
1220,"albumName1220",724,"1989-06-08"
1221,"albumName1221",4439,"1993-01-25"
1222,"albumName1222",2028,"2006-01-05"
1223,"albumName1223",1273,"2051-03-15"
1224,"albumName1224",690,"1986-02-27"
1225,"albumName1225",4305,"2011-06-06"
1226,"albumName1226",1121,"1993-01-14"
1227,"albumName1227",2227,"2066-11-08"
1228,"albumName1228",3029,"2008-01-03"
1229,"albumName1229",3660,"2007-04-08"
1230,"albumName1230",737,"2000-01-09"
1231,"albumName1231",989,"2022-09-11"
1232,"albumName1232",450,"2012-07-28"
1233,"albumName1233",499,"2007-05-01"
1234,"albumName1234",2622,"2008-06-17"
1235,"albumName1235",2370,"2059-09-01"
1236,"albumName1236",982,"2011-11-07"
1237,"albumName1237",3184,"2010-06-01"
1238,"albumName1238",2271,"2013-02-06"
1239,"albumName1239",1243,"2020-07-13"
1240,"albumName1240",1934,"1989-09-06"
1241,"albumName1241",1588,"2055-01-07"
1242,"albumName1242",3693,"2051-06-27"
1243,"albumName1243",1735,"2054-05-20"
1244,"albumName1244",750,"1995-09-20"
1245,"albumName1245",1639,"1994-10-10"
1246,"albumName1246",777,"1999-04-28"
1247,"albumName1247",1408,"1982-11-08"
1248,"albumName1248",760,"2052-05-20"
1249,"albumName1249",1623,"1974-09-21"
1250,"albumName1250",3361,"2004-03-12"
1251,"albumName1251",3507,"1994-08-28"
1252,"albumName1252",4463,"1985-07-11"
1253,"albumName1253",1320,"2016-08-16"
1254,"albumName1254",647,"1997-12-10"
1255,"albumName1255",1618,"2052-01-01"
1256,"albumName1256",66,"1990-01-06"
1257,"albumName1257",1500,"1992-01-04"
1258,"albumName1258",601,"1978-05-10"
1259,"albumName1259",2745,"2024-07-19"
1260,"albumName1260",1973,"2015-01-22"
1261,"albumName1261",4677,"1996-09-27"
1262,"albumName1262",120,"1970-03-07"
1263,"albumName1263",3912,"2001-08-06"
1264,"albumName1264",4510,"2063-03-17"
1265,"albumName1265",1134,"1986-06-05"
1266,"albumName1266",3578,"1991-07-19"
1267,"albumName1267",4824,"2058-10-21"
1268,"albumName1268",2291,"2012-12-23"
1269,"albumName1269",434,"1999-06-16"
1270,"albumName1270",1821,"1998-04-19"
1271,"albumName1271",1068,"1985-05-12"
1272,"albumName1272",800,"2059-07-04"
1273,"albumName1273",4828,"2053-08-09"
1274,"albumName1274",2812,"2066-01-20"
1275,"albumName1275",2327,"1978-01-25"
1276,"albumName1276",1527,"1994-10-25"
1277,"albumName1277",144,"2001-06-05"
1278,"albumName1278",97,"2017-08-22"
1279,"albumName1279",974,"1974-05-25"
1280,"albumName1280",65,"1973-01-20"
1281,"albumName1281",1607,"2004-12-16"
1282,"albumName1282",1985,"2054-04-01"
1283,"albumName1283",2584,"2010-05-13"
1284,"albumName1284",1582,"2061-03-20"
1285,"albumName1285",4041,"2060-04-11"
1286,"albumName1286",3698,"2016-06-26"
1287,"albumName1287",2991,"1988-09-01"
1288,"albumName1288",1568,"1983-09-13"
1289,"albumName1289",3932,"2051-02-10"
1290,"albumName1290",3094,"1977-12-07"
1291,"albumName1291",3529,"2002-08-01"
1292,"albumName1292",4804,"2014-11-12"
1293,"albumName1293",1581,"2055-10-05"
1294,"albumName1294",3949,"1997-06-04"
1295,"albumName1295",3119,"2015-03-02"
1296,"albumName1296",1512,"2056-06-17"
1297,"albumName1297",453,"1991-11-28"
1298,"albumName1298",1285,"1996-08-21"
1299,"albumName1299",3066,"1981-09-11"
1300,"albumName1300",1526,"1973-05-14"
1301,"albumName1301",445,"2000-02-02"
1302,"albumName1302",4612,"1985-01-17"
1303,"albumName1303",3981,"1978-11-13"
1304,"albumName1304",941,"2001-10-04"
1305,"albumName1305",156,"2016-09-24"
1306,"albumName1306",1253,"2067-05-11"
1307,"albumName1307",4341,"2023-04-27"
1308,"albumName1308",934,"1979-05-23"
1309,"albumName1309",375,"2055-10-18"
1310,"albumName1310",4637,"2004-01-09"
1311,"albumName1311",3229,"2010-10-11"
1312,"albumName1312",4696,"2000-04-23"
1313,"albumName1313",519,"2053-05-08"
1314,"albumName1314",3790,"2064-12-11"
1315,"albumName1315",2816,"2008-09-02"
1316,"albumName1316",4574,"2053-11-23"
1317,"albumName1317",3239,"2022-11-25"
1318,"albumName1318",1563,"2058-02-18"
1319,"albumName1319",397,"1986-07-06"
1320,"albumName1320",2187,"2057-07-17"
1321,"albumName1321",4326,"2006-05-11"
1322,"albumName1322",3019,"2059-05-02"
1323,"albumName1323",2612,"2066-12-21"
1324,"albumName1324",4717,"2001-05-07"
1325,"albumName1325",662,"2021-09-19"
1326,"albumName1326",736,"2010-03-13"
1327,"albumName1327",879,"2016-08-14"
1328,"albumName1328",4061,"1985-11-03"
1329,"albumName1329",3494,"1985-01-14"
1330,"albumName1330",2297,"1978-06-14"
1331,"albumName1331",4827,"2008-03-02"
1332,"albumName1332",4700,"1975-06-20"
1333,"albumName1333",574,"1997-02-13"
1334,"albumName1334",1482,"2056-02-22"
1335,"albumName1335",359,"2020-02-06"
1336,"albumName1336",4582,"2014-09-25"
1337,"albumName1337",832,"2014-07-08"
1338,"albumName1338",4725,"1971-01-06"
1339,"albumName1339",1816,"2067-06-05"
1340,"albumName1340",3872,"2067-05-18"
1341,"albumName1341",2727,"1983-10-03"
1342,"albumName1342",3547,"2020-12-12"
1343,"albumName1343",1750,"2022-07-01"
1344,"albumName1344",2822,"1986-09-18"
1345,"albumName1345",4552,"1976-12-03"
1346,"albumName1346",3973,"2015-04-27"
1347,"albumName1347",1914,"2012-08-17"
1348,"albumName1348",3716,"2051-10-10"
1349,"albumName1349",2373,"2007-09-13"
1350,"albumName1350",4806,"2004-09-13"
1351,"albumName1351",2873,"2053-04-24"
1352,"albumName1352",2827,"2003-07-01"
1353,"albumName1353",44,"1991-01-08"
1354,"albumName1354",2065,"1999-12-08"
1355,"albumName1355",4676,"1986-05-16"
1356,"albumName1356",2677,"2056-04-04"
1357,"albumName1357",2116,"2018-10-19"
1358,"albumName1358",1571,"1983-08-04"
1359,"albumName1359",3917,"2014-10-14"
1360,"albumName1360",3977,"1981-09-12"
1361,"albumName1361",1465,"2054-11-24"
1362,"albumName1362",3192,"2021-07-11"
1363,"albumName1363",266,"1991-06-23"
1364,"albumName1364",2384,"2011-04-24"
1365,"albumName1365",2985,"2062-06-17"
1366,"albumName1366",264,"2008-01-19"
1367,"albumName1367",3238,"1986-07-22"
1368,"albumName1368",360,"2054-12-22"
1369,"albumName1369",2629,"1971-05-17"
1370,"albumName1370",1829,"2012-04-14"
1371,"albumName1371",750,"2066-01-28"
1372,"albumName1372",3979,"1988-01-08"
1373,"albumName1373",3710,"2009-06-23"
1374,"albumName1374",1369,"1994-03-11"
1375,"albumName1375",4406,"2061-10-28"
1376,"albumName1376",3428,"2014-01-24"
1377,"albumName1377",1388,"2064-03-10"
1378,"albumName1378",2259,"1987-04-12"
1379,"albumName1379",3476,"2061-04-10"
1380,"albumName1380",4410,"1987-09-14"
1381,"albumName1381",1274,"2060-10-10"
1382,"albumName1382",1105,"2017-09-06"
1383,"albumName1383",1317,"1987-12-27"
1384,"albumName1384",3481,"2007-12-04"
1385,"albumName1385",2246,"1998-03-22"
1386,"albumName1386",3909,"1974-10-13"
1387,"albumName1387",1504,"2015-12-27"
1388,"albumName1388",3177,"2058-01-10"
1389,"albumName1389",931,"2009-07-22"
1390,"albumName1390",2433,"2019-07-03"
1391,"albumName1391",4090,"2023-04-09"
1392,"albumName1392",912,"1991-03-03"
1393,"albumName1393",2298,"1986-04-15"
1394,"albumName1394",2549,"1995-01-01"
1395,"albumName1395",3656,"1989-07-10"
1396,"albumName1396",4170,"2001-07-13"
1397,"albumName1397",3178,"2005-09-08"
1398,"albumName1398",3707,"2063-12-08"
1399,"albumName1399",1965,"1985-06-26"
1400,"albumName1400",490,"2001-08-24"
1401,"albumName1401",1665,"2015-09-28"
1402,"albumName1402",2485,"1996-05-15"
1403,"albumName1403",4784,"1974-04-23"
1404,"albumName1404",2124,"1984-12-23"
1405,"albumName1405",1683,"2067-03-18"
1406,"albumName1406",951,"2065-02-06"
1407,"albumName1407",2912,"1988-02-18"
1408,"albumName1408",4397,"2062-03-10"
1409,"albumName1409",713,"1975-01-03"
1410,"albumName1410",3281,"2058-12-11"
1411,"albumName1411",3163,"2008-03-08"
1412,"albumName1412",2388,"2025-11-18"
1413,"albumName1413",1845,"1993-10-13"
1414,"albumName1414",1021,"2018-11-14"
1415,"albumName1415",4769,"2010-10-24"
1416,"albumName1416",286,"1970-06-22"
1417,"albumName1417",2782,"1996-06-24"
1418,"albumName1418",1737,"1993-11-01"
1419,"albumName1419",1224,"2069-07-22"
1420,"albumName1420",2568,"1980-01-08"
1421,"albumName1421",4071,"1970-10-21"
1422,"albumName1422",4009,"1991-05-17"
1423,"albumName1423",2094,"2057-03-06"
1424,"albumName1424",3222,"2004-04-24"
1425,"albumName1425",4744,"1978-06-02"
1426,"albumName1426",3152,"2004-10-06"
1427,"albumName1427",947,"2064-10-20"
1428,"albumName1428",4597,"2013-03-25"
1429,"albumName1429",4814,"2001-09-10"
1430,"albumName1430",4906,"2017-05-03"
1431,"albumName1431",1678,"2054-01-19"
1432,"albumName1432",1811,"2060-10-12"
1433,"albumName1433",3586,"2012-12-14"
1434,"albumName1434",937,"2057-07-24"
1435,"albumName1435",2034,"2025-06-21"
1436,"albumName1436",2629,"2002-08-24"
1437,"albumName1437",2190,"2018-08-16"
1438,"albumName1438",4894,"2016-02-17"
1439,"albumName1439",3045,"2059-09-26"
1440,"albumName1440",896,"2025-08-01"
1441,"albumName1441",3783,"1988-04-03"
1442,"albumName1442",3865,"1985-07-07"
1443,"albumName1443",1404,"2053-11-08"
1444,"albumName1444",1290,"2013-07-27"
1445,"albumName1445",797,"2012-02-01"
1446,"albumName1446",3314,"2015-07-02"
1447,"albumName1447",4711,"1989-08-11"
1448,"albumName1448",3929,"2025-12-02"
1449,"albumName1449",3251,"1981-05-21"
1450,"albumName1450",272,"2052-02-17"
1451,"albumName1451",4341,"2004-10-07"
1452,"albumName1452",4452,"2057-02-20"
1453,"albumName1453",2856,"2068-03-21"
1454,"albumName1454",4151,"2024-05-10"
1455,"albumName1455",1269,"1993-07-25"
1456,"albumName1456",2571,"2001-03-20"
1457,"albumName1457",1218,"2053-09-04"
1458,"albumName1458",455,"2010-07-12"
1459,"albumName1459",466,"1981-04-03"
1460,"albumName1460",3652,"1997-06-14"
1461,"albumName1461",2676,"2000-09-23"
1462,"albumName1462",3899,"2056-01-14"
1463,"albumName1463",997,"2008-03-22"
1464,"albumName1464",1899,"1990-08-25"
1465,"albumName1465",1635,"2052-01-05"
1466,"albumName1466",344,"1994-12-01"
1467,"albumName1467",4196,"1983-07-08"
1468,"albumName1468",4013,"2061-03-27"
1469,"albumName1469",621,"2021-12-24"
1470,"albumName1470",4219,"1972-06-26"
1471,"albumName1471",2050,"1976-10-19"
1472,"albumName1472",4490,"1985-08-19"
1473,"albumName1473",3509,"1970-10-12"
1474,"albumName1474",3325,"1979-09-17"
1475,"albumName1475",3540,"1991-01-24"
1476,"albumName1476",4583,"2025-03-02"
1477,"albumName1477",3821,"2020-03-09"
1478,"albumName1478",3925,"1995-01-28"
1479,"albumName1479",1749,"2012-03-24"
1480,"albumName1480",2425,"2053-02-09"
1481,"albumName1481",3718,"2054-10-09"
1482,"albumName1482",1406,"2012-02-15"
1483,"albumName1483",4055,"1986-08-20"
1484,"albumName1484",1149,"2063-09-27"
1485,"albumName1485",4554,"1997-02-20"
1486,"albumName1486",4002,"2052-04-05"
1487,"albumName1487",3485,"1986-08-07"
1488,"albumName1488",2669,"2052-12-22"
1489,"albumName1489",785,"2001-08-26"
1490,"albumName1490",3020,"2000-09-21"
1491,"albumName1491",525,"2058-03-20"
1492,"albumName1492",2439,"2014-07-22"
1493,"albumName1493",2938,"1970-01-23"
1494,"albumName1494",3778,"1975-03-10"
1495,"albumName1495",3968,"2015-10-08"
1496,"albumName1496",2011,"2058-04-06"
1497,"albumName1497",2585,"1977-02-08"
1498,"albumName1498",3731,"1990-09-04"
1499,"albumName1499",1972,"1987-05-06"
1500,"albumName1500",1124,"1996-09-16"
1501,"albumName1501",407,"2020-07-10"
1502,"albumName1502",278,"1979-08-14"
1503,"albumName1503",3312,"1976-07-12"
1504,"albumName1504",3134,"2058-12-28"
1505,"albumName1505",868,"2020-06-17"
1506,"albumName1506",4856,"2059-04-01"
1507,"albumName1507",1645,"2024-09-25"
1508,"albumName1508",4145,"2063-10-20"
1509,"albumName1509",1495,"1971-12-15"
1510,"albumName1510",3395,"1985-08-01"
1511,"albumName1511",2826,"1986-09-15"
1512,"albumName1512",1710,"1979-12-08"
1513,"albumName1513",1478,"2066-11-04"
1514,"albumName1514",4572,"2067-04-13"
1515,"albumName1515",893,"1996-11-22"
1516,"albumName1516",2191,"1984-10-28"
1517,"albumName1517",4575,"2017-04-05"
1518,"albumName1518",899,"2000-12-27"
1519,"albumName1519",236,"2061-04-07"
1520,"albumName1520",1165,"2014-11-08"
1521,"albumName1521",1537,"2002-04-21"
1522,"albumName1522",522,"2013-07-06"
1523,"albumName1523",4264,"1990-08-16"
1524,"albumName1524",2129,"2001-01-07"
1525,"albumName1525",4115,"2007-08-10"
1526,"albumName1526",829,"2055-11-20"
1527,"albumName1527",4118,"2021-02-06"
1528,"albumName1528",1915,"1984-06-13"
1529,"albumName1529",4641,"1994-06-08"
1530,"albumName1530",3407,"2008-07-28"
1531,"albumName1531",4360,"2062-08-27"
1532,"albumName1532",801,"2001-03-19"
1533,"albumName1533",4605,"1975-09-20"
1534,"albumName1534",2211,"2022-02-12"
1535,"albumName1535",1600,"1999-11-09"
1536,"albumName1536",1175,"2006-09-12"
1537,"albumName1537",1874,"2056-08-18"
1538,"albumName1538",4145,"2018-01-17"
1539,"albumName1539",2320,"2015-06-08"
1540,"albumName1540",2816,"2024-07-04"
1541,"albumName1541",599,"1977-01-17"
1542,"albumName1542",1634,"1988-09-08"
1543,"albumName1543",1565,"2002-09-10"
1544,"albumName1544",695,"2023-03-28"
1545,"albumName1545",754,"1997-01-19"
1546,"albumName1546",2475,"2051-11-16"
1547,"albumName1547",3162,"2056-06-08"
1548,"albumName1548",4405,"2008-05-19"
1549,"albumName1549",3566,"2059-12-19"
1550,"albumName1550",2342,"1991-11-19"
1551,"albumName1551",4087,"1987-11-25"
1552,"albumName1552",3279,"2009-07-11"
1553,"albumName1553",3815,"1985-11-05"
1554,"albumName1554",2006,"2025-12-19"
1555,"albumName1555",3753,"1991-06-22"
1556,"albumName1556",446,"1978-09-13"
1557,"albumName1557",4703,"1976-12-19"
1558,"albumName1558",1168,"2054-12-28"
1559,"albumName1559",4888,"1976-05-03"
1560,"albumName1560",985,"1983-05-09"
1561,"albumName1561",1696,"1988-04-19"
1562,"albumName1562",1538,"1982-10-12"
1563,"albumName1563",1991,"2057-12-20"
1564,"albumName1564",1811,"2064-04-11"
1565,"albumName1565",3153,"2055-05-03"
1566,"albumName1566",1714,"1998-12-26"
1567,"albumName1567",213,"2063-07-10"
1568,"albumName1568",4216,"2006-09-13"
1569,"albumName1569",3961,"1994-06-14"
1570,"albumName1570",1515,"1984-05-24"
1571,"albumName1571",2088,"1974-07-06"
1572,"albumName1572",3943,"2054-06-15"
1573,"albumName1573",1349,"2063-04-15"
1574,"albumName1574",359,"1995-11-03"
1575,"albumName1575",4799,"2001-06-22"
1576,"albumName1576",4242,"1996-06-24"
1577,"albumName1577",1861,"2017-10-21"
1578,"albumName1578",3665,"1988-12-15"
1579,"albumName1579",4528,"2004-10-09"
1580,"albumName1580",4331,"2054-06-06"
1581,"albumName1581",2430,"2010-12-03"
1582,"albumName1582",2486,"2005-09-07"
1583,"albumName1583",3730,"2017-01-11"
1584,"albumName1584",124,"2010-08-16"
1585,"albumName1585",4046,"2011-07-20"
1586,"albumName1586",4311,"2056-04-17"
1587,"albumName1587",608,"2006-07-03"
1588,"albumName1588",3449,"2055-09-17"
1589,"albumName1589",2763,"1992-04-03"
1590,"albumName1590",394,"1973-09-22"
1591,"albumName1591",1037,"1991-01-19"
1592,"albumName1592",2231,"1993-07-21"
1593,"albumName1593",4510,"1994-12-14"
1594,"albumName1594",742,"2064-05-22"
1595,"albumName1595",2203,"1994-01-01"
1596,"albumName1596",2267,"1982-11-16"
1597,"albumName1597",4848,"2023-02-01"
1598,"albumName1598",537,"2018-01-17"
1599,"albumName1599",1674,"2002-05-11"
1600,"albumName1600",3338,"2068-11-11"
1601,"albumName1601",2443,"2009-01-07"
1602,"albumName1602",67,"2000-01-13"
1603,"albumName1603",2167,"2056-06-27"
1604,"albumName1604",438,"2018-07-01"
1605,"albumName1605",4595,"1983-04-16"
1606,"albumName1606",1743,"1977-11-13"
1607,"albumName1607",4871,"2005-01-21"
1608,"albumName1608",956,"2064-10-04"
1609,"albumName1609",4642,"1986-01-12"
1610,"albumName1610",2383,"2004-01-08"
1611,"albumName1611",557,"2059-07-05"
1612,"albumName1612",3781,"2005-05-03"
1613,"albumName1613",4139,"2005-10-15"
1614,"albumName1614",2001,"2068-12-22"
1615,"albumName1615",3778,"1975-04-04"
1616,"albumName1616",3091,"1994-08-05"
1617,"albumName1617",3019,"1983-10-21"
1618,"albumName1618",2221,"1994-03-24"
1619,"albumName1619",455,"1985-10-26"
1620,"albumName1620",3297,"1985-07-28"
1621,"albumName1621",1462,"2067-04-12"
1622,"albumName1622",4126,"2020-03-13"
1623,"albumName1623",1428,"2015-04-19"
1624,"albumName1624",2408,"2025-04-14"
1625,"albumName1625",3687,"2060-08-03"
1626,"albumName1626",1037,"2063-09-24"
1627,"albumName1627",2100,"1982-08-21"
1628,"albumName1628",3736,"2058-05-28"
1629,"albumName1629",280,"2057-05-25"
1630,"albumName1630",2706,"2013-04-22"
1631,"albumName1631",2712,"2019-11-09"
1632,"albumName1632",2898,"1994-03-20"
1633,"albumName1633",2400,"1999-05-14"
1634,"albumName1634",2602,"2004-07-26"
1635,"albumName1635",1376,"1974-09-25"
1636,"albumName1636",1780,"1990-03-09"
1637,"albumName1637",1676,"1986-09-22"
1638,"albumName1638",2749,"2019-08-05"
1639,"albumName1639",2361,"2059-11-08"
1640,"albumName1640",1935,"2006-09-14"
1641,"albumName1641",1850,"2002-12-23"
1642,"albumName1642",1634,"2006-04-14"
1643,"albumName1643",3099,"1999-10-05"
1644,"albumName1644",1,"2060-02-06"
1645,"albumName1645",1143,"2068-05-19"
1646,"albumName1646",2790,"1986-12-17"
1647,"albumName1647",767,"2004-09-02"
1648,"albumName1648",2225,"2015-05-09"
1649,"albumName1649",3229,"1977-11-28"
1650,"albumName1650",4146,"2053-10-27"
1651,"albumName1651",2278,"1993-11-24"
1652,"albumName1652",2702,"2006-01-05"
1653,"albumName1653",4903,"2056-10-11"
1654,"albumName1654",4238,"2013-02-13"
1655,"albumName1655",2391,"2005-11-18"
1656,"albumName1656",1383,"1976-03-05"
1657,"albumName1657",4203,"2019-12-24"
1658,"albumName1658",4652,"2054-11-08"
1659,"albumName1659",2306,"2010-08-23"
1660,"albumName1660",3326,"2009-12-23"
1661,"albumName1661",112,"1994-06-06"
1662,"albumName1662",1257,"2011-02-19"
1663,"albumName1663",2885,"1975-04-04"
1664,"albumName1664",2117,"2053-07-19"
1665,"albumName1665",3787,"2051-07-02"
1666,"albumName1666",3705,"1984-09-07"
1667,"albumName1667",3442,"2004-10-18"
1668,"albumName1668",3317,"2014-05-09"
1669,"albumName1669",4281,"2023-12-18"
1670,"albumName1670",1110,"1995-08-21"
1671,"albumName1671",3309,"2011-12-10"
1672,"albumName1672",4778,"2056-07-11"
1673,"albumName1673",4584,"1971-12-21"
1674,"albumName1674",4391,"1996-06-23"
1675,"albumName1675",1348,"2056-12-08"
1676,"albumName1676",2498,"1987-06-09"
1677,"albumName1677",1697,"1974-12-27"
1678,"albumName1678",964,"2014-04-10"
1679,"albumName1679",2170,"2055-01-27"
1680,"albumName1680",3903,"2010-03-10"
1681,"albumName1681",369,"2060-08-24"
1682,"albumName1682",4149,"1994-04-05"
1683,"albumName1683",3786,"2003-10-13"
1684,"albumName1684",654,"2067-10-10"
1685,"albumName1685",3141,"1985-12-08"
1686,"albumName1686",2972,"2064-06-01"
1687,"albumName1687",986,"2024-02-10"
1688,"albumName1688",2584,"1997-05-14"
1689,"albumName1689",2183,"2068-02-09"
1690,"albumName1690",1789,"1982-11-25"
1691,"albumName1691",1692,"2020-09-10"
1692,"albumName1692",909,"1995-09-09"
1693,"albumName1693",3222,"1997-11-26"
1694,"albumName1694",2991,"2012-05-20"
1695,"albumName1695",4330,"2023-08-08"
1696,"albumName1696",2983,"1970-05-06"
1697,"albumName1697",4678,"1999-09-27"
1698,"albumName1698",3040,"1990-09-07"
1699,"albumName1699",2436,"2023-09-07"
1700,"albumName1700",927,"2007-10-18"
1701,"albumName1701",899,"2059-04-09"
1702,"albumName1702",1678,"2002-09-14"
1703,"albumName1703",3685,"1970-02-07"
1704,"albumName1704",756,"2061-11-28"
1705,"albumName1705",2963,"1976-03-18"
1706,"albumName1706",3528,"2007-10-16"
1707,"albumName1707",4895,"2060-01-18"
1708,"albumName1708",1875,"1976-09-13"
1709,"albumName1709",503,"1974-05-26"
1710,"albumName1710",3020,"2059-07-07"
1711,"albumName1711",2166,"1980-07-22"
1712,"albumName1712",4579,"2067-12-21"
1713,"albumName1713",2516,"1988-03-24"
1714,"albumName1714",1582,"1973-05-21"
1715,"albumName1715",171,"2054-12-11"
1716,"albumName1716",3828,"1980-09-22"
1717,"albumName1717",664,"2068-05-11"
1718,"albumName1718",3033,"2022-01-18"
1719,"albumName1719",4266,"2062-07-11"
1720,"albumName1720",31,"2013-03-04"
1721,"albumName1721",1619,"1994-08-18"
1722,"albumName1722",2393,"1997-11-11"
1723,"albumName1723",1942,"2011-05-02"
1724,"albumName1724",805,"2060-05-07"
1725,"albumName1725",3401,"1984-07-04"
1726,"albumName1726",3876,"2012-10-06"
1727,"albumName1727",2281,"1977-08-26"
1728,"albumName1728",4457,"2069-05-12"
1729,"albumName1729",3604,"1989-12-09"
1730,"albumName1730",706,"2059-06-24"
1731,"albumName1731",1184,"2059-05-26"
1732,"albumName1732",4502,"1990-08-19"
1733,"albumName1733",4367,"2016-11-06"
1734,"albumName1734",2563,"2012-05-23"
1735,"albumName1735",805,"1983-07-11"
1736,"albumName1736",1084,"2065-08-10"
1737,"albumName1737",4159,"2011-05-27"
1738,"albumName1738",3460,"1970-02-12"
1739,"albumName1739",3338,"2015-04-21"
1740,"albumName1740",1508,"2053-04-09"
1741,"albumName1741",357,"2051-11-27"
1742,"albumName1742",2259,"1990-03-18"
1743,"albumName1743",3545,"2066-02-17"
1744,"albumName1744",2368,"2020-02-09"
1745,"albumName1745",3055,"2015-06-28"
1746,"albumName1746",228,"2024-11-16"
1747,"albumName1747",4406,"1971-03-03"
1748,"albumName1748",4478,"2007-09-01"
1749,"albumName1749",4030,"1987-08-08"
1750,"albumName1750",1333,"2060-04-23"
1751,"albumName1751",843,"1993-02-11"
1752,"albumName1752",4613,"1997-09-05"
1753,"albumName1753",3350,"1993-04-02"
1754,"albumName1754",273,"2057-12-18"
1755,"albumName1755",4434,"2004-10-22"
1756,"albumName1756",2258,"1983-03-18"
1757,"albumName1757",1411,"1980-02-07"
1758,"albumName1758",2649,"2001-04-07"
1759,"albumName1759",1683,"1992-11-25"
1760,"albumName1760",3194,"2068-01-22"
1761,"albumName1761",3305,"1998-08-08"
1762,"albumName1762",233,"1992-04-12"
1763,"albumName1763",4586,"2010-03-15"
1764,"albumName1764",2260,"1982-01-09"
1765,"albumName1765",1403,"1972-11-12"
1766,"albumName1766",3292,"1987-12-21"
1767,"albumName1767",1922,"2011-06-11"
1768,"albumName1768",3249,"2000-12-20"
1769,"albumName1769",208,"1974-07-01"
1770,"albumName1770",2768,"1983-01-10"
1771,"albumName1771",437,"1999-07-03"
1772,"albumName1772",3815,"1972-06-22"
1773,"albumName1773",2120,"1972-07-05"
1774,"albumName1774",4159,"2009-09-07"
1775,"albumName1775",4416,"1992-02-11"
1776,"albumName1776",2995,"2012-08-27"
1777,"albumName1777",773,"1971-04-24"
1778,"albumName1778",4098,"2025-06-11"
1779,"albumName1779",1693,"1997-07-04"
1780,"albumName1780",3249,"1989-04-10"
1781,"albumName1781",4119,"1996-04-08"
1782,"albumName1782",4024,"2064-07-06"
1783,"albumName1783",1807,"2006-02-13"
1784,"albumName1784",2749,"1994-02-04"
1785,"albumName1785",2500,"2054-07-03"
1786,"albumName1786",1432,"1981-11-15"
1787,"albumName1787",1562,"2021-06-16"
1788,"albumName1788",610,"2058-06-10"
1789,"albumName1789",3373,"2016-12-12"
1790,"albumName1790",1936,"2061-11-04"
1791,"albumName1791",3946,"1977-09-09"
1792,"albumName1792",189,"1986-01-03"
1793,"albumName1793",468,"2052-08-07"
1794,"albumName1794",626,"2005-06-05"
1795,"albumName1795",779,"1974-03-23"
1796,"albumName1796",235,"2054-11-14"
1797,"albumName1797",1871,"2060-01-20"
1798,"albumName1798",4314,"1985-03-02"
1799,"albumName1799",4125,"1996-06-21"
1800,"albumName1800",2643,"1975-05-27"
1801,"albumName1801",648,"2009-06-27"
1802,"albumName1802",3458,"2063-11-07"
1803,"albumName1803",2441,"2055-03-13"
1804,"albumName1804",2747,"2067-07-23"
1805,"albumName1805",2258,"1974-06-03"
1806,"albumName1806",1712,"2064-05-05"
1807,"albumName1807",2029,"2066-05-19"
1808,"albumName1808",2803,"1983-07-23"
1809,"albumName1809",1957,"1970-09-23"
1810,"albumName1810",4538,"2012-08-13"
1811,"albumName1811",716,"2017-01-16"
1812,"albumName1812",3072,"2011-07-05"
1813,"albumName1813",3853,"1975-05-28"
1814,"albumName1814",4772,"2006-05-22"
1815,"albumName1815",1058,"2017-05-18"
1816,"albumName1816",2825,"1979-02-21"
1817,"albumName1817",4560,"2012-10-12"
1818,"albumName1818",3270,"1978-01-25"
1819,"albumName1819",4850,"2006-11-11"
1820,"albumName1820",4013,"1997-02-15"
1821,"albumName1821",154,"1986-01-17"
1822,"albumName1822",2300,"1981-06-09"
1823,"albumName1823",2694,"2061-01-10"
1824,"albumName1824",1663,"2024-12-12"
1825,"albumName1825",3014,"2065-01-26"
1826,"albumName1826",2641,"2052-03-12"
1827,"albumName1827",3693,"1993-06-05"
1828,"albumName1828",2022,"2021-01-12"
1829,"albumName1829",3592,"2003-08-04"
1830,"albumName1830",4772,"1990-03-16"
1831,"albumName1831",3980,"1971-04-01"
1832,"albumName1832",4637,"1983-09-26"
1833,"albumName1833",2501,"2002-05-08"
1834,"albumName1834",4724,"2002-10-25"
1835,"albumName1835",2625,"1974-10-20"
1836,"albumName1836",441,"2002-12-11"
1837,"albumName1837",1728,"2019-02-06"
1838,"albumName1838",837,"1975-07-09"
1839,"albumName1839",3779,"2016-08-13"
1840,"albumName1840",2170,"2015-05-21"
1841,"albumName1841",121,"2008-11-26"
1842,"albumName1842",2242,"2064-02-23"
1843,"albumName1843",1547,"1992-04-26"
1844,"albumName1844",3021,"1979-04-10"
1845,"albumName1845",3843,"2069-01-11"
1846,"albumName1846",3035,"2051-05-18"
1847,"albumName1847",3267,"1980-06-05"
1848,"albumName1848",2904,"1981-02-14"
1849,"albumName1849",1814,"2062-08-22"
1850,"albumName1850",4585,"2021-01-01"
1851,"albumName1851",4056,"1988-12-03"
1852,"albumName1852",3470,"1970-03-07"
1853,"albumName1853",361,"1982-02-20"
1854,"albumName1854",4475,"2064-11-02"
1855,"albumName1855",4321,"2024-12-02"
1856,"albumName1856",4163,"2004-02-26"
1857,"albumName1857",3427,"1973-10-18"
1858,"albumName1858",3078,"2016-09-19"
1859,"albumName1859",3114,"1994-06-03"
1860,"albumName1860",3325,"2051-08-27"
1861,"albumName1861",3098,"2017-05-09"
1862,"albumName1862",1784,"2067-10-08"
1863,"albumName1863",589,"2014-08-12"
1864,"albumName1864",1557,"2018-09-16"
1865,"albumName1865",1516,"2063-03-07"
1866,"albumName1866",1062,"1985-10-02"
1867,"albumName1867",2633,"1992-04-13"
1868,"albumName1868",1602,"1979-03-07"
1869,"albumName1869",2995,"2059-11-20"
1870,"albumName1870",953,"2058-10-14"
1871,"albumName1871",630,"2061-05-10"
1872,"albumName1872",4114,"2065-04-21"
1873,"albumName1873",888,"2014-07-15"
1874,"albumName1874",2548,"2066-01-06"
1875,"albumName1875",1247,"1975-05-18"
1876,"albumName1876",2139,"2066-01-06"
1877,"albumName1877",1693,"1990-03-02"
1878,"albumName1878",1175,"2052-08-01"
1879,"albumName1879",2595,"2054-10-27"
1880,"albumName1880",2955,"2065-10-19"
1881,"albumName1881",3730,"2002-11-28"
1882,"albumName1882",3185,"1994-10-27"
1883,"albumName1883",1815,"2017-03-23"
1884,"albumName1884",2397,"2021-06-07"
1885,"albumName1885",1973,"2057-01-09"
1886,"albumName1886",538,"2063-04-12"
1887,"albumName1887",3600,"1996-12-23"
1888,"albumName1888",3215,"2010-08-04"
1889,"albumName1889",2601,"2006-04-28"
1890,"albumName1890",1201,"2013-11-19"
1891,"albumName1891",3200,"1975-05-05"
1892,"albumName1892",4025,"2006-05-15"
1893,"albumName1893",2585,"1978-08-24"
1894,"albumName1894",3959,"2017-12-10"
1895,"albumName1895",1029,"1970-11-12"
1896,"albumName1896",3300,"2023-05-01"
1897,"albumName1897",4264,"1993-09-07"
1898,"albumName1898",763,"1994-01-03"
1899,"albumName1899",2152,"1987-04-21"
1900,"albumName1900",2417,"2061-11-08"
1901,"albumName1901",1312,"2007-05-05"
1902,"albumName1902",1863,"2066-05-27"
1903,"albumName1903",1836,"1979-01-04"
1904,"albumName1904",3129,"1991-03-03"
1905,"albumName1905",2809,"2058-06-06"
1906,"albumName1906",4835,"1998-08-10"
1907,"albumName1907",418,"2056-07-20"
1908,"albumName1908",4906,"2069-11-24"
1909,"albumName1909",4218,"2065-05-14"
1910,"albumName1910",4890,"2064-02-20"
1911,"albumName1911",2426,"1972-07-20"
1912,"albumName1912",44,"1977-10-22"
1913,"albumName1913",4518,"2053-04-20"
1914,"albumName1914",4303,"1981-03-12"
1915,"albumName1915",3072,"1984-06-22"
1916,"albumName1916",3744,"1977-09-12"
1917,"albumName1917",411,"2053-04-14"
1918,"albumName1918",259,"1986-06-08"
1919,"albumName1919",2854,"1993-05-09"
1920,"albumName1920",3375,"2007-07-01"
1921,"albumName1921",1121,"2021-07-07"
1922,"albumName1922",3985,"2000-11-28"
1923,"albumName1923",4316,"2054-02-21"
1924,"albumName1924",2315,"1996-10-24"
1925,"albumName1925",1193,"1992-01-24"
1926,"albumName1926",2891,"1998-12-06"
1927,"albumName1927",4252,"2066-03-24"
1928,"albumName1928",3368,"1997-08-14"
1929,"albumName1929",2067,"1982-02-24"
1930,"albumName1930",551,"2068-08-26"
1931,"albumName1931",232,"1984-12-28"
1932,"albumName1932",3831,"2065-09-18"
1933,"albumName1933",610,"1986-11-17"
1934,"albumName1934",3953,"2061-07-01"
1935,"albumName1935",267,"2051-09-08"
1936,"albumName1936",270,"1988-06-23"
1937,"albumName1937",2655,"1976-07-21"
1938,"albumName1938",960,"2060-03-27"
1939,"albumName1939",2530,"2011-09-09"
1940,"albumName1940",4554,"1985-08-12"
1941,"albumName1941",1837,"1985-03-27"
1942,"albumName1942",36,"2068-08-23"
1943,"albumName1943",2984,"1987-08-10"
1944,"albumName1944",383,"1999-05-07"
1945,"albumName1945",1230,"1970-06-22"
1946,"albumName1946",2876,"2066-05-26"
1947,"albumName1947",2693,"1990-09-25"
1948,"albumName1948",589,"2015-08-09"
1949,"albumName1949",714,"1983-11-14"
1950,"albumName1950",1225,"1975-03-21"
1951,"albumName1951",4634,"2019-08-11"
1952,"albumName1952",643,"1982-08-14"
1953,"albumName1953",3593,"2016-05-22"
1954,"albumName1954",2006,"1971-12-20"
1955,"albumName1955",1018,"1975-03-04"
1956,"albumName1956",4567,"2013-06-10"
1957,"albumName1957",4761,"1995-10-02"
1958,"albumName1958",4423,"2055-11-21"
1959,"albumName1959",3560,"1995-10-25"
1960,"albumName1960",514,"2000-04-28"
1961,"albumName1961",2718,"2065-09-02"
1962,"albumName1962",4798,"2021-12-13"
1963,"albumName1963",3585,"2025-10-15"
1964,"albumName1964",2825,"2008-09-12"
1965,"albumName1965",2369,"1973-02-28"
1966,"albumName1966",2424,"2065-01-04"
1967,"albumName1967",2712,"2021-04-03"
1968,"albumName1968",3535,"1996-01-02"
1969,"albumName1969",3280,"2021-08-01"
1970,"albumName1970",1076,"2060-08-03"
1971,"albumName1971",852,"2059-10-05"
1972,"albumName1972",4406,"2017-11-03"
1973,"albumName1973",926,"1986-10-03"
1974,"albumName1974",4038,"1980-05-21"
1975,"albumName1975",3328,"1981-12-09"
1976,"albumName1976",2818,"2057-11-24"
1977,"albumName1977",2276,"2059-02-18"
1978,"albumName1978",4257,"1978-04-21"
1979,"albumName1979",1609,"2065-08-11"
1980,"albumName1980",2359,"1977-03-27"
1981,"albumName1981",4097,"2062-09-17"
1982,"albumName1982",4303,"2000-06-26"
1983,"albumName1983",4235,"2066-01-18"
1984,"albumName1984",3281,"2019-09-13"
1985,"albumName1985",2342,"2013-03-28"
1986,"albumName1986",1569,"2057-09-14"
1987,"albumName1987",4898,"2057-07-08"
1988,"albumName1988",394,"2020-08-15"
1989,"albumName1989",2532,"1994-01-03"
1990,"albumName1990",44,"1992-04-17"
1991,"albumName1991",780,"2059-03-07"
1992,"albumName1992",918,"2064-03-25"
1993,"albumName1993",3454,"1996-09-01"
1994,"albumName1994",4625,"2066-09-07"
1995,"albumName1995",338,"2006-02-21"
1996,"albumName1996",3377,"1974-04-27"
1997,"albumName1997",2419,"1997-12-23"
1998,"albumName1998",4189,"1975-04-01"
1999,"albumName1999",3452,"2003-09-17"
2000,"albumName2000",1952,"1977-07-04"
2001,"albumName2001",4906,"1973-05-09"
2002,"albumName2002",4178,"2063-11-14"
2003,"albumName2003",3226,"1981-11-21"
2004,"albumName2004",2097,"1992-06-07"
2005,"albumName2005",2947,"2013-08-01"
2006,"albumName2006",2339,"2051-06-14"
2007,"albumName2007",2964,"1996-05-21"
2008,"albumName2008",1836,"1980-01-19"
2009,"albumName2009",2167,"2061-11-09"
2010,"albumName2010",2334,"2017-07-17"
2011,"albumName2011",584,"2017-04-12"
2012,"albumName2012",1901,"1970-04-26"
2013,"albumName2013",4742,"2053-10-09"
2014,"albumName2014",3824,"1990-08-26"
2015,"albumName2015",3326,"2018-01-17"
2016,"albumName2016",4022,"1989-08-16"
2017,"albumName2017",1219,"1993-10-09"
2018,"albumName2018",851,"1989-11-22"
2019,"albumName2019",2677,"1977-05-12"
2020,"albumName2020",2619,"1979-02-14"
2021,"albumName2021",3930,"1986-04-05"
2022,"albumName2022",3007,"2063-07-07"
2023,"albumName2023",1409,"1983-02-09"
2024,"albumName2024",4751,"1999-02-23"
2025,"albumName2025",633,"1995-11-13"
2026,"albumName2026",3399,"2015-05-11"
2027,"albumName2027",1402,"2000-03-23"
2028,"albumName2028",519,"2012-08-18"
2029,"albumName2029",1962,"2006-11-08"
2030,"albumName2030",3860,"2068-08-25"
2031,"albumName2031",3493,"1996-10-05"
2032,"albumName2032",2298,"2061-11-13"
2033,"albumName2033",2498,"2008-06-11"
2034,"albumName2034",3362,"2005-01-25"
2035,"albumName2035",3199,"2056-06-21"
2036,"albumName2036",4886,"1979-10-11"
2037,"albumName2037",2984,"1999-03-13"
2038,"albumName2038",2153,"2024-06-25"
2039,"albumName2039",80,"2055-09-16"
2040,"albumName2040",2413,"1994-01-14"
2041,"albumName2041",3652,"2061-06-03"
2042,"albumName2042",2473,"2000-04-17"
2043,"albumName2043",2844,"2062-08-21"
2044,"albumName2044",1910,"1998-09-28"
2045,"albumName2045",1308,"1978-02-04"
2046,"albumName2046",4798,"1983-05-28"
2047,"albumName2047",4700,"2061-05-06"
2048,"albumName2048",4905,"1981-10-17"
2049,"albumName2049",2729,"2008-07-03"
2050,"albumName2050",3068,"1979-12-28"
2051,"albumName2051",267,"2007-11-06"
2052,"albumName2052",1522,"1999-11-16"
2053,"albumName2053",4279,"1979-11-16"
2054,"albumName2054",950,"2002-06-01"
2055,"albumName2055",292,"1995-03-25"
2056,"albumName2056",2673,"2058-08-16"
2057,"albumName2057",1496,"2055-08-11"
2058,"albumName2058",3908,"2054-02-12"
2059,"albumName2059",3635,"1984-01-01"
2060,"albumName2060",4824,"1984-11-23"
2061,"albumName2061",2063,"2000-07-21"
2062,"albumName2062",3881,"2052-05-04"
2063,"albumName2063",3643,"2014-07-18"
2064,"albumName2064",387,"1994-09-11"
2065,"albumName2065",3016,"2010-08-16"
2066,"albumName2066",2364,"2010-08-18"
2067,"albumName2067",618,"2018-12-05"
2068,"albumName2068",4337,"2067-05-10"
2069,"albumName2069",4405,"2019-10-21"
2070,"albumName2070",2093,"2013-07-01"
2071,"albumName2071",1978,"2005-07-05"
2072,"albumName2072",2475,"1993-09-21"
2073,"albumName2073",237,"1992-10-08"
2074,"albumName2074",797,"1997-10-06"
2075,"albumName2075",4625,"1976-03-25"
2076,"albumName2076",951,"2069-04-21"
2077,"albumName2077",3078,"2011-02-08"
2078,"albumName2078",2804,"1996-12-10"
2079,"albumName2079",2517,"2011-04-12"
2080,"albumName2080",286,"1983-03-05"
2081,"albumName2081",2812,"2009-08-21"
2082,"albumName2082",3531,"2054-07-04"
2083,"albumName2083",4571,"2022-08-16"
2084,"albumName2084",1217,"1975-06-08"
2085,"albumName2085",2881,"2021-01-28"
2086,"albumName2086",4431,"1998-10-25"
2087,"albumName2087",737,"2014-04-20"
2088,"albumName2088",1461,"1990-04-20"
2089,"albumName2089",4819,"2011-08-04"
2090,"albumName2090",20,"2053-03-01"
2091,"albumName2091",29,"1972-11-16"
2092,"albumName2092",1075,"1993-10-23"
2093,"albumName2093",4355,"2016-02-09"
2094,"albumName2094",3807,"2024-05-08"
2095,"albumName2095",2442,"2006-12-16"
2096,"albumName2096",1543,"2006-03-22"
2097,"albumName2097",3567,"2058-01-02"
2098,"albumName2098",2316,"1976-02-13"
2099,"albumName2099",4045,"2006-05-23"
2100,"albumName2100",4076,"1998-09-28"
2101,"albumName2101",2322,"2062-02-22"
2102,"albumName2102",3126,"1977-04-09"
2103,"albumName2103",2825,"2024-04-16"
2104,"albumName2104",3622,"2018-12-02"
2105,"albumName2105",2649,"2006-06-28"
2106,"albumName2106",198,"2053-05-09"
2107,"albumName2107",3590,"1971-03-19"
2108,"albumName2108",2958,"2001-05-16"
2109,"albumName2109",1333,"2068-11-12"
2110,"albumName2110",216,"2006-03-25"
2111,"albumName2111",286,"2056-05-09"
2112,"albumName2112",1445,"2067-11-27"
2113,"albumName2113",1544,"2012-08-27"
2114,"albumName2114",527,"2025-02-04"
2115,"albumName2115",651,"2009-10-18"
2116,"albumName2116",885,"2069-08-11"
2117,"albumName2117",2524,"2058-06-14"
2118,"albumName2118",2855,"2056-01-06"
2119,"albumName2119",1030,"1992-02-21"
2120,"albumName2120",4558,"2065-12-18"
2121,"albumName2121",2715,"2061-03-21"
2122,"albumName2122",795,"2012-08-24"
2123,"albumName2123",1315,"1990-08-11"
2124,"albumName2124",552,"2016-07-16"
2125,"albumName2125",3326,"2054-11-24"
2126,"albumName2126",2445,"2024-11-06"
2127,"albumName2127",3009,"1978-09-21"
2128,"albumName2128",1134,"1992-06-12"
2129,"albumName2129",1428,"1998-12-07"
2130,"albumName2130",232,"1989-01-17"
2131,"albumName2131",826,"2065-01-21"
2132,"albumName2132",3558,"2007-04-11"
2133,"albumName2133",2642,"1976-10-12"
2134,"albumName2134",1901,"1984-04-10"
2135,"albumName2135",3492,"1978-02-14"
2136,"albumName2136",2068,"1991-04-07"
2137,"albumName2137",4057,"2055-12-08"
2138,"albumName2138",1841,"1980-06-13"
2139,"albumName2139",246,"2057-02-02"
2140,"albumName2140",4647,"2006-03-22"
2141,"albumName2141",3207,"2005-09-26"
2142,"albumName2142",2390,"2008-05-21"
2143,"albumName2143",3933,"1979-07-15"
2144,"albumName2144",666,"2020-11-26"
2145,"albumName2145",1228,"2054-06-19"
2146,"albumName2146",3041,"1995-12-10"
2147,"albumName2147",3954,"2055-12-14"
2148,"albumName2148",4671,"2016-03-17"
2149,"albumName2149",1145,"1992-01-28"
2150,"albumName2150",222,"2009-11-13"
2151,"albumName2151",1219,"1998-10-11"
2152,"albumName2152",2335,"1991-04-02"
2153,"albumName2153",948,"1993-08-09"
2154,"albumName2154",2575,"1998-01-14"
2155,"albumName2155",2069,"1991-09-18"
2156,"albumName2156",3057,"2006-02-01"
2157,"albumName2157",3440,"2063-11-27"
2158,"albumName2158",4219,"2058-08-09"
2159,"albumName2159",3077,"2008-10-14"
2160,"albumName2160",2344,"2021-03-03"
2161,"albumName2161",4523,"1974-02-08"
2162,"albumName2162",4343,"2054-08-06"
2163,"albumName2163",939,"2016-09-09"
2164,"albumName2164",4701,"1988-10-15"
2165,"albumName2165",4391,"1986-12-18"
2166,"albumName2166",4029,"1974-07-13"
2167,"albumName2167",2087,"1984-03-23"
2168,"albumName2168",3433,"2022-12-12"
2169,"albumName2169",2369,"2015-01-07"
2170,"albumName2170",760,"2057-09-25"
2171,"albumName2171",2737,"2017-06-23"
2172,"albumName2172",363,"2069-02-01"
2173,"albumName2173",3434,"1982-03-01"
2174,"albumName2174",1763,"1984-05-16"
2175,"albumName2175",1917,"1998-05-11"
2176,"albumName2176",4729,"2059-09-18"
2177,"albumName2177",2747,"1996-04-17"
2178,"albumName2178",448,"2061-09-02"
2179,"albumName2179",1131,"2057-07-15"
2180,"albumName2180",3773,"1977-06-09"
2181,"albumName2181",4854,"1971-09-11"
2182,"albumName2182",2064,"2013-05-24"
2183,"albumName2183",2697,"1990-01-17"
2184,"albumName2184",4798,"1971-04-11"
2185,"albumName2185",595,"2059-03-14"
2186,"albumName2186",1382,"1975-08-13"
2187,"albumName2187",4413,"2014-08-16"
2188,"albumName2188",1134,"1980-12-02"
2189,"albumName2189",1658,"2068-07-15"
2190,"albumName2190",1160,"1988-04-20"
2191,"albumName2191",2453,"2015-06-24"
2192,"albumName2192",3877,"1977-09-24"
2193,"albumName2193",3414,"1981-10-22"
2194,"albumName2194",4078,"1995-04-20"
2195,"albumName2195",2385,"2064-07-06"
2196,"albumName2196",4581,"2011-06-04"
2197,"albumName2197",510,"2000-08-04"
2198,"albumName2198",4306,"2024-10-10"
2199,"albumName2199",2182,"1993-12-12"
2200,"albumName2200",2213,"1987-05-28"
2201,"albumName2201",2615,"2020-02-04"
2202,"albumName2202",2442,"2017-11-01"
2203,"albumName2203",2637,"1995-05-15"
2204,"albumName2204",2995,"1984-02-11"
2205,"albumName2205",893,"1980-04-20"
2206,"albumName2206",3325,"1995-11-17"
2207,"albumName2207",3898,"2019-06-22"
2208,"albumName2208",3603,"1980-08-07"
2209,"albumName2209",883,"2052-03-02"
2210,"albumName2210",4189,"1972-10-26"
2211,"albumName2211",1047,"2064-08-09"
2212,"albumName2212",3646,"2063-06-14"
2213,"albumName2213",2413,"2025-09-15"
2214,"albumName2214",3885,"1993-04-16"
2215,"albumName2215",3604,"2067-03-04"
2216,"albumName2216",1047,"1987-03-02"
2217,"albumName2217",4819,"2057-08-14"
2218,"albumName2218",1019,"1982-05-10"
2219,"albumName2219",972,"2055-04-03"
2220,"albumName2220",2949,"2021-06-09"
2221,"albumName2221",4582,"1999-11-14"
2222,"albumName2222",4734,"2015-02-17"
2223,"albumName2223",3309,"1996-11-27"
2224,"albumName2224",2201,"1978-01-06"
2225,"albumName2225",3510,"2004-03-10"
2226,"albumName2226",1094,"1987-06-08"
2227,"albumName2227",3048,"2001-01-24"
2228,"albumName2228",708,"2019-10-21"
2229,"albumName2229",2951,"2024-12-02"
2230,"albumName2230",1553,"2021-09-27"
2231,"albumName2231",4662,"1983-10-01"
2232,"albumName2232",1463,"1978-12-14"
2233,"albumName2233",2096,"2006-09-04"
2234,"albumName2234",3633,"2011-06-06"
2235,"albumName2235",1110,"1976-07-20"
2236,"albumName2236",4015,"2001-06-21"
2237,"albumName2237",3162,"2058-07-26"
2238,"albumName2238",2472,"1992-04-24"
2239,"albumName2239",4157,"1980-07-09"
2240,"albumName2240",2942,"1985-09-20"
2241,"albumName2241",3082,"1994-04-27"
2242,"albumName2242",1238,"1994-05-05"
2243,"albumName2243",3675,"2006-10-02"
2244,"albumName2244",3388,"2005-08-01"
2245,"albumName2245",459,"2005-02-07"
2246,"albumName2246",501,"2015-03-11"
2247,"albumName2247",2302,"1990-08-02"
2248,"albumName2248",3162,"2011-06-24"
2249,"albumName2249",4317,"2061-06-07"
2250,"albumName2250",3242,"2012-06-10"
2251,"albumName2251",3172,"2064-01-28"
2252,"albumName2252",3812,"2057-09-06"
2253,"albumName2253",1393,"1973-08-03"
2254,"albumName2254",3348,"2052-08-10"
2255,"albumName2255",2509,"1997-01-23"
2256,"albumName2256",2136,"2018-06-19"
2257,"albumName2257",1573,"2023-05-25"
2258,"albumName2258",1599,"1985-08-24"
2259,"albumName2259",1905,"1977-01-26"
2260,"albumName2260",4475,"2062-12-13"
2261,"albumName2261",4347,"2068-03-04"
2262,"albumName2262",3361,"2024-01-02"
2263,"albumName2263",3704,"1974-08-14"
2264,"albumName2264",4132,"2021-05-02"
2265,"albumName2265",4086,"2020-02-10"
2266,"albumName2266",1165,"2056-05-25"
2267,"albumName2267",3241,"2010-02-15"
2268,"albumName2268",4646,"1979-05-06"
2269,"albumName2269",295,"2061-02-03"
2270,"albumName2270",2566,"2067-01-13"
2271,"albumName2271",570,"2060-04-17"
2272,"albumName2272",3171,"2021-05-24"
2273,"albumName2273",3730,"2062-02-23"
2274,"albumName2274",2528,"1973-03-14"
2275,"albumName2275",2363,"1985-03-06"
2276,"albumName2276",2544,"2017-10-21"
2277,"albumName2277",1478,"2064-04-01"
2278,"albumName2278",4864,"1998-07-05"
2279,"albumName2279",4471,"2006-10-27"
2280,"albumName2280",860,"2023-07-20"
2281,"albumName2281",719,"1975-04-01"
2282,"albumName2282",3144,"1982-01-13"
2283,"albumName2283",487,"2014-08-26"
2284,"albumName2284",3980,"2065-11-25"
2285,"albumName2285",135,"2057-03-04"
2286,"albumName2286",4671,"1994-08-24"
2287,"albumName2287",2503,"2010-12-22"
2288,"albumName2288",4384,"2001-04-04"
2289,"albumName2289",1922,"2011-08-17"
2290,"albumName2290",2134,"2059-07-18"
2291,"albumName2291",1552,"2064-03-11"
2292,"albumName2292",3956,"1979-03-11"
2293,"albumName2293",3616,"2054-08-20"
2294,"albumName2294",3154,"2006-04-05"
2295,"albumName2295",1788,"2059-07-18"
2296,"albumName2296",3811,"1998-12-04"
2297,"albumName2297",3501,"2066-07-15"
2298,"albumName2298",3635,"1973-10-18"
2299,"albumName2299",2905,"1975-08-11"
2300,"albumName2300",2633,"1974-04-07"
2301,"albumName2301",3756,"1978-05-04"
2302,"albumName2302",679,"2063-12-12"
2303,"albumName2303",1752,"2021-05-13"
2304,"albumName2304",3093,"1981-02-21"
2305,"albumName2305",2752,"1991-02-28"
2306,"albumName2306",880,"2056-12-13"
2307,"albumName2307",1690,"1975-09-09"
2308,"albumName2308",4192,"1985-01-25"
2309,"albumName2309",4116,"1977-06-09"
2310,"albumName2310",2604,"2068-05-18"
2311,"albumName2311",3097,"1970-11-10"
2312,"albumName2312",1837,"1993-02-17"
2313,"albumName2313",2585,"2023-05-04"
2314,"albumName2314",2970,"2067-06-05"
2315,"albumName2315",3504,"1986-10-07"
2316,"albumName2316",1445,"2064-01-05"
2317,"albumName2317",2746,"2064-10-20"
2318,"albumName2318",828,"2053-01-03"
2319,"albumName2319",4195,"2053-10-26"
2320,"albumName2320",4689,"1997-07-24"
2321,"albumName2321",3796,"2069-04-08"
2322,"albumName2322",3698,"1990-06-02"
2323,"albumName2323",3176,"2069-10-12"
2324,"albumName2324",4805,"2024-09-24"
2325,"albumName2325",3039,"2005-01-28"
2326,"albumName2326",3517,"2064-10-21"
2327,"albumName2327",1592,"2024-09-22"
2328,"albumName2328",2875,"2019-09-01"
2329,"albumName2329",2379,"2061-01-03"
2330,"albumName2330",1468,"1977-10-21"
2331,"albumName2331",3961,"2013-01-13"
2332,"albumName2332",683,"2052-06-05"
2333,"albumName2333",3551,"2016-11-14"
2334,"albumName2334",2678,"1984-02-26"
2335,"albumName2335",3541,"2022-08-27"
2336,"albumName2336",2165,"2061-02-22"
2337,"albumName2337",3769,"1998-05-01"
2338,"albumName2338",4801,"2061-04-25"
2339,"albumName2339",3503,"2020-12-19"
2340,"albumName2340",4374,"2004-01-02"
2341,"albumName2341",3074,"1976-02-22"
2342,"albumName2342",535,"2020-01-12"
2343,"albumName2343",1053,"2009-02-23"
2344,"albumName2344",2865,"1982-01-11"
2345,"albumName2345",714,"1997-01-09"
2346,"albumName2346",2288,"2057-04-15"
2347,"albumName2347",971,"2060-10-01"
2348,"albumName2348",780,"2051-01-26"
2349,"albumName2349",1591,"2020-03-13"
2350,"albumName2350",1625,"2022-08-25"
2351,"albumName2351",1746,"1995-08-20"
2352,"albumName2352",3596,"2054-04-06"
2353,"albumName2353",4816,"2018-03-24"
2354,"albumName2354",2318,"2059-10-17"
2355,"albumName2355",101,"1972-09-28"
2356,"albumName2356",200,"1989-03-15"
2357,"albumName2357",1140,"1985-10-04"
2358,"albumName2358",1619,"2006-08-02"
2359,"albumName2359",4901,"1986-09-03"
2360,"albumName2360",2717,"2013-10-07"
2361,"albumName2361",3732,"2000-08-27"
2362,"albumName2362",864,"1970-09-16"
2363,"albumName2363",3588,"2008-03-24"
2364,"albumName2364",1155,"1984-06-18"
2365,"albumName2365",3389,"2067-02-20"
2366,"albumName2366",1665,"1982-01-19"
2367,"albumName2367",796,"2007-02-23"
2368,"albumName2368",2678,"2025-04-20"
2369,"albumName2369",2380,"2064-03-20"
2370,"albumName2370",2797,"1981-03-22"
2371,"albumName2371",803,"2069-01-09"
2372,"albumName2372",2022,"2022-11-28"
2373,"albumName2373",1069,"2062-10-09"
2374,"albumName2374",2780,"2051-02-25"
2375,"albumName2375",2656,"2015-04-25"
2376,"albumName2376",3083,"2060-11-10"
2377,"albumName2377",3657,"1985-04-19"
2378,"albumName2378",2709,"2065-04-21"
2379,"albumName2379",3425,"1984-02-08"
2380,"albumName2380",3226,"2060-12-02"
2381,"albumName2381",3246,"1976-11-26"
2382,"albumName2382",3875,"1978-05-16"
2383,"albumName2383",3390,"2012-02-03"
2384,"albumName2384",211,"1999-11-03"
2385,"albumName2385",3987,"2024-11-07"
2386,"albumName2386",2147,"1991-05-25"
2387,"albumName2387",1310,"1970-12-19"
2388,"albumName2388",3359,"2054-05-23"
2389,"albumName2389",1760,"2053-10-22"
2390,"albumName2390",797,"2013-09-23"
2391,"albumName2391",1674,"2012-06-16"
2392,"albumName2392",3449,"2066-01-13"
2393,"albumName2393",4057,"2069-03-08"
2394,"albumName2394",1836,"1995-02-25"
2395,"albumName2395",612,"1982-09-23"
2396,"albumName2396",59,"2014-12-06"
2397,"albumName2397",1567,"1970-03-25"
2398,"albumName2398",3017,"1999-05-06"
2399,"albumName2399",4427,"2053-07-14"
2400,"albumName2400",2329,"1979-01-10"
2401,"albumName2401",3570,"2024-09-16"
2402,"albumName2402",4395,"1982-07-07"
2403,"albumName2403",4241,"2005-09-03"
2404,"albumName2404",4583,"2003-01-07"
2405,"albumName2405",3201,"2010-01-24"
2406,"albumName2406",795,"1988-04-09"
2407,"albumName2407",3843,"1993-12-20"
2408,"albumName2408",728,"2058-07-25"
2409,"albumName2409",3864,"2054-11-01"
2410,"albumName2410",896,"1973-12-15"
2411,"albumName2411",2665,"1988-07-06"
2412,"albumName2412",3435,"2015-04-16"
2413,"albumName2413",748,"2010-11-02"
2414,"albumName2414",3287,"2052-01-06"
2415,"albumName2415",4852,"1994-09-28"
2416,"albumName2416",2473,"2022-10-02"
2417,"albumName2417",3583,"1989-01-03"
2418,"albumName2418",2962,"1983-01-12"
2419,"albumName2419",3522,"2052-02-15"
2420,"albumName2420",748,"1972-11-26"
2421,"albumName2421",2344,"2003-01-06"
2422,"albumName2422",4007,"1974-01-06"
2423,"albumName2423",1798,"2020-07-19"
2424,"albumName2424",292,"1977-01-14"
2425,"albumName2425",2222,"2015-12-08"
2426,"albumName2426",3208,"1983-05-03"
2427,"albumName2427",3707,"1983-07-20"
2428,"albumName2428",2322,"2001-03-26"
2429,"albumName2429",3502,"2062-09-09"
2430,"albumName2430",1627,"2069-06-10"
2431,"albumName2431",1294,"2060-11-16"
2432,"albumName2432",4622,"2003-04-16"
2433,"albumName2433",471,"1987-08-24"
2434,"albumName2434",932,"1995-08-04"
2435,"albumName2435",1674,"2001-03-15"
2436,"albumName2436",867,"1992-07-23"
2437,"albumName2437",3965,"2025-11-03"
2438,"albumName2438",4108,"2023-07-15"
2439,"albumName2439",2294,"2061-11-08"
2440,"albumName2440",2132,"2013-02-28"
2441,"albumName2441",1726,"1972-02-12"
2442,"albumName2442",1948,"2052-09-21"
2443,"albumName2443",3604,"1976-11-28"
2444,"albumName2444",4616,"1978-07-26"
2445,"albumName2445",1370,"1997-03-09"
2446,"albumName2446",2997,"2057-12-19"
2447,"albumName2447",2716,"2062-05-08"
2448,"albumName2448",453,"1999-01-06"
2449,"albumName2449",258,"2068-02-05"
2450,"albumName2450",3832,"2019-08-24"
2451,"albumName2451",539,"2054-01-28"
2452,"albumName2452",3142,"1982-04-03"
2453,"albumName2453",2053,"1981-01-19"
2454,"albumName2454",4069,"2015-06-10"
2455,"albumName2455",3614,"1991-09-01"
2456,"albumName2456",2342,"2067-08-07"
2457,"albumName2457",3843,"2010-04-05"
2458,"albumName2458",533,"1974-11-08"
2459,"albumName2459",4255,"2003-06-03"
2460,"albumName2460",1700,"2056-02-10"
2461,"albumName2461",2797,"1980-02-02"
2462,"albumName2462",1888,"2059-04-25"
2463,"albumName2463",2053,"2055-03-13"
2464,"albumName2464",614,"2057-10-20"
2465,"albumName2465",2981,"2025-04-16"
2466,"albumName2466",1697,"1975-08-14"
2467,"albumName2467",949,"2054-09-12"
2468,"albumName2468",1509,"1971-11-02"
2469,"albumName2469",1791,"1985-05-10"
2470,"albumName2470",3903,"2022-07-10"
2471,"albumName2471",2692,"2025-07-13"
2472,"albumName2472",1768,"1999-03-27"
2473,"albumName2473",2516,"2009-10-13"
2474,"albumName2474",3448,"2006-05-07"
2475,"albumName2475",2061,"2069-07-04"
2476,"albumName2476",3437,"2017-07-08"
2477,"albumName2477",336,"1973-05-11"
2478,"albumName2478",2042,"2001-07-08"
2479,"albumName2479",1656,"1970-12-05"
2480,"albumName2480",2093,"1978-03-08"
2481,"albumName2481",1038,"2006-03-21"
2482,"albumName2482",1596,"2061-09-19"
2483,"albumName2483",4246,"1997-11-21"
2484,"albumName2484",3980,"1972-12-05"
2485,"albumName2485",1448,"2056-04-14"
2486,"albumName2486",1473,"1974-04-23"
2487,"albumName2487",3376,"1973-12-26"
2488,"albumName2488",3254,"2010-06-26"
2489,"albumName2489",811,"2023-05-19"
2490,"albumName2490",159,"1981-05-26"
2491,"albumName2491",4723,"1992-11-01"
2492,"albumName2492",1386,"1990-08-17"
2493,"albumName2493",3948,"1970-10-12"
2494,"albumName2494",3331,"1998-09-28"
2495,"albumName2495",4243,"2063-07-23"
2496,"albumName2496",2117,"1985-07-07"
2497,"albumName2497",2625,"1997-09-09"
2498,"albumName2498",786,"2011-08-11"
2499,"albumName2499",987,"1984-07-08"
2500,"albumName2500",895,"1971-07-28"
2501,"albumName2501",610,"1971-08-20"
2502,"albumName2502",2402,"2020-08-17"
2503,"albumName2503",1026,"2013-01-24"
2504,"albumName2504",2366,"2017-04-01"
2505,"albumName2505",3470,"2000-06-01"
2506,"albumName2506",422,"2011-11-23"
2507,"albumName2507",3477,"2063-01-24"
2508,"albumName2508",4187,"2002-05-13"
2509,"albumName2509",1566,"2053-07-22"
2510,"albumName2510",1858,"1995-05-06"
2511,"albumName2511",553,"2001-09-13"
2512,"albumName2512",3678,"1982-12-17"
2513,"albumName2513",1495,"1983-05-18"
2514,"albumName2514",2680,"1990-09-26"
2515,"albumName2515",2030,"2005-08-16"
2516,"albumName2516",885,"2062-10-15"
2517,"albumName2517",1494,"2065-05-01"
2518,"albumName2518",951,"1990-05-10"
2519,"albumName2519",699,"2057-11-27"
2520,"albumName2520",1313,"1981-06-13"
2521,"albumName2521",35,"2025-08-25"
2522,"albumName2522",3965,"1987-05-13"
2523,"albumName2523",2195,"1990-06-18"
2524,"albumName2524",1767,"1978-02-17"
2525,"albumName2525",3622,"2024-07-10"
2526,"albumName2526",850,"2069-05-24"
2527,"albumName2527",4291,"1976-09-26"
2528,"albumName2528",3081,"2015-05-02"
2529,"albumName2529",4067,"1977-02-11"
2530,"albumName2530",3113,"2021-01-22"
2531,"albumName2531",1825,"2051-06-14"
2532,"albumName2532",1163,"2063-08-03"
2533,"albumName2533",4634,"2069-01-26"
2534,"albumName2534",3516,"2065-06-10"
2535,"albumName2535",3304,"2056-11-13"
2536,"albumName2536",470,"2063-06-12"
2537,"albumName2537",3257,"2005-10-12"
2538,"albumName2538",4846,"1977-03-08"
2539,"albumName2539",1325,"2054-08-14"
2540,"albumName2540",3424,"2004-07-20"
2541,"albumName2541",486,"1992-11-06"
2542,"albumName2542",3099,"2012-07-20"
2543,"albumName2543",4739,"2069-05-27"
2544,"albumName2544",4191,"2025-07-07"
2545,"albumName2545",2042,"2025-05-13"
2546,"albumName2546",2624,"1999-01-25"
2547,"albumName2547",549,"1973-06-16"
2548,"albumName2548",3007,"2001-12-13"
2549,"albumName2549",4349,"1982-05-06"
2550,"albumName2550",3064,"2066-06-16"
2551,"albumName2551",4827,"1990-08-01"
2552,"albumName2552",4566,"2000-07-09"
2553,"albumName2553",3867,"1981-10-17"
2554,"albumName2554",4255,"2059-09-01"
2555,"albumName2555",3242,"2007-01-16"
2556,"albumName2556",1971,"2022-12-23"
2557,"albumName2557",2569,"1998-08-03"
2558,"albumName2558",1648,"1993-08-16"
2559,"albumName2559",1433,"2004-06-18"
2560,"albumName2560",3961,"2011-05-17"
2561,"albumName2561",3185,"1986-04-09"
2562,"albumName2562",2328,"1982-03-13"
2563,"albumName2563",3721,"2006-12-13"
2564,"albumName2564",2392,"1977-04-18"
2565,"albumName2565",3828,"2067-03-07"
2566,"albumName2566",3185,"2010-07-16"
2567,"albumName2567",757,"1996-08-17"
2568,"albumName2568",3672,"1974-07-16"
2569,"albumName2569",884,"2025-06-20"
2570,"albumName2570",2556,"2020-08-05"
2571,"albumName2571",4272,"2014-03-27"
2572,"albumName2572",830,"2056-03-10"
2573,"albumName2573",3843,"2069-12-06"
2574,"albumName2574",2552,"2059-02-25"
2575,"albumName2575",4512,"2001-07-21"
2576,"albumName2576",2514,"1989-12-10"
2577,"albumName2577",3279,"2064-01-10"
2578,"albumName2578",3835,"2004-12-17"
2579,"albumName2579",3593,"2008-05-18"
2580,"albumName2580",1995,"2013-04-11"
2581,"albumName2581",1745,"2009-11-01"
2582,"albumName2582",4141,"1998-10-02"
2583,"albumName2583",3377,"2015-11-10"
2584,"albumName2584",192,"2013-04-08"
2585,"albumName2585",542,"2006-02-25"
2586,"albumName2586",2115,"1987-03-24"
2587,"albumName2587",3878,"2065-10-23"
2588,"albumName2588",4325,"2051-09-12"
2589,"albumName2589",1367,"2011-10-25"
2590,"albumName2590",2782,"1978-11-24"
2591,"albumName2591",3536,"2014-01-07"
2592,"albumName2592",3491,"1988-04-09"
2593,"albumName2593",2619,"2062-05-01"
2594,"albumName2594",2431,"2006-12-15"
2595,"albumName2595",887,"2023-06-03"
2596,"albumName2596",1917,"1997-11-16"
2597,"albumName2597",4012,"2060-12-10"
2598,"albumName2598",1091,"1994-10-05"
2599,"albumName2599",463,"1977-02-09"
2600,"albumName2600",4689,"2014-11-04"
2601,"albumName2601",4372,"1986-01-22"
2602,"albumName2602",199,"2020-02-13"
2603,"albumName2603",2459,"2000-07-02"
2604,"albumName2604",2948,"1998-02-07"
2605,"albumName2605",4859,"2051-07-24"
2606,"albumName2606",2886,"2052-02-03"
2607,"albumName2607",1442,"1978-09-04"
2608,"albumName2608",1613,"2058-07-19"
2609,"albumName2609",1931,"2059-01-14"
2610,"albumName2610",3169,"1997-06-07"
2611,"albumName2611",320,"2019-11-09"
2612,"albumName2612",3795,"1976-05-02"
2613,"albumName2613",4165,"1979-09-05"
2614,"albumName2614",2480,"2007-11-17"
2615,"albumName2615",813,"2053-04-19"
2616,"albumName2616",3120,"1992-10-07"
2617,"albumName2617",4460,"1994-04-04"
2618,"albumName2618",3402,"2022-11-09"
2619,"albumName2619",4514,"2001-03-26"
2620,"albumName2620",1546,"2011-09-15"
2621,"albumName2621",4634,"2061-03-14"
2622,"albumName2622",1625,"2016-09-10"
2623,"albumName2623",930,"2001-08-01"
2624,"albumName2624",977,"2062-05-23"
2625,"albumName2625",1764,"1984-05-10"
2626,"albumName2626",161,"1972-07-19"
2627,"albumName2627",893,"1998-08-01"
2628,"albumName2628",1422,"2053-09-12"
2629,"albumName2629",2667,"2018-08-24"
2630,"albumName2630",4659,"2056-03-17"
2631,"albumName2631",4369,"2016-05-01"
2632,"albumName2632",2283,"1982-09-15"
2633,"albumName2633",279,"2008-04-05"
2634,"albumName2634",4218,"1995-12-16"
2635,"albumName2635",194,"2004-09-24"
2636,"albumName2636",3843,"2015-06-12"
2637,"albumName2637",4206,"1998-03-27"
2638,"albumName2638",4114,"2005-08-27"
2639,"albumName2639",1140,"2002-01-18"
2640,"albumName2640",3618,"1978-05-11"
2641,"albumName2641",3710,"2054-12-25"
2642,"albumName2642",2729,"2010-07-01"
2643,"albumName2643",3301,"2022-04-11"
2644,"albumName2644",612,"1997-09-03"
2645,"albumName2645",4253,"2064-12-19"
2646,"albumName2646",1108,"1990-12-19"
2647,"albumName2647",4364,"2052-02-25"
2648,"albumName2648",2236,"1982-03-17"
2649,"albumName2649",4165,"1981-04-15"
2650,"albumName2650",677,"1977-05-11"
2651,"albumName2651",3561,"1993-01-03"
2652,"albumName2652",1344,"2052-04-28"
2653,"albumName2653",4246,"2051-09-05"
2654,"albumName2654",3164,"2012-07-05"
2655,"albumName2655",3522,"2062-10-01"
2656,"albumName2656",712,"1995-07-02"
2657,"albumName2657",352,"2060-06-15"
2658,"albumName2658",2992,"2058-07-26"
2659,"albumName2659",1046,"2062-10-28"
2660,"albumName2660",4171,"1999-05-16"
2661,"albumName2661",177,"2007-07-08"
2662,"albumName2662",3118,"1970-02-13"
2663,"albumName2663",3388,"2063-11-02"
2664,"albumName2664",2492,"2063-02-13"
2665,"albumName2665",66,"1972-01-25"
2666,"albumName2666",4429,"2025-07-13"
2667,"albumName2667",2595,"2013-11-19"
2668,"albumName2668",4233,"1985-01-11"
2669,"albumName2669",1678,"2003-09-12"
2670,"albumName2670",1207,"2000-01-09"
2671,"albumName2671",1665,"2054-11-13"
2672,"albumName2672",1618,"2013-12-14"
2673,"albumName2673",4827,"2021-07-06"
2674,"albumName2674",3194,"1989-04-01"
2675,"albumName2675",267,"1989-08-12"
2676,"albumName2676",859,"2012-05-01"
2677,"albumName2677",4652,"2007-05-15"
2678,"albumName2678",1948,"2023-11-26"
2679,"albumName2679",417,"1974-11-12"
2680,"albumName2680",4637,"1992-03-17"
2681,"albumName2681",2189,"1972-03-27"
2682,"albumName2682",841,"1982-09-27"
2683,"albumName2683",2741,"1978-09-28"
2684,"albumName2684",2854,"2015-03-14"
2685,"albumName2685",3617,"2055-11-20"
2686,"albumName2686",1551,"2008-04-04"
2687,"albumName2687",3277,"1980-06-11"
2688,"albumName2688",89,"1994-12-04"
2689,"albumName2689",4892,"2063-05-05"
2690,"albumName2690",4599,"1993-11-12"
2691,"albumName2691",3739,"2004-04-23"
2692,"albumName2692",2227,"1993-09-25"
2693,"albumName2693",49,"2053-05-23"
2694,"albumName2694",1130,"1972-10-06"
2695,"albumName2695",2531,"2068-09-15"
2696,"albumName2696",2728,"2002-08-19"
2697,"albumName2697",1787,"2018-08-25"
2698,"albumName2698",2179,"1974-10-09"
2699,"albumName2699",1909,"2055-05-17"
2700,"albumName2700",243,"2025-05-01"
2701,"albumName2701",2479,"2069-10-08"
2702,"albumName2702",4759,"2004-04-08"
2703,"albumName2703",1659,"2022-04-15"
2704,"albumName2704",2771,"2067-01-03"
2705,"albumName2705",927,"2054-06-03"
2706,"albumName2706",4074,"1995-06-10"
2707,"albumName2707",4399,"1993-10-02"
2708,"albumName2708",2329,"2019-03-22"
2709,"albumName2709",1798,"2061-05-01"
2710,"albumName2710",757,"1989-03-03"
2711,"albumName2711",3976,"2065-03-25"
2712,"albumName2712",2001,"1976-06-23"
2713,"albumName2713",1342,"2020-06-09"
2714,"albumName2714",2196,"2006-01-25"
2715,"albumName2715",3752,"1996-12-20"
2716,"albumName2716",4126,"2006-02-05"
2717,"albumName2717",2999,"2058-05-25"
2718,"albumName2718",155,"2009-05-22"
2719,"albumName2719",3243,"2068-03-22"
2720,"albumName2720",309,"2063-03-11"
2721,"albumName2721",2999,"1977-06-05"
2722,"albumName2722",787,"2006-04-16"
2723,"albumName2723",677,"1994-12-15"
2724,"albumName2724",2511,"1971-11-14"
2725,"albumName2725",1672,"1985-07-24"
2726,"albumName2726",1291,"2063-06-01"
2727,"albumName2727",2678,"1985-09-23"
2728,"albumName2728",394,"1977-06-08"
2729,"albumName2729",1373,"2060-08-23"
2730,"albumName2730",4684,"2003-12-24"
2731,"albumName2731",1223,"1975-12-12"
2732,"albumName2732",3854,"2024-02-20"
2733,"albumName2733",3688,"2017-11-21"
2734,"albumName2734",266,"1980-02-14"
2735,"albumName2735",2246,"2010-11-26"
2736,"albumName2736",703,"1983-03-13"
2737,"albumName2737",4089,"1972-10-05"
2738,"albumName2738",109,"2004-03-12"
2739,"albumName2739",2298,"2018-11-02"
2740,"albumName2740",441,"2022-10-25"
2741,"albumName2741",3461,"2057-05-14"
2742,"albumName2742",2934,"2051-08-28"
2743,"albumName2743",1769,"2022-08-12"
2744,"albumName2744",2163,"2018-02-08"
2745,"albumName2745",2562,"2009-01-15"
2746,"albumName2746",4016,"1983-09-11"
2747,"albumName2747",668,"2010-08-16"
2748,"albumName2748",3532,"2062-09-07"
2749,"albumName2749",1761,"2000-02-05"
2750,"albumName2750",119,"2055-08-03"
2751,"albumName2751",2874,"1992-10-12"
2752,"albumName2752",2934,"2013-05-10"
2753,"albumName2753",4525,"1973-09-12"
2754,"albumName2754",3526,"2063-03-17"
2755,"albumName2755",3661,"1985-02-17"
2756,"albumName2756",4776,"2068-02-05"
2757,"albumName2757",1985,"1985-08-10"
2758,"albumName2758",4032,"2015-01-14"
2759,"albumName2759",2043,"1976-04-16"
2760,"albumName2760",3120,"2013-03-02"
2761,"albumName2761",4312,"1970-03-03"
2762,"albumName2762",4070,"1997-08-25"
2763,"albumName2763",287,"1994-05-24"
2764,"albumName2764",4540,"1970-03-13"
2765,"albumName2765",3477,"1988-06-17"
2766,"albumName2766",2382,"2010-05-09"
2767,"albumName2767",1800,"2051-02-11"
2768,"albumName2768",3600,"2061-09-14"
2769,"albumName2769",4714,"2019-06-25"
2770,"albumName2770",2003,"1975-10-16"
2771,"albumName2771",4290,"2008-09-18"
2772,"albumName2772",4010,"1981-12-21"
2773,"albumName2773",1589,"2016-07-03"
2774,"albumName2774",3966,"2000-10-14"
2775,"albumName2775",4305,"2004-10-15"
2776,"albumName2776",2972,"2063-06-13"
2777,"albumName2777",4737,"1974-05-01"
2778,"albumName2778",2279,"1991-07-08"
2779,"albumName2779",1715,"1987-09-24"
2780,"albumName2780",4799,"1970-05-01"
2781,"albumName2781",32,"2013-07-20"
2782,"albumName2782",3862,"1986-10-10"
2783,"albumName2783",2734,"2015-08-25"
2784,"albumName2784",1818,"2055-03-01"
2785,"albumName2785",3798,"1973-07-28"
2786,"albumName2786",537,"2063-02-06"
2787,"albumName2787",604,"2018-01-04"
2788,"albumName2788",3488,"2052-08-09"
2789,"albumName2789",461,"1994-09-02"
2790,"albumName2790",3465,"1992-11-24"
2791,"albumName2791",1085,"2059-07-27"
2792,"albumName2792",1337,"1995-03-01"
2793,"albumName2793",4077,"1979-07-09"
2794,"albumName2794",1144,"1998-04-19"
2795,"albumName2795",3695,"2006-09-02"
2796,"albumName2796",628,"2067-09-27"
2797,"albumName2797",775,"2055-04-19"
2798,"albumName2798",481,"1997-08-02"
2799,"albumName2799",4129,"1973-12-18"
2800,"albumName2800",25,"2012-11-26"
2801,"albumName2801",800,"1984-02-21"
2802,"albumName2802",851,"1987-07-27"
2803,"albumName2803",2101,"1970-04-07"
2804,"albumName2804",2914,"2051-05-18"
2805,"albumName2805",4499,"2067-05-24"
2806,"albumName2806",2509,"1989-06-26"
2807,"albumName2807",2218,"2007-06-14"
2808,"albumName2808",2969,"2063-09-09"
2809,"albumName2809",1731,"2061-03-21"
2810,"albumName2810",488,"2018-09-03"
2811,"albumName2811",1963,"1983-12-14"
2812,"albumName2812",4321,"2052-08-16"
2813,"albumName2813",3911,"2015-03-20"
2814,"albumName2814",417,"2025-12-09"
2815,"albumName2815",2191,"2003-05-22"
2816,"albumName2816",3205,"2065-10-11"
2817,"albumName2817",669,"2023-01-09"
2818,"albumName2818",4110,"1987-03-27"
2819,"albumName2819",3852,"2022-10-26"
2820,"albumName2820",465,"2055-05-16"
2821,"albumName2821",1648,"2021-07-25"
2822,"albumName2822",907,"2001-07-13"
2823,"albumName2823",2568,"2005-05-21"
2824,"albumName2824",205,"2015-07-13"
2825,"albumName2825",3914,"2063-03-21"
2826,"albumName2826",1511,"1970-05-25"
2827,"albumName2827",4404,"1981-12-24"
2828,"albumName2828",1490,"2017-04-16"
2829,"albumName2829",3550,"2009-04-26"
2830,"albumName2830",2114,"1995-04-09"
2831,"albumName2831",4853,"1973-10-07"
2832,"albumName2832",2253,"1971-06-14"
2833,"albumName2833",3929,"2068-04-10"
2834,"albumName2834",4690,"2068-10-25"
2835,"albumName2835",1534,"2002-03-20"
2836,"albumName2836",2787,"1981-10-16"
2837,"albumName2837",664,"2002-07-17"
2838,"albumName2838",3828,"1988-08-22"
2839,"albumName2839",2141,"2067-10-28"
2840,"albumName2840",3335,"1984-03-09"
2841,"albumName2841",4782,"2054-09-03"
2842,"albumName2842",1048,"2018-02-20"
2843,"albumName2843",3915,"1990-05-19"
2844,"albumName2844",1707,"2007-01-14"
2845,"albumName2845",3069,"1980-01-24"
2846,"albumName2846",1577,"1989-05-16"
2847,"albumName2847",4511,"2003-12-21"
2848,"albumName2848",802,"2062-11-06"
2849,"albumName2849",2550,"2009-11-23"
2850,"albumName2850",3759,"2021-05-19"
2851,"albumName2851",1327,"1970-05-28"
2852,"albumName2852",4786,"2052-08-25"
2853,"albumName2853",3133,"1998-12-03"
2854,"albumName2854",1326,"1998-01-17"
2855,"albumName2855",3028,"2051-08-07"
2856,"albumName2856",759,"2012-02-20"
2857,"albumName2857",4603,"2013-10-12"
2858,"albumName2858",4639,"1995-07-05"
2859,"albumName2859",358,"1978-03-23"
2860,"albumName2860",2288,"1983-06-26"
2861,"albumName2861",4366,"2052-03-01"
2862,"albumName2862",312,"2021-11-22"
2863,"albumName2863",2588,"2022-04-21"
2864,"albumName2864",1934,"1998-08-15"
2865,"albumName2865",868,"1980-07-17"
2866,"albumName2866",4829,"2054-01-22"
2867,"albumName2867",522,"1977-04-02"
2868,"albumName2868",2031,"2063-10-26"
2869,"albumName2869",1999,"2007-02-06"
2870,"albumName2870",4663,"2023-08-25"
2871,"albumName2871",2716,"2010-11-03"
2872,"albumName2872",3188,"2051-07-28"
2873,"albumName2873",1272,"2006-04-11"
2874,"albumName2874",1137,"1980-06-13"
2875,"albumName2875",319,"2002-11-26"
2876,"albumName2876",527,"2063-04-28"
2877,"albumName2877",2069,"2025-01-03"
2878,"albumName2878",2905,"1972-11-26"
2879,"albumName2879",63,"2053-11-03"
2880,"albumName2880",326,"2000-07-17"
2881,"albumName2881",2657,"1979-06-02"
2882,"albumName2882",3816,"2007-12-24"
2883,"albumName2883",4276,"1994-07-14"
2884,"albumName2884",1011,"2024-08-03"
2885,"albumName2885",3873,"2067-10-06"
2886,"albumName2886",364,"2054-07-26"
2887,"albumName2887",4156,"2022-02-14"
2888,"albumName2888",2845,"1985-10-23"
2889,"albumName2889",2950,"1998-08-20"
2890,"albumName2890",1641,"2023-03-28"
2891,"albumName2891",705,"2001-12-25"
2892,"albumName2892",2965,"1986-04-02"
2893,"albumName2893",1537,"1976-11-06"
2894,"albumName2894",4609,"2062-07-03"
2895,"albumName2895",3429,"2052-02-12"
2896,"albumName2896",2165,"2010-04-07"
2897,"albumName2897",3236,"2061-01-01"
2898,"albumName2898",944,"1977-10-10"
2899,"albumName2899",172,"2014-06-08"
2900,"albumName2900",796,"1988-09-08"
2901,"albumName2901",249,"2004-06-15"
2902,"albumName2902",1163,"2004-12-25"
2903,"albumName2903",892,"2021-10-05"
2904,"albumName2904",1564,"1988-11-17"
2905,"albumName2905",3221,"1992-07-25"
2906,"albumName2906",1182,"2016-10-06"
2907,"albumName2907",1859,"2017-08-04"
2908,"albumName2908",1284,"2054-07-02"
2909,"albumName2909",911,"2058-09-25"
2910,"albumName2910",4363,"2068-07-26"
2911,"albumName2911",2161,"2008-01-03"
2912,"albumName2912",3080,"2004-05-12"
2913,"albumName2913",596,"2021-09-14"
2914,"albumName2914",148,"2019-05-18"
2915,"albumName2915",3130,"1982-11-11"
2916,"albumName2916",516,"2064-11-13"
2917,"albumName2917",1118,"1998-12-26"
2918,"albumName2918",2890,"2064-07-26"
2919,"albumName2919",3925,"2005-11-13"
2920,"albumName2920",559,"1992-04-07"
2921,"albumName2921",1775,"1973-09-20"
2922,"albumName2922",1934,"1979-02-15"
2923,"albumName2923",3063,"1975-11-24"
2924,"albumName2924",4278,"1974-03-27"
2925,"albumName2925",2343,"1980-04-05"
2926,"albumName2926",773,"2061-06-13"
2927,"albumName2927",2419,"2022-10-18"
2928,"albumName2928",2955,"1997-10-16"
2929,"albumName2929",1571,"1993-06-09"
2930,"albumName2930",1076,"1984-12-21"
2931,"albumName2931",4080,"2000-02-01"
2932,"albumName2932",2342,"2053-04-17"
2933,"albumName2933",4043,"1975-08-06"
2934,"albumName2934",4838,"2057-10-03"
2935,"albumName2935",3030,"2011-04-26"
2936,"albumName2936",226,"2013-02-28"
2937,"albumName2937",2337,"2052-10-12"
2938,"albumName2938",136,"2001-11-12"
2939,"albumName2939",2986,"2066-02-24"
2940,"albumName2940",1750,"2060-12-26"
2941,"albumName2941",519,"2062-01-06"
2942,"albumName2942",3283,"1994-09-19"
2943,"albumName2943",4076,"2013-09-17"
2944,"albumName2944",4883,"1980-02-04"
2945,"albumName2945",3375,"1998-03-27"
2946,"albumName2946",4442,"1985-02-19"
2947,"albumName2947",1898,"1978-07-22"
2948,"albumName2948",4186,"2021-03-01"
2949,"albumName2949",4704,"1994-10-18"
2950,"albumName2950",1541,"2015-06-10"
2951,"albumName2951",2418,"2052-02-20"
2952,"albumName2952",2742,"1986-03-22"
2953,"albumName2953",76,"2069-01-25"
2954,"albumName2954",1576,"1991-07-22"
2955,"albumName2955",3501,"2009-10-07"
2956,"albumName2956",1307,"2014-10-22"
2957,"albumName2957",104,"1983-03-15"
2958,"albumName2958",349,"2000-11-19"
2959,"albumName2959",2329,"1975-01-22"
2960,"albumName2960",465,"1999-05-25"
2961,"albumName2961",1618,"2012-11-10"
2962,"albumName2962",1050,"1985-05-09"
2963,"albumName2963",4124,"2061-09-20"
2964,"albumName2964",2750,"2003-10-28"
2965,"albumName2965",1268,"1983-08-28"
2966,"albumName2966",1295,"2024-05-26"
2967,"albumName2967",4202,"1983-06-27"
2968,"albumName2968",864,"1981-05-10"
2969,"albumName2969",1540,"1984-08-22"
2970,"albumName2970",1003,"2061-08-03"
2971,"albumName2971",2243,"1995-07-16"
2972,"albumName2972",4404,"2014-09-26"
2973,"albumName2973",885,"1972-12-04"
2974,"albumName2974",2294,"1982-09-10"
2975,"albumName2975",2206,"2014-08-13"
2976,"albumName2976",1220,"2059-07-16"
2977,"albumName2977",2882,"2006-03-25"
2978,"albumName2978",1592,"2069-09-18"
2979,"albumName2979",2067,"1990-01-07"
2980,"albumName2980",2784,"2056-03-06"
2981,"albumName2981",3605,"2052-01-24"
2982,"albumName2982",4361,"1999-04-12"
2983,"albumName2983",2422,"1977-07-06"
2984,"albumName2984",39,"2006-08-17"
2985,"albumName2985",3253,"2062-05-22"
2986,"albumName2986",3197,"2069-09-14"
2987,"albumName2987",1024,"1988-11-01"
2988,"albumName2988",4615,"1984-04-24"
2989,"albumName2989",1679,"2061-05-09"
2990,"albumName2990",4096,"2005-01-06"
2991,"albumName2991",1214,"1971-03-10"
2992,"albumName2992",4739,"2017-07-25"
2993,"albumName2993",3031,"2018-12-03"
2994,"albumName2994",3345,"2004-12-26"
2995,"albumName2995",2545,"2001-02-12"
2996,"albumName2996",940,"1990-01-25"
2997,"albumName2997",849,"2017-01-23"
2998,"albumName2998",3151,"1996-04-07"
2999,"albumName2999",104,"2009-12-09"
3000,"albumName3000",4226,"1998-07-08"
3001,"albumName3001",4187,"1971-03-22"
3002,"albumName3002",1398,"1986-11-04"
3003,"albumName3003",3069,"1988-07-18"
3004,"albumName3004",4186,"2010-10-05"
3005,"albumName3005",3083,"1986-11-27"
3006,"albumName3006",1971,"1981-04-16"
3007,"albumName3007",4562,"1981-03-12"
3008,"albumName3008",2809,"2065-02-15"
3009,"albumName3009",3847,"2061-10-21"
3010,"albumName3010",1845,"2069-05-14"
3011,"albumName3011",1729,"2058-02-18"
3012,"albumName3012",4846,"1974-06-28"
3013,"albumName3013",418,"1996-05-14"
3014,"albumName3014",2624,"1970-12-07"
3015,"albumName3015",1752,"2059-12-23"
3016,"albumName3016",573,"2064-10-12"
3017,"albumName3017",4830,"1980-01-13"
3018,"albumName3018",3435,"2017-05-01"
3019,"albumName3019",3738,"2059-09-12"
3020,"albumName3020",4036,"2023-07-17"
3021,"albumName3021",689,"1981-06-22"
3022,"albumName3022",3715,"1999-12-28"
3023,"albumName3023",4165,"2005-11-01"
3024,"albumName3024",4865,"1979-08-07"
3025,"albumName3025",185,"1997-09-04"
3026,"albumName3026",471,"2022-10-16"
3027,"albumName3027",791,"1989-09-02"
3028,"albumName3028",317,"2053-06-26"
3029,"albumName3029",2504,"1981-02-15"
3030,"albumName3030",2813,"2066-06-24"
3031,"albumName3031",3013,"2004-08-10"
3032,"albumName3032",899,"1991-12-27"
3033,"albumName3033",4589,"2068-07-13"
3034,"albumName3034",4423,"2019-11-18"
3035,"albumName3035",411,"2063-09-19"
3036,"albumName3036",4315,"2019-03-02"
3037,"albumName3037",3973,"2051-03-04"
3038,"albumName3038",3148,"2060-09-23"
3039,"albumName3039",438,"1991-03-04"
3040,"albumName3040",2281,"1981-08-01"
3041,"albumName3041",4047,"1983-05-09"
3042,"albumName3042",1000,"1993-11-21"
3043,"albumName3043",3722,"1986-12-03"
3044,"albumName3044",3414,"2008-02-27"
3045,"albumName3045",4124,"2058-02-26"
3046,"albumName3046",2211,"1973-04-01"
3047,"albumName3047",3402,"1983-02-19"
3048,"albumName3048",2481,"1989-02-11"
3049,"albumName3049",438,"2014-04-12"
3050,"albumName3050",2083,"2013-09-21"
3051,"albumName3051",2632,"2051-09-23"
3052,"albumName3052",1532,"1988-07-18"
3053,"albumName3053",2627,"2004-04-16"
3054,"albumName3054",4494,"2064-01-17"
3055,"albumName3055",3426,"1999-08-04"
3056,"albumName3056",321,"1997-04-28"
3057,"albumName3057",557,"2014-05-09"
3058,"albumName3058",2131,"2062-02-14"
3059,"albumName3059",80,"2011-11-16"
3060,"albumName3060",1539,"2021-12-03"
3061,"albumName3061",4288,"2021-04-28"
3062,"albumName3062",2826,"2011-08-10"
3063,"albumName3063",3188,"1997-03-01"
3064,"albumName3064",4359,"1991-08-13"
3065,"albumName3065",328,"2002-12-21"
3066,"albumName3066",2121,"2060-03-21"
3067,"albumName3067",4572,"2055-08-25"
3068,"albumName3068",3069,"1978-11-19"
3069,"albumName3069",4885,"1973-08-15"
3070,"albumName3070",3316,"2065-08-08"
3071,"albumName3071",4627,"1978-01-04"
3072,"albumName3072",1145,"1980-07-16"
3073,"albumName3073",1591,"1992-11-01"
3074,"albumName3074",1573,"2024-05-27"
3075,"albumName3075",3196,"2025-05-19"
3076,"albumName3076",3397,"2058-08-12"
3077,"albumName3077",2070,"2056-01-04"
3078,"albumName3078",1071,"1985-02-26"
3079,"albumName3079",17,"2056-04-07"
3080,"albumName3080",2653,"2060-03-16"
3081,"albumName3081",4862,"1998-11-09"
3082,"albumName3082",743,"1991-02-03"
3083,"albumName3083",3397,"2002-10-08"
3084,"albumName3084",4045,"2011-05-11"
3085,"albumName3085",2257,"2007-07-27"
3086,"albumName3086",535,"2021-12-01"
3087,"albumName3087",2417,"1999-09-27"
3088,"albumName3088",4795,"2059-12-20"
3089,"albumName3089",125,"2057-11-15"
3090,"albumName3090",2066,"2053-05-07"
3091,"albumName3091",4601,"2054-08-20"
3092,"albumName3092",2528,"2018-07-25"
3093,"albumName3093",4638,"2010-03-14"
3094,"albumName3094",1054,"2060-03-06"
3095,"albumName3095",4266,"1985-11-28"
3096,"albumName3096",3287,"2057-02-03"
3097,"albumName3097",4140,"2007-03-20"
3098,"albumName3098",3186,"1989-02-18"
3099,"albumName3099",4158,"2022-05-10"
3100,"albumName3100",640,"2052-06-07"
3101,"albumName3101",2106,"2016-11-10"
3102,"albumName3102",36,"2011-03-12"
3103,"albumName3103",1387,"1986-07-25"
3104,"albumName3104",1144,"2016-08-27"
3105,"albumName3105",403,"1972-04-05"
3106,"albumName3106",2344,"2018-08-11"
3107,"albumName3107",3434,"1986-01-14"
3108,"albumName3108",784,"2019-11-03"
3109,"albumName3109",1267,"2051-07-12"
3110,"albumName3110",497,"1991-06-19"
3111,"albumName3111",1705,"1990-08-28"
3112,"albumName3112",1550,"2023-02-12"
3113,"albumName3113",1836,"1997-03-16"
3114,"albumName3114",3907,"1975-07-12"
3115,"albumName3115",1463,"1976-02-09"
3116,"albumName3116",4236,"1996-07-11"
3117,"albumName3117",3200,"2013-03-15"
3118,"albumName3118",3274,"2023-04-13"
3119,"albumName3119",651,"1989-01-01"
3120,"albumName3120",1779,"2008-11-19"
3121,"albumName3121",2213,"1988-10-05"
3122,"albumName3122",1785,"2052-07-07"
3123,"albumName3123",3852,"2000-01-17"
3124,"albumName3124",4553,"1982-03-09"
3125,"albumName3125",3407,"1993-06-23"
3126,"albumName3126",2995,"1999-09-19"
3127,"albumName3127",1766,"2065-11-03"
3128,"albumName3128",2127,"2060-04-09"
3129,"albumName3129",1520,"1975-05-13"
3130,"albumName3130",1483,"2057-11-17"
3131,"albumName3131",1619,"2024-08-23"
3132,"albumName3132",1011,"2061-02-19"
3133,"albumName3133",1528,"1994-09-26"
3134,"albumName3134",2535,"2057-09-10"
3135,"albumName3135",4716,"1994-04-24"
3136,"albumName3136",2970,"1976-06-26"
3137,"albumName3137",1719,"2069-06-13"
3138,"albumName3138",1582,"1989-08-04"
3139,"albumName3139",3114,"2016-06-28"
3140,"albumName3140",443,"1972-09-18"
3141,"albumName3141",2285,"2023-07-10"
3142,"albumName3142",3083,"2013-11-13"
3143,"albumName3143",1073,"2006-03-01"
3144,"albumName3144",4358,"2005-12-25"
3145,"albumName3145",2149,"2056-08-04"
3146,"albumName3146",1567,"1985-07-01"
3147,"albumName3147",2700,"2012-12-11"
3148,"albumName3148",3660,"2010-12-05"
3149,"albumName3149",375,"1972-06-09"
3150,"albumName3150",3550,"1984-03-26"
3151,"albumName3151",366,"1975-08-18"
3152,"albumName3152",4403,"2020-04-22"
3153,"albumName3153",4315,"1971-12-12"
3154,"albumName3154",4239,"1971-01-06"
3155,"albumName3155",2422,"1985-06-18"
3156,"albumName3156",3381,"2060-05-20"
3157,"albumName3157",2610,"1996-08-24"
3158,"albumName3158",2707,"2061-04-16"
3159,"albumName3159",2994,"2016-09-11"
3160,"albumName3160",1554,"1984-12-17"
3161,"albumName3161",1297,"1974-01-05"
3162,"albumName3162",3530,"1974-06-26"
3163,"albumName3163",3876,"1972-01-15"
3164,"albumName3164",3541,"1970-10-12"
3165,"albumName3165",890,"2006-10-02"
3166,"albumName3166",4270,"1997-12-06"
3167,"albumName3167",2267,"1986-09-05"
3168,"albumName3168",1388,"2018-12-17"
3169,"albumName3169",4839,"2014-11-03"
3170,"albumName3170",2896,"2021-12-16"
3171,"albumName3171",3412,"1983-09-14"
3172,"albumName3172",271,"2065-12-05"
3173,"albumName3173",1707,"2024-08-10"
3174,"albumName3174",3067,"1976-08-11"
3175,"albumName3175",2096,"2009-02-11"
3176,"albumName3176",2669,"2007-02-02"
3177,"albumName3177",67,"1978-09-08"
3178,"albumName3178",1271,"1971-04-25"
3179,"albumName3179",2133,"2014-09-28"
3180,"albumName3180",1732,"1972-10-18"
3181,"albumName3181",1008,"2061-04-02"
3182,"albumName3182",2394,"2002-06-15"
3183,"albumName3183",1711,"2020-10-23"
3184,"albumName3184",2527,"2063-07-22"
3185,"albumName3185",1661,"2060-03-10"
3186,"albumName3186",2288,"2001-06-12"
3187,"albumName3187",4352,"1970-06-07"
3188,"albumName3188",1421,"2004-10-10"
3189,"albumName3189",2909,"2019-07-12"
3190,"albumName3190",3699,"2005-10-24"
3191,"albumName3191",4883,"1986-09-16"
3192,"albumName3192",3319,"2010-01-03"
3193,"albumName3193",3979,"2057-01-14"
3194,"albumName3194",3183,"2054-10-01"
3195,"albumName3195",4037,"2060-10-07"
3196,"albumName3196",2315,"2007-10-03"
3197,"albumName3197",2818,"2006-09-06"
3198,"albumName3198",4009,"1999-06-25"
3199,"albumName3199",3946,"2000-08-12"
3200,"albumName3200",328,"2068-12-13"
3201,"albumName3201",2156,"2021-08-25"
3202,"albumName3202",3503,"1985-01-05"
3203,"albumName3203",3782,"2018-05-16"
3204,"albumName3204",646,"1971-09-01"
3205,"albumName3205",1282,"2067-10-06"
3206,"albumName3206",2015,"1989-01-04"
3207,"albumName3207",2274,"2025-03-27"
3208,"albumName3208",4669,"1978-03-18"
3209,"albumName3209",410,"1987-12-25"
3210,"albumName3210",2648,"1977-08-14"
3211,"albumName3211",3232,"2010-02-20"
3212,"albumName3212",4827,"2005-07-08"
3213,"albumName3213",1118,"2068-01-23"
3214,"albumName3214",1782,"2025-02-20"
3215,"albumName3215",4493,"2012-03-10"
3216,"albumName3216",1386,"2007-11-09"
3217,"albumName3217",3197,"2053-11-23"
3218,"albumName3218",3184,"2002-08-06"
3219,"albumName3219",2744,"2019-09-13"
3220,"albumName3220",3452,"2051-02-19"
3221,"albumName3221",2552,"1987-06-19"
3222,"albumName3222",3138,"1983-04-24"
3223,"albumName3223",4388,"2059-12-21"
3224,"albumName3224",2595,"2000-03-11"
3225,"albumName3225",1630,"1988-10-25"
3226,"albumName3226",2105,"2057-03-16"
3227,"albumName3227",236,"2060-08-16"
3228,"albumName3228",272,"1977-09-06"
3229,"albumName3229",4653,"1981-09-19"
3230,"albumName3230",2353,"2014-03-11"
3231,"albumName3231",588,"2058-05-11"
3232,"albumName3232",4652,"2022-02-26"
3233,"albumName3233",309,"2020-03-26"
3234,"albumName3234",1541,"2064-11-27"
3235,"albumName3235",2122,"2063-05-22"
3236,"albumName3236",1837,"1992-05-15"
3237,"albumName3237",4670,"2012-04-20"
3238,"albumName3238",4006,"2000-03-26"
3239,"albumName3239",3464,"1994-11-07"
3240,"albumName3240",4260,"2015-01-17"
3241,"albumName3241",3961,"2023-08-04"
3242,"albumName3242",437,"1992-08-27"
3243,"albumName3243",1967,"1995-08-16"
3244,"albumName3244",4900,"1985-06-13"
3245,"albumName3245",201,"2054-01-27"
3246,"albumName3246",2863,"2020-04-09"
3247,"albumName3247",4011,"1985-01-23"
3248,"albumName3248",566,"1985-03-02"
3249,"albumName3249",4637,"1996-03-07"
3250,"albumName3250",4855,"1999-11-22"
3251,"albumName3251",1047,"2002-05-25"
3252,"albumName3252",699,"1983-07-23"
3253,"albumName3253",2187,"1986-03-15"
3254,"albumName3254",2912,"1996-06-28"
3255,"albumName3255",3106,"2059-02-05"
3256,"albumName3256",638,"2053-07-28"
3257,"albumName3257",701,"2068-05-03"
3258,"albumName3258",4481,"1996-07-21"
3259,"albumName3259",3922,"2068-02-26"
3260,"albumName3260",1487,"2015-12-04"
3261,"albumName3261",4204,"2004-03-28"
3262,"albumName3262",708,"2063-06-09"
3263,"albumName3263",2536,"1989-10-02"
3264,"albumName3264",2949,"1992-12-14"
3265,"albumName3265",3584,"2017-03-16"
3266,"albumName3266",881,"1993-03-02"
3267,"albumName3267",3033,"2056-05-27"
3268,"albumName3268",620,"1971-05-26"
3269,"albumName3269",1003,"2062-02-17"
3270,"albumName3270",1974,"1979-10-19"
3271,"albumName3271",4485,"1974-12-13"
3272,"albumName3272",2010,"2014-09-08"
3273,"albumName3273",3557,"1976-03-27"
3274,"albumName3274",2271,"2056-10-17"
3275,"albumName3275",4612,"1981-08-14"
3276,"albumName3276",1453,"1999-09-22"
3277,"albumName3277",4869,"2017-03-20"
3278,"albumName3278",4629,"2011-01-10"
3279,"albumName3279",1119,"2000-08-09"
3280,"albumName3280",1408,"1996-11-14"
3281,"albumName3281",2006,"2058-09-03"
3282,"albumName3282",1743,"2059-02-21"
3283,"albumName3283",3284,"1992-08-06"
3284,"albumName3284",1768,"2068-07-11"
3285,"albumName3285",1027,"1995-03-08"
3286,"albumName3286",2385,"1994-11-28"
3287,"albumName3287",3319,"2002-07-15"
3288,"albumName3288",2266,"2069-04-07"
3289,"albumName3289",1257,"1995-02-02"
3290,"albumName3290",2197,"2007-01-04"
3291,"albumName3291",2372,"1993-06-05"
3292,"albumName3292",1024,"2052-04-23"
3293,"albumName3293",2149,"2004-09-01"
3294,"albumName3294",2730,"2018-02-01"
3295,"albumName3295",3840,"1985-07-28"
3296,"albumName3296",3375,"1985-02-23"
3297,"albumName3297",3633,"2053-12-28"
3298,"albumName3298",2221,"2063-09-24"
3299,"albumName3299",1559,"2055-02-02"
3300,"albumName3300",1145,"1984-05-02"
3301,"albumName3301",4727,"1995-06-05"
3302,"albumName3302",4855,"2013-03-12"
3303,"albumName3303",359,"2020-12-17"
3304,"albumName3304",3802,"2021-07-11"
3305,"albumName3305",942,"2067-11-07"
3306,"albumName3306",3937,"1989-07-12"
3307,"albumName3307",4462,"2057-09-16"
3308,"albumName3308",3510,"1986-02-14"
3309,"albumName3309",3767,"2063-01-06"
3310,"albumName3310",3653,"2068-03-15"
3311,"albumName3311",934,"2056-10-16"
3312,"albumName3312",4530,"2006-07-05"
3313,"albumName3313",3967,"1971-05-02"
3314,"albumName3314",4750,"2013-08-28"
3315,"albumName3315",512,"2051-12-04"
3316,"albumName3316",4691,"2023-10-12"
3317,"albumName3317",2796,"2015-10-02"
3318,"albumName3318",1083,"1984-09-05"
3319,"albumName3319",4252,"2065-04-09"
3320,"albumName3320",903,"2058-03-05"
3321,"albumName3321",2044,"2018-05-04"
3322,"albumName3322",1648,"2009-07-08"
3323,"albumName3323",1574,"2019-03-12"
3324,"albumName3324",4097,"2011-12-25"
3325,"albumName3325",863,"1983-01-10"
3326,"albumName3326",2999,"2006-05-15"
3327,"albumName3327",4750,"2016-05-22"
3328,"albumName3328",1170,"1977-04-06"
3329,"albumName3329",3442,"1990-02-04"
3330,"albumName3330",59,"1996-11-15"
3331,"albumName3331",4187,"2065-05-26"
3332,"albumName3332",4580,"2007-02-11"
3333,"albumName3333",3439,"2054-10-14"
3334,"albumName3334",1584,"2015-12-12"
3335,"albumName3335",3288,"1992-11-11"
3336,"albumName3336",3308,"1983-11-22"
3337,"albumName3337",2568,"1978-09-22"
3338,"albumName3338",3693,"2063-05-17"
3339,"albumName3339",4277,"1971-07-17"
3340,"albumName3340",3690,"2012-02-05"
3341,"albumName3341",3217,"2058-06-18"
3342,"albumName3342",4313,"1971-05-12"
3343,"albumName3343",222,"1983-12-20"
3344,"albumName3344",4780,"2065-06-04"
3345,"albumName3345",1602,"2012-11-22"
3346,"albumName3346",4700,"2008-12-13"
3347,"albumName3347",2697,"1974-05-17"
3348,"albumName3348",2381,"2015-07-10"
3349,"albumName3349",1365,"2061-05-20"
3350,"albumName3350",4299,"1980-03-02"
3351,"albumName3351",1216,"1974-01-17"
3352,"albumName3352",4292,"1986-03-22"
3353,"albumName3353",2511,"2006-04-27"
3354,"albumName3354",4553,"2052-01-01"
3355,"albumName3355",3432,"2013-07-06"
3356,"albumName3356",377,"1995-03-15"
3357,"albumName3357",2610,"2025-11-17"
3358,"albumName3358",308,"2052-06-10"
3359,"albumName3359",2269,"1977-01-28"
3360,"albumName3360",2965,"1997-01-13"
3361,"albumName3361",3216,"1971-09-08"
3362,"albumName3362",3249,"2005-02-06"
3363,"albumName3363",2277,"1973-08-18"
3364,"albumName3364",2286,"2057-09-27"
3365,"albumName3365",1925,"1984-07-24"
3366,"albumName3366",248,"2025-09-22"
3367,"albumName3367",370,"2016-03-02"
3368,"albumName3368",1850,"1974-05-12"
3369,"albumName3369",2461,"1972-11-15"
3370,"albumName3370",690,"1978-07-11"
3371,"albumName3371",2944,"2057-12-26"
3372,"albumName3372",2893,"1982-02-05"
3373,"albumName3373",1955,"1999-08-06"
3374,"albumName3374",3882,"2001-12-02"
3375,"albumName3375",4427,"1989-06-02"
3376,"albumName3376",2772,"2059-03-22"
3377,"albumName3377",2042,"1993-02-18"
3378,"albumName3378",3322,"1974-03-21"
3379,"albumName3379",3551,"2004-01-22"
3380,"albumName3380",753,"1999-05-25"
3381,"albumName3381",3328,"2067-11-16"
3382,"albumName3382",4519,"1993-09-12"
3383,"albumName3383",3040,"1991-05-03"
3384,"albumName3384",1722,"1977-01-25"
3385,"albumName3385",516,"1977-01-21"
3386,"albumName3386",1329,"1982-12-18"
3387,"albumName3387",4437,"1996-11-19"
3388,"albumName3388",1533,"1986-01-24"
3389,"albumName3389",4017,"2004-03-03"
3390,"albumName3390",3927,"2019-02-25"
3391,"albumName3391",3671,"2001-03-01"
3392,"albumName3392",198,"1973-07-06"
3393,"albumName3393",4831,"2054-12-17"
3394,"albumName3394",2060,"1977-05-04"
3395,"albumName3395",488,"1972-03-06"
3396,"albumName3396",2240,"1993-05-01"
3397,"albumName3397",822,"1978-11-15"
3398,"albumName3398",2939,"1973-12-25"
3399,"albumName3399",1921,"1991-07-27"
3400,"albumName3400",1895,"2023-01-23"
3401,"albumName3401",527,"1974-05-13"
3402,"albumName3402",4059,"2060-05-22"
3403,"albumName3403",2039,"1990-08-26"
3404,"albumName3404",2929,"2011-01-27"
3405,"albumName3405",1337,"2054-03-07"
3406,"albumName3406",4138,"1999-10-10"
3407,"albumName3407",1060,"1979-11-11"
3408,"albumName3408",1825,"1986-11-14"
3409,"albumName3409",1413,"2004-09-09"
3410,"albumName3410",3686,"1977-04-01"
3411,"albumName3411",436,"1997-01-19"
3412,"albumName3412",236,"2021-04-17"
3413,"albumName3413",4282,"1998-10-05"
3414,"albumName3414",1275,"1981-12-09"
3415,"albumName3415",198,"2058-09-25"
3416,"albumName3416",2565,"1988-04-06"
3417,"albumName3417",4505,"2059-09-22"
3418,"albumName3418",4302,"2023-01-20"
3419,"albumName3419",974,"2052-01-01"
3420,"albumName3420",3603,"2003-10-28"
3421,"albumName3421",1607,"2067-06-25"
3422,"albumName3422",4608,"1987-03-12"
3423,"albumName3423",2662,"2069-11-03"
3424,"albumName3424",1986,"1993-12-07"
3425,"albumName3425",2909,"1982-07-08"
3426,"albumName3426",2360,"1980-10-20"
3427,"albumName3427",1733,"1973-11-20"
3428,"albumName3428",1559,"2003-08-12"
3429,"albumName3429",3961,"2013-03-17"
3430,"albumName3430",3446,"2051-10-04"
3431,"albumName3431",2267,"2066-03-20"
3432,"albumName3432",3814,"2051-07-11"
3433,"albumName3433",3835,"1989-10-28"
3434,"albumName3434",891,"1975-03-20"
3435,"albumName3435",1438,"2052-02-15"
3436,"albumName3436",1333,"1982-09-04"
3437,"albumName3437",2368,"1978-04-07"
3438,"albumName3438",1274,"1999-12-18"
3439,"albumName3439",376,"2006-08-19"
3440,"albumName3440",1447,"2012-10-09"
3441,"albumName3441",1598,"2019-08-09"
3442,"albumName3442",1988,"2017-03-15"
3443,"albumName3443",2487,"2002-12-25"
3444,"albumName3444",1388,"2069-05-19"
3445,"albumName3445",1782,"2003-10-08"
3446,"albumName3446",485,"2053-02-04"
3447,"albumName3447",3177,"2067-02-16"
3448,"albumName3448",1380,"2010-06-17"
3449,"albumName3449",2299,"2068-01-01"
3450,"albumName3450",2047,"2066-09-05"
3451,"albumName3451",2403,"2051-03-10"
3452,"albumName3452",2201,"2023-04-11"
3453,"albumName3453",3353,"2058-12-15"
3454,"albumName3454",564,"1972-01-24"
3455,"albumName3455",3345,"2022-09-03"
3456,"albumName3456",467,"1974-08-19"
3457,"albumName3457",1361,"2065-03-08"
3458,"albumName3458",438,"2012-05-16"
3459,"albumName3459",3175,"2052-09-16"
3460,"albumName3460",4257,"1982-06-10"
3461,"albumName3461",4512,"2056-09-25"
3462,"albumName3462",3053,"2060-10-09"
3463,"albumName3463",2500,"2069-07-16"
3464,"albumName3464",3185,"2008-07-10"
3465,"albumName3465",3288,"2058-11-14"
3466,"albumName3466",2424,"1999-12-01"
3467,"albumName3467",235,"2025-03-23"
3468,"albumName3468",1264,"1987-03-09"
3469,"albumName3469",602,"1971-10-10"
3470,"albumName3470",1923,"2003-01-03"
3471,"albumName3471",23,"1972-12-03"
3472,"albumName3472",557,"2023-03-17"
3473,"albumName3473",893,"1989-05-22"
3474,"albumName3474",2678,"2005-08-18"
3475,"albumName3475",2980,"2008-05-06"
3476,"albumName3476",2180,"2023-06-14"
3477,"albumName3477",871,"2014-04-02"
3478,"albumName3478",3559,"2060-12-13"
3479,"albumName3479",4732,"2069-03-11"
3480,"albumName3480",4350,"1971-12-05"
3481,"albumName3481",2968,"2022-03-04"
3482,"albumName3482",2512,"1973-06-12"
3483,"albumName3483",960,"2061-04-03"
3484,"albumName3484",2812,"2015-01-25"
3485,"albumName3485",2465,"2006-11-12"
3486,"albumName3486",3786,"2012-04-15"
3487,"albumName3487",1300,"1989-01-03"
3488,"albumName3488",1128,"1970-11-07"
3489,"albumName3489",1122,"2001-11-22"
3490,"albumName3490",200,"1973-10-14"
3491,"albumName3491",759,"2064-05-06"
3492,"albumName3492",2649,"2012-09-19"
3493,"albumName3493",215,"1982-09-03"
3494,"albumName3494",4481,"2023-08-10"
3495,"albumName3495",82,"1984-09-19"
3496,"albumName3496",4057,"2055-01-15"
3497,"albumName3497",123,"2023-06-17"
3498,"albumName3498",2991,"1992-03-03"
3499,"albumName3499",792,"1992-09-25"
3500,"albumName3500",263,"2002-05-28"
3501,"albumName3501",4782,"1974-10-10"
3502,"albumName3502",3154,"2015-03-28"
3503,"albumName3503",4060,"2002-03-28"
3504,"albumName3504",4711,"1996-09-23"
3505,"albumName3505",3980,"2011-09-10"
3506,"albumName3506",3454,"2005-06-23"
3507,"albumName3507",2449,"1975-06-18"
3508,"albumName3508",2609,"1979-10-09"
3509,"albumName3509",735,"1986-08-08"
3510,"albumName3510",4439,"2003-10-25"
3511,"albumName3511",1390,"2061-01-13"
3512,"albumName3512",1387,"2005-10-13"
3513,"albumName3513",4427,"2024-03-07"
3514,"albumName3514",3876,"1972-03-16"
3515,"albumName3515",3018,"2019-03-27"
3516,"albumName3516",4603,"2006-01-02"
3517,"albumName3517",856,"1982-07-21"
3518,"albumName3518",3247,"2004-09-20"
3519,"albumName3519",2295,"2060-05-20"
3520,"albumName3520",1984,"1997-02-04"
3521,"albumName3521",3148,"2010-12-03"
3522,"albumName3522",4324,"2009-07-02"
3523,"albumName3523",1044,"2001-02-28"
3524,"albumName3524",4170,"2018-06-06"
3525,"albumName3525",322,"2001-08-15"
3526,"albumName3526",2774,"2009-09-03"
3527,"albumName3527",1181,"2068-05-21"
3528,"albumName3528",4905,"2001-10-24"
3529,"albumName3529",3421,"1991-08-27"
3530,"albumName3530",4441,"2021-07-05"
3531,"albumName3531",2220,"2018-10-16"
3532,"albumName3532",2262,"1974-02-26"
3533,"albumName3533",4491,"2001-04-14"
3534,"albumName3534",212,"2057-09-03"
3535,"albumName3535",4385,"1975-04-01"
3536,"albumName3536",4261,"2009-09-02"
3537,"albumName3537",4298,"1978-10-20"
3538,"albumName3538",2785,"2015-08-16"
3539,"albumName3539",4057,"1978-10-15"
3540,"albumName3540",2595,"2000-04-25"
3541,"albumName3541",1076,"2068-05-22"
3542,"albumName3542",1019,"2018-06-08"
3543,"albumName3543",4559,"1982-11-16"
3544,"albumName3544",2342,"1989-03-12"
3545,"albumName3545",4070,"2055-09-15"
3546,"albumName3546",4140,"2008-06-26"
3547,"albumName3547",714,"2016-02-28"
3548,"albumName3548",3708,"2022-02-11"
3549,"albumName3549",418,"1973-02-04"
3550,"albumName3550",731,"1999-05-10"
3551,"albumName3551",986,"1988-09-06"
3552,"albumName3552",1242,"2019-02-17"
3553,"albumName3553",817,"1978-03-21"
3554,"albumName3554",538,"2061-05-10"
3555,"albumName3555",4149,"2008-11-12"
3556,"albumName3556",504,"1989-10-16"
3557,"albumName3557",953,"1989-07-09"
3558,"albumName3558",4473,"2016-08-04"
3559,"albumName3559",1603,"2068-11-04"
3560,"albumName3560",1775,"2021-12-08"
3561,"albumName3561",2110,"2057-03-17"
3562,"albumName3562",4466,"2005-12-21"
3563,"albumName3563",2572,"2015-11-04"
3564,"albumName3564",4155,"2068-11-03"
3565,"albumName3565",447,"1987-12-11"
3566,"albumName3566",4335,"2056-09-05"
3567,"albumName3567",1982,"2002-02-10"
3568,"albumName3568",1212,"1971-08-21"
3569,"albumName3569",704,"1988-11-06"
3570,"albumName3570",4139,"2065-01-16"
3571,"albumName3571",2830,"2065-09-12"
3572,"albumName3572",1192,"2053-01-08"
3573,"albumName3573",3070,"2062-02-20"
3574,"albumName3574",1168,"2053-11-19"
3575,"albumName3575",567,"1990-07-28"
3576,"albumName3576",4900,"1995-04-10"
3577,"albumName3577",1663,"2017-03-18"
3578,"albumName3578",4170,"2060-09-21"
3579,"albumName3579",2729,"2015-11-13"
3580,"albumName3580",3449,"2067-11-19"
3581,"albumName3581",1257,"1973-08-16"
3582,"albumName3582",2377,"2025-10-10"
3583,"albumName3583",1376,"2014-10-22"
3584,"albumName3584",2720,"2022-04-05"
3585,"albumName3585",4377,"2000-05-28"
3586,"albumName3586",1875,"2061-06-17"
3587,"albumName3587",4525,"2003-09-02"
3588,"albumName3588",351,"2015-09-05"
3589,"albumName3589",4393,"2003-08-14"
3590,"albumName3590",710,"2067-07-18"
3591,"albumName3591",2337,"2068-10-06"
3592,"albumName3592",4696,"2014-02-15"
3593,"albumName3593",214,"1984-08-04"
3594,"albumName3594",4248,"2005-07-06"
3595,"albumName3595",3347,"1999-10-03"
3596,"albumName3596",102,"2061-01-10"
3597,"albumName3597",3297,"2023-04-05"
3598,"albumName3598",128,"2007-12-23"
3599,"albumName3599",2317,"2012-02-15"
3600,"albumName3600",84,"2063-12-15"
3601,"albumName3601",4464,"2003-10-08"
3602,"albumName3602",964,"2064-08-24"
3603,"albumName3603",3843,"1970-12-25"
3604,"albumName3604",4876,"2064-05-05"
3605,"albumName3605",3279,"2024-12-18"
3606,"albumName3606",1291,"2065-08-11"
3607,"albumName3607",2848,"1974-01-16"
3608,"albumName3608",4161,"1981-12-14"
3609,"albumName3609",1323,"2059-09-16"
3610,"albumName3610",588,"2008-01-09"
3611,"albumName3611",1365,"2060-12-04"
3612,"albumName3612",2067,"2010-03-04"
3613,"albumName3613",772,"1991-11-06"
3614,"albumName3614",910,"2066-01-17"
3615,"albumName3615",4312,"1994-03-26"
3616,"albumName3616",575,"2022-09-01"
3617,"albumName3617",698,"1984-08-10"
3618,"albumName3618",3034,"2003-08-03"
3619,"albumName3619",4240,"2022-06-28"
3620,"albumName3620",3350,"2020-04-14"
3621,"albumName3621",3325,"1985-06-02"
3622,"albumName3622",3793,"2020-08-09"
3623,"albumName3623",192,"2024-02-07"
3624,"albumName3624",4543,"2025-10-02"
3625,"albumName3625",443,"2012-02-24"
3626,"albumName3626",1926,"2004-01-20"
3627,"albumName3627",1665,"2001-09-09"
3628,"albumName3628",2548,"2023-01-19"
3629,"albumName3629",3268,"2056-03-06"
3630,"albumName3630",3850,"2013-01-23"
3631,"albumName3631",142,"2021-06-17"
3632,"albumName3632",893,"1980-11-05"
3633,"albumName3633",3860,"2064-12-20"
3634,"albumName3634",351,"2063-10-18"
3635,"albumName3635",4153,"1989-04-24"
3636,"albumName3636",2770,"1995-03-20"
3637,"albumName3637",2677,"2019-07-27"
3638,"albumName3638",1247,"2051-01-03"
3639,"albumName3639",671,"2011-08-17"
3640,"albumName3640",4478,"2015-08-13"
3641,"albumName3641",3099,"2052-03-02"
3642,"albumName3642",1188,"2067-12-03"
3643,"albumName3643",4793,"1987-12-28"
3644,"albumName3644",2688,"2065-04-16"
3645,"albumName3645",694,"2057-08-05"
3646,"albumName3646",4465,"1993-03-25"
3647,"albumName3647",452,"1973-10-01"
3648,"albumName3648",4430,"2025-06-07"
3649,"albumName3649",4503,"2059-06-27"
3650,"albumName3650",783,"2057-01-03"
3651,"albumName3651",1302,"2055-10-25"
3652,"albumName3652",2981,"1992-12-26"
3653,"albumName3653",4176,"2065-04-22"
3654,"albumName3654",3559,"1971-03-03"
3655,"albumName3655",588,"1972-01-23"
3656,"albumName3656",2667,"2012-09-13"
3657,"albumName3657",3176,"2006-11-16"
3658,"albumName3658",803,"2016-06-17"
3659,"albumName3659",4045,"2063-12-03"
3660,"albumName3660",2023,"2064-05-05"
3661,"albumName3661",4905,"2017-05-15"
3662,"albumName3662",2838,"1996-10-08"
3663,"albumName3663",2422,"2069-05-06"
3664,"albumName3664",3169,"1996-08-21"
3665,"albumName3665",4467,"1971-06-10"
3666,"albumName3666",2904,"1985-04-01"
3667,"albumName3667",2222,"1999-02-06"
3668,"albumName3668",865,"2014-07-16"
3669,"albumName3669",4780,"2056-04-11"
3670,"albumName3670",1203,"2021-11-13"
3671,"albumName3671",945,"1974-02-05"
3672,"albumName3672",982,"2020-09-26"
3673,"albumName3673",4375,"2024-06-22"
3674,"albumName3674",2051,"2021-07-01"
3675,"albumName3675",827,"2017-03-06"
3676,"albumName3676",1736,"2014-09-08"
3677,"albumName3677",1816,"2014-02-27"
3678,"albumName3678",2070,"1978-03-11"
3679,"albumName3679",2269,"2055-09-23"
3680,"albumName3680",4715,"1996-09-22"
3681,"albumName3681",4585,"1987-09-13"
3682,"albumName3682",1687,"1984-06-13"
3683,"albumName3683",1422,"2053-05-07"
3684,"albumName3684",3277,"1982-12-07"
3685,"albumName3685",985,"2057-05-07"
3686,"albumName3686",408,"1981-02-28"
3687,"albumName3687",837,"2057-03-05"
3688,"albumName3688",3646,"2052-06-28"
3689,"albumName3689",2075,"2057-12-18"
3690,"albumName3690",2896,"2069-08-12"
3691,"albumName3691",4872,"2011-04-19"
3692,"albumName3692",1772,"1980-02-03"
3693,"albumName3693",490,"1993-09-19"
3694,"albumName3694",446,"1978-11-28"
3695,"albumName3695",1312,"1974-04-23"
3696,"albumName3696",3690,"2001-11-17"
3697,"albumName3697",2225,"1985-04-10"
3698,"albumName3698",2247,"2062-10-01"
3699,"albumName3699",3463,"2007-12-16"
3700,"albumName3700",2268,"2061-06-26"
3701,"albumName3701",1773,"2024-09-11"
3702,"albumName3702",4074,"1987-10-27"
3703,"albumName3703",811,"2062-07-10"
3704,"albumName3704",2980,"2054-01-18"
3705,"albumName3705",3082,"1989-03-22"
3706,"albumName3706",690,"2058-09-15"
3707,"albumName3707",3272,"2006-03-13"
3708,"albumName3708",473,"1980-12-05"
3709,"albumName3709",519,"2020-08-28"
3710,"albumName3710",1196,"1971-12-26"
3711,"albumName3711",2401,"1970-03-25"
3712,"albumName3712",3340,"1985-03-17"
3713,"albumName3713",3183,"2052-02-14"
3714,"albumName3714",4774,"1999-09-10"
3715,"albumName3715",1662,"1980-08-21"
3716,"albumName3716",4049,"2023-08-05"
3717,"albumName3717",3145,"2007-02-22"
3718,"albumName3718",2452,"2069-11-23"
3719,"albumName3719",4705,"2061-03-21"
3720,"albumName3720",2515,"1980-01-12"
3721,"albumName3721",2319,"1986-02-23"
3722,"albumName3722",175,"2058-11-26"
3723,"albumName3723",3605,"2016-04-21"
3724,"albumName3724",2680,"1997-08-21"
3725,"albumName3725",4669,"2058-10-12"
3726,"albumName3726",754,"2059-02-23"
3727,"albumName3727",1653,"2022-03-24"
3728,"albumName3728",1443,"1977-11-25"
3729,"albumName3729",2728,"1990-10-12"
3730,"albumName3730",402,"2021-03-23"
3731,"albumName3731",4788,"2024-04-21"
3732,"albumName3732",3941,"1975-03-03"
3733,"albumName3733",4445,"2016-09-25"
3734,"albumName3734",2021,"2021-07-07"
3735,"albumName3735",1002,"1973-01-10"
3736,"albumName3736",3739,"2001-08-28"
3737,"albumName3737",3309,"2058-01-27"
3738,"albumName3738",2874,"2003-04-21"
3739,"albumName3739",2918,"2052-09-26"
3740,"albumName3740",2077,"1983-02-01"
3741,"albumName3741",3226,"1985-02-16"
3742,"albumName3742",1897,"2063-09-18"
3743,"albumName3743",115,"1986-12-12"
3744,"albumName3744",2345,"1978-06-13"
3745,"albumName3745",2400,"1984-01-09"
3746,"albumName3746",465,"1970-06-05"
3747,"albumName3747",3550,"1985-07-06"
3748,"albumName3748",3281,"2021-09-10"
3749,"albumName3749",6,"2005-05-03"
3750,"albumName3750",4482,"1977-05-08"
3751,"albumName3751",1166,"2014-06-21"
3752,"albumName3752",557,"2019-03-06"
3753,"albumName3753",3028,"2024-08-22"
3754,"albumName3754",4867,"1982-06-21"
3755,"albumName3755",3153,"1979-08-11"
3756,"albumName3756",3907,"2055-08-25"
3757,"albumName3757",286,"2010-09-11"
3758,"albumName3758",4468,"1980-11-18"
3759,"albumName3759",2210,"2060-07-24"
3760,"albumName3760",293,"2068-03-20"
3761,"albumName3761",1989,"1989-05-13"
3762,"albumName3762",3080,"2003-05-02"
3763,"albumName3763",2118,"2012-04-18"
3764,"albumName3764",4449,"2067-01-11"
3765,"albumName3765",4219,"2065-10-26"
3766,"albumName3766",3351,"2059-08-25"
3767,"albumName3767",3200,"2000-04-28"
3768,"albumName3768",4803,"2062-02-17"
3769,"albumName3769",1346,"2065-07-06"
3770,"albumName3770",4319,"2067-04-19"
3771,"albumName3771",4833,"2007-01-23"
3772,"albumName3772",4668,"2014-09-22"
3773,"albumName3773",2268,"1982-08-13"
3774,"albumName3774",3188,"2012-10-08"
3775,"albumName3775",3697,"2067-05-17"
3776,"albumName3776",1416,"2021-08-08"
3777,"albumName3777",3892,"2065-05-20"
3778,"albumName3778",62,"2015-04-20"
3779,"albumName3779",3112,"1972-08-12"
3780,"albumName3780",2504,"2022-10-27"
3781,"albumName3781",1894,"2023-06-04"
3782,"albumName3782",1273,"2067-04-05"
3783,"albumName3783",2883,"2065-01-27"
3784,"albumName3784",275,"1999-06-10"
3785,"albumName3785",1708,"2069-08-22"
3786,"albumName3786",1046,"2021-12-26"
3787,"albumName3787",4004,"2023-08-25"
3788,"albumName3788",2728,"1997-06-12"
3789,"albumName3789",1549,"2019-05-01"
3790,"albumName3790",3127,"2066-12-07"
3791,"albumName3791",3466,"2004-01-17"
3792,"albumName3792",684,"1976-03-19"
3793,"albumName3793",4567,"2056-04-11"
3794,"albumName3794",3719,"1982-03-02"
3795,"albumName3795",2849,"2023-02-20"
3796,"albumName3796",579,"2056-07-27"
3797,"albumName3797",1801,"2022-04-28"
3798,"albumName3798",4563,"1996-01-14"
3799,"albumName3799",3252,"2022-06-24"
3800,"albumName3800",2447,"2069-05-18"
3801,"albumName3801",370,"2066-02-17"
3802,"albumName3802",2921,"2007-01-09"
3803,"albumName3803",4751,"2022-01-28"
3804,"albumName3804",2684,"2068-06-20"
3805,"albumName3805",453,"1990-12-20"
3806,"albumName3806",170,"1995-02-10"
3807,"albumName3807",3892,"1997-03-01"
3808,"albumName3808",3767,"2011-06-14"
3809,"albumName3809",3018,"2062-08-16"
3810,"albumName3810",3208,"2067-05-18"
3811,"albumName3811",3031,"2062-04-12"
3812,"albumName3812",2181,"2007-08-15"
3813,"albumName3813",2790,"1998-07-02"
3814,"albumName3814",4759,"1981-03-01"
3815,"albumName3815",795,"1988-08-01"
3816,"albumName3816",3662,"2014-11-18"
3817,"albumName3817",4317,"2015-12-05"
3818,"albumName3818",4095,"1972-10-09"
3819,"albumName3819",1441,"2001-02-01"
3820,"albumName3820",162,"2016-08-07"
3821,"albumName3821",4775,"2014-04-28"
3822,"albumName3822",2979,"2000-05-07"
3823,"albumName3823",4303,"2067-01-25"
3824,"albumName3824",3035,"2022-10-23"
3825,"albumName3825",1840,"2062-09-02"
3826,"albumName3826",4537,"1975-06-25"
3827,"albumName3827",1558,"2063-03-11"
3828,"albumName3828",2415,"2014-10-16"
3829,"albumName3829",1952,"1972-03-26"
3830,"albumName3830",986,"2068-04-14"
3831,"albumName3831",3871,"2009-12-11"
3832,"albumName3832",962,"2001-06-17"
3833,"albumName3833",3464,"1987-09-08"
3834,"albumName3834",4274,"2066-06-09"
3835,"albumName3835",3025,"2058-09-06"
3836,"albumName3836",680,"2065-10-15"
3837,"albumName3837",4450,"2063-08-02"
3838,"albumName3838",2091,"2018-11-01"
3839,"albumName3839",3639,"2018-09-05"
3840,"albumName3840",4842,"1999-03-03"
3841,"albumName3841",677,"2061-08-22"
3842,"albumName3842",3181,"1993-02-21"
3843,"albumName3843",934,"2025-05-07"
3844,"albumName3844",776,"2054-02-02"
3845,"albumName3845",689,"2058-05-16"
3846,"albumName3846",1730,"2013-06-01"
3847,"albumName3847",650,"1996-12-04"
3848,"albumName3848",703,"2010-07-14"
3849,"albumName3849",3303,"2068-11-02"
3850,"albumName3850",1920,"2017-05-10"
3851,"albumName3851",2675,"2057-08-14"
3852,"albumName3852",1686,"1970-01-17"
3853,"albumName3853",4665,"2025-11-05"
3854,"albumName3854",4552,"1983-09-26"
3855,"albumName3855",4211,"2055-03-20"
3856,"albumName3856",4698,"1973-07-17"
3857,"albumName3857",2468,"2013-05-10"
3858,"albumName3858",310,"2066-11-01"
3859,"albumName3859",3356,"2009-08-02"
3860,"albumName3860",3600,"2008-07-01"
3861,"albumName3861",951,"2068-07-08"
3862,"albumName3862",4016,"2064-08-11"
3863,"albumName3863",1195,"1992-05-17"
3864,"albumName3864",870,"1998-07-13"
3865,"albumName3865",1475,"1981-01-08"
3866,"albumName3866",3704,"2009-01-28"
3867,"albumName3867",2371,"1980-02-21"
3868,"albumName3868",2147,"2059-07-09"
3869,"albumName3869",2492,"1998-03-23"
3870,"albumName3870",2382,"2007-04-21"
3871,"albumName3871",1457,"2005-06-15"
3872,"albumName3872",593,"2021-10-09"
3873,"albumName3873",2567,"1971-03-12"
3874,"albumName3874",4807,"2055-02-28"
3875,"albumName3875",4637,"2059-04-21"
3876,"albumName3876",669,"1990-03-18"
3877,"albumName3877",2247,"2022-11-09"
3878,"albumName3878",606,"2011-01-02"
3879,"albumName3879",632,"1983-11-25"
3880,"albumName3880",4516,"1985-06-20"
3881,"albumName3881",3083,"2056-05-22"
3882,"albumName3882",2733,"2010-09-15"
3883,"albumName3883",29,"2021-12-08"
3884,"albumName3884",1747,"2057-12-12"
3885,"albumName3885",243,"2063-01-05"
3886,"albumName3886",971,"1999-02-10"
3887,"albumName3887",494,"2020-03-27"
3888,"albumName3888",3316,"2016-11-08"
3889,"albumName3889",1256,"1990-05-02"
3890,"albumName3890",4395,"1971-12-19"
3891,"albumName3891",506,"1979-09-27"
3892,"albumName3892",1443,"2067-04-17"
3893,"albumName3893",2259,"2014-11-21"
3894,"albumName3894",2459,"2000-02-06"
3895,"albumName3895",4482,"1997-02-12"
3896,"albumName3896",2499,"2055-01-05"
3897,"albumName3897",3185,"2009-12-19"
3898,"albumName3898",1024,"1976-12-05"
3899,"albumName3899",1120,"1981-10-04"
3900,"albumName3900",1173,"2017-06-22"
3901,"albumName3901",3442,"1983-09-21"
3902,"albumName3902",1065,"1993-02-22"
3903,"albumName3903",3202,"2001-03-17"
3904,"albumName3904",331,"1984-09-05"
3905,"albumName3905",1408,"1987-10-17"
3906,"albumName3906",3480,"2060-09-14"
3907,"albumName3907",1719,"2056-07-12"
3908,"albumName3908",3640,"1999-12-05"
3909,"albumName3909",2276,"1986-11-08"
3910,"albumName3910",2222,"1997-04-12"
3911,"albumName3911",3902,"1977-07-15"
3912,"albumName3912",2096,"2051-09-13"
3913,"albumName3913",1690,"2064-11-05"
3914,"albumName3914",2112,"2064-01-27"
3915,"albumName3915",3280,"2007-09-09"
3916,"albumName3916",3829,"1997-05-16"
3917,"albumName3917",3138,"2011-05-23"
3918,"albumName3918",3716,"2025-08-10"
3919,"albumName3919",1303,"2014-10-02"
3920,"albumName3920",4690,"2008-04-08"
3921,"albumName3921",3440,"2020-12-16"
3922,"albumName3922",1527,"2014-02-18"
3923,"albumName3923",4290,"1992-03-02"
3924,"albumName3924",980,"2055-05-11"
3925,"albumName3925",1900,"2016-07-07"
3926,"albumName3926",4803,"1996-12-01"
3927,"albumName3927",3810,"2006-04-28"
3928,"albumName3928",2128,"2068-07-19"
3929,"albumName3929",2497,"1982-09-16"
3930,"albumName3930",4786,"2052-07-08"
3931,"albumName3931",245,"1998-03-01"
3932,"albumName3932",1397,"1984-06-26"
3933,"albumName3933",4178,"2002-04-17"
3934,"albumName3934",103,"2061-03-10"
3935,"albumName3935",524,"2064-11-02"
3936,"albumName3936",3055,"2060-12-26"
3937,"albumName3937",4876,"1970-10-20"
3938,"albumName3938",2600,"1982-02-02"
3939,"albumName3939",4883,"2016-11-10"
3940,"albumName3940",937,"2016-01-16"
3941,"albumName3941",2830,"1996-06-28"
3942,"albumName3942",3158,"2062-05-08"
3943,"albumName3943",4729,"2054-08-25"
3944,"albumName3944",1422,"1970-06-21"
3945,"albumName3945",2820,"1971-05-19"
3946,"albumName3946",4166,"2025-05-07"
3947,"albumName3947",454,"2008-02-17"
3948,"albumName3948",2982,"2067-03-19"
3949,"albumName3949",427,"1997-10-26"
3950,"albumName3950",3679,"2058-07-09"
3951,"albumName3951",459,"1994-04-02"
3952,"albumName3952",1643,"2065-10-12"
3953,"albumName3953",821,"2025-09-26"
3954,"albumName3954",913,"2069-01-26"
3955,"albumName3955",484,"2062-08-07"
3956,"albumName3956",4265,"1975-07-12"
3957,"albumName3957",3545,"2024-02-05"
3958,"albumName3958",2865,"2069-12-28"
3959,"albumName3959",2637,"1976-01-10"
3960,"albumName3960",4129,"1976-01-08"
3961,"albumName3961",2311,"1983-03-05"
3962,"albumName3962",3103,"1985-03-22"
3963,"albumName3963",648,"2003-01-06"
3964,"albumName3964",1903,"2061-03-14"
3965,"albumName3965",664,"1988-04-25"
3966,"albumName3966",3716,"2012-07-07"
3967,"albumName3967",4353,"2069-02-27"
3968,"albumName3968",921,"2021-04-15"
3969,"albumName3969",4357,"1970-09-16"
3970,"albumName3970",3577,"2067-12-03"
3971,"albumName3971",576,"2065-10-02"
3972,"albumName3972",3467,"2063-12-16"
3973,"albumName3973",4290,"2056-01-10"
3974,"albumName3974",3742,"1974-05-11"
3975,"albumName3975",4295,"1986-09-09"
3976,"albumName3976",2067,"2004-09-19"
3977,"albumName3977",1948,"2018-09-19"
3978,"albumName3978",3979,"1988-08-06"
3979,"albumName3979",81,"2057-05-22"
3980,"albumName3980",3413,"2000-06-06"
3981,"albumName3981",1949,"2014-05-20"
3982,"albumName3982",3081,"2054-06-18"
3983,"albumName3983",1462,"2005-12-21"
3984,"albumName3984",3218,"2004-08-13"
3985,"albumName3985",2801,"1985-03-02"
3986,"albumName3986",4736,"1986-12-23"
3987,"albumName3987",793,"2054-12-27"
3988,"albumName3988",954,"2059-01-13"
3989,"albumName3989",2762,"2069-09-14"
3990,"albumName3990",4299,"1990-11-17"
3991,"albumName3991",4026,"1991-10-02"
3992,"albumName3992",3242,"2065-06-14"
3993,"albumName3993",4841,"2054-07-13"
3994,"albumName3994",2872,"1995-08-04"
3995,"albumName3995",4624,"1985-08-15"
3996,"albumName3996",36,"2061-06-09"
3997,"albumName3997",3997,"2057-03-04"
3998,"albumName3998",509,"2022-03-13"
3999,"albumName3999",920,"2005-12-27"
4000,"albumName4000",4114,"2013-11-10"
4001,"albumName4001",603,"2001-11-07"
4002,"albumName4002",3985,"1999-07-06"
4003,"albumName4003",3176,"2021-02-01"
4004,"albumName4004",2260,"1991-05-13"
4005,"albumName4005",300,"2060-01-07"
4006,"albumName4006",1777,"2003-09-28"
4007,"albumName4007",950,"2059-02-11"
4008,"albumName4008",591,"1974-07-24"
4009,"albumName4009",3925,"2012-02-23"
4010,"albumName4010",1112,"2001-05-08"
4011,"albumName4011",775,"1973-01-16"
4012,"albumName4012",4731,"2068-11-05"
4013,"albumName4013",4190,"2061-06-12"
4014,"albumName4014",635,"2055-02-24"
4015,"albumName4015",574,"1972-06-03"
4016,"albumName4016",3256,"2011-07-12"
4017,"albumName4017",3951,"2057-07-14"
4018,"albumName4018",3049,"1988-01-11"
4019,"albumName4019",2832,"1991-10-28"
4020,"albumName4020",2303,"2063-08-27"
4021,"albumName4021",1116,"2021-07-18"
4022,"albumName4022",2925,"1981-09-08"
4023,"albumName4023",4213,"1988-03-18"
4024,"albumName4024",67,"1978-11-16"
4025,"albumName4025",770,"1999-05-20"
4026,"albumName4026",3404,"1978-04-10"
4027,"albumName4027",2016,"1978-03-24"
4028,"albumName4028",2251,"1996-08-20"
4029,"albumName4029",2013,"1991-09-02"
4030,"albumName4030",914,"2057-09-18"
4031,"albumName4031",2575,"2008-09-05"
4032,"albumName4032",3462,"1976-10-27"
4033,"albumName4033",3424,"2010-08-25"
4034,"albumName4034",4158,"2068-05-23"
4035,"albumName4035",707,"2021-05-11"
4036,"albumName4036",881,"1980-03-20"
4037,"albumName4037",1657,"2059-05-20"
4038,"albumName4038",4091,"1975-10-07"
4039,"albumName4039",3290,"1990-01-05"
4040,"albumName4040",4606,"1984-02-11"
4041,"albumName4041",1498,"1992-10-17"
4042,"albumName4042",192,"1996-03-14"
4043,"albumName4043",3171,"2019-10-10"
4044,"albumName4044",2095,"2018-09-16"
4045,"albumName4045",1220,"2013-02-18"
4046,"albumName4046",4221,"2004-08-02"
4047,"albumName4047",2919,"1988-05-18"
4048,"albumName4048",1916,"1993-02-25"
4049,"albumName4049",4240,"2011-09-24"
4050,"albumName4050",368,"2019-09-11"
4051,"albumName4051",4589,"1989-12-24"
4052,"albumName4052",2110,"1979-05-19"
4053,"albumName4053",4487,"2024-09-27"
4054,"albumName4054",1481,"2016-02-14"
4055,"albumName4055",1249,"2065-08-16"
4056,"albumName4056",1792,"2064-07-05"
4057,"albumName4057",1374,"1993-04-13"
4058,"albumName4058",2825,"1983-01-04"
4059,"albumName4059",1089,"2011-07-28"
4060,"albumName4060",1127,"2021-05-24"
4061,"albumName4061",405,"1983-05-17"
4062,"albumName4062",4440,"2019-10-14"
4063,"albumName4063",4317,"2051-06-28"
4064,"albumName4064",4565,"2063-10-21"
4065,"albumName4065",2869,"2012-10-13"
4066,"albumName4066",3196,"1986-10-08"
4067,"albumName4067",1062,"2025-06-06"
4068,"albumName4068",2420,"1985-08-11"
4069,"albumName4069",3202,"2067-06-25"
4070,"albumName4070",1261,"1985-08-15"
4071,"albumName4071",2566,"2015-02-23"
4072,"albumName4072",1573,"2002-09-10"
4073,"albumName4073",3814,"2063-03-05"
4074,"albumName4074",3003,"2066-08-01"
4075,"albumName4075",555,"1994-11-05"
4076,"albumName4076",1130,"2015-07-13"
4077,"albumName4077",4762,"2016-03-25"
4078,"albumName4078",2467,"2014-09-20"
4079,"albumName4079",4389,"1991-06-11"
4080,"albumName4080",3351,"2057-09-14"
4081,"albumName4081",3632,"1981-12-13"
4082,"albumName4082",1985,"2054-06-09"
4083,"albumName4083",732,"2051-08-02"
4084,"albumName4084",149,"1982-09-01"
4085,"albumName4085",2951,"1990-06-16"
4086,"albumName4086",1108,"2007-08-03"
4087,"albumName4087",457,"1986-02-17"
4088,"albumName4088",1011,"1998-10-08"
4089,"albumName4089",1822,"2021-02-27"
4090,"albumName4090",2111,"2056-07-10"
4091,"albumName4091",3184,"1996-03-12"
4092,"albumName4092",3071,"2002-09-15"
4093,"albumName4093",2610,"1981-05-13"
4094,"albumName4094",3236,"2010-07-25"
4095,"albumName4095",13,"2008-05-08"
4096,"albumName4096",1921,"1985-11-17"
4097,"albumName4097",3678,"1997-08-16"
4098,"albumName4098",4351,"2015-09-17"
4099,"albumName4099",2015,"2051-04-25"
4100,"albumName4100",3447,"1987-04-08"
4101,"albumName4101",2830,"1970-08-22"
4102,"albumName4102",2943,"2025-03-17"
4103,"albumName4103",4362,"1995-09-01"
4104,"albumName4104",1479,"1979-12-24"
4105,"albumName4105",1920,"2010-09-25"
4106,"albumName4106",488,"2023-12-03"
4107,"albumName4107",3727,"2009-01-18"
4108,"albumName4108",3408,"1976-11-02"
4109,"albumName4109",1988,"1985-10-15"
4110,"albumName4110",1233,"2024-04-24"
4111,"albumName4111",3139,"2004-03-23"
4112,"albumName4112",525,"2019-07-28"
4113,"albumName4113",1425,"1977-05-04"
4114,"albumName4114",2272,"1972-05-25"
4115,"albumName4115",1802,"2054-12-04"
4116,"albumName4116",1602,"1975-07-27"
4117,"albumName4117",216,"1989-07-19"
4118,"albumName4118",556,"2055-07-24"
4119,"albumName4119",2693,"1991-10-23"
4120,"albumName4120",1287,"2015-12-02"
4121,"albumName4121",3610,"2058-01-17"
4122,"albumName4122",240,"1989-03-17"
4123,"albumName4123",1797,"1986-03-03"
4124,"albumName4124",220,"2019-07-15"
4125,"albumName4125",4638,"1974-09-21"
4126,"albumName4126",1646,"2052-05-22"
4127,"albumName4127",1997,"2060-06-13"
4128,"albumName4128",2963,"1978-02-08"
4129,"albumName4129",1296,"2022-10-08"
4130,"albumName4130",3400,"2062-09-13"
4131,"albumName4131",4559,"1971-11-05"
4132,"albumName4132",2587,"2054-01-10"
4133,"albumName4133",1580,"2066-08-27"
4134,"albumName4134",323,"1976-02-09"
4135,"albumName4135",865,"1979-03-21"
4136,"albumName4136",4818,"2055-02-26"
4137,"albumName4137",66,"1988-06-12"
4138,"albumName4138",4618,"1976-09-23"
4139,"albumName4139",1466,"1990-12-10"
4140,"albumName4140",1368,"1996-12-14"
4141,"albumName4141",2410,"1978-05-28"
4142,"albumName4142",1087,"1993-09-12"
4143,"albumName4143",2703,"1975-10-26"
4144,"albumName4144",123,"1985-11-01"
4145,"albumName4145",3400,"1984-01-03"
4146,"albumName4146",3005,"1993-11-04"
4147,"albumName4147",2580,"2008-01-13"
4148,"albumName4148",4211,"2023-05-16"
4149,"albumName4149",2005,"2008-08-27"
4150,"albumName4150",2395,"2016-01-09"
4151,"albumName4151",3522,"2000-06-03"
4152,"albumName4152",4157,"1983-06-04"
4153,"albumName4153",1453,"2014-05-13"
4154,"albumName4154",4372,"2059-09-04"
4155,"albumName4155",3179,"1985-11-23"
4156,"albumName4156",37,"1996-03-09"
4157,"albumName4157",365,"1970-02-03"
4158,"albumName4158",173,"1985-10-23"
4159,"albumName4159",1998,"2053-05-11"
4160,"albumName4160",1965,"1991-07-14"
4161,"albumName4161",3746,"1970-01-07"
4162,"albumName4162",1766,"2011-02-15"
4163,"albumName4163",4009,"2060-05-17"
4164,"albumName4164",638,"2016-03-04"
4165,"albumName4165",4167,"2013-03-02"
4166,"albumName4166",2565,"2000-09-24"
4167,"albumName4167",2908,"2002-09-28"
4168,"albumName4168",72,"1984-05-13"
4169,"albumName4169",1463,"2055-12-14"
4170,"albumName4170",629,"2010-09-16"
4171,"albumName4171",4897,"1977-04-28"
4172,"albumName4172",2771,"2019-09-09"
4173,"albumName4173",4715,"1992-08-28"
4174,"albumName4174",2058,"1971-03-27"
4175,"albumName4175",2561,"2023-04-27"
4176,"albumName4176",2495,"1981-01-23"
4177,"albumName4177",3714,"2058-07-13"
4178,"albumName4178",4340,"2018-07-22"
4179,"albumName4179",2679,"2068-02-10"
4180,"albumName4180",2669,"2002-02-14"
4181,"albumName4181",880,"1976-06-23"
4182,"albumName4182",4454,"2055-11-27"
4183,"albumName4183",631,"2017-08-14"
4184,"albumName4184",2219,"2053-10-10"
4185,"albumName4185",98,"2053-03-05"
4186,"albumName4186",859,"2014-06-13"
4187,"albumName4187",2551,"2021-02-11"
4188,"albumName4188",4010,"1989-01-27"
4189,"albumName4189",4406,"1992-07-20"
4190,"albumName4190",2267,"2016-11-22"
4191,"albumName4191",1551,"1985-06-21"
4192,"albumName4192",2963,"2065-10-22"
4193,"albumName4193",45,"2051-11-27"
4194,"albumName4194",2844,"2024-08-12"
4195,"albumName4195",4607,"1993-06-04"
4196,"albumName4196",4557,"2061-05-11"
4197,"albumName4197",3946,"2069-11-07"
4198,"albumName4198",1749,"1982-11-15"
4199,"albumName4199",1439,"2013-11-16"
4200,"albumName4200",4889,"1977-05-15"
4201,"albumName4201",3431,"1970-12-05"
4202,"albumName4202",3305,"1995-03-06"
4203,"albumName4203",3763,"2053-09-17"
4204,"albumName4204",3408,"1994-02-23"
4205,"albumName4205",2267,"2016-12-11"
4206,"albumName4206",2242,"2063-09-27"
4207,"albumName4207",912,"2060-04-14"
4208,"albumName4208",2413,"2063-09-20"
4209,"albumName4209",1491,"1987-11-19"
4210,"albumName4210",184,"1989-12-03"
4211,"albumName4211",4041,"1992-08-27"
4212,"albumName4212",1160,"1988-05-05"
4213,"albumName4213",158,"2014-04-04"
4214,"albumName4214",3218,"2022-05-23"
4215,"albumName4215",1295,"2052-04-09"
4216,"albumName4216",1476,"2060-04-04"
4217,"albumName4217",1095,"2021-01-22"
4218,"albumName4218",3950,"2053-03-21"
4219,"albumName4219",4636,"1986-12-26"
4220,"albumName4220",1482,"1990-06-19"
4221,"albumName4221",3195,"1989-03-26"
4222,"albumName4222",977,"1975-07-11"
4223,"albumName4223",4377,"1972-04-08"
4224,"albumName4224",3568,"2012-07-27"
4225,"albumName4225",1316,"1970-04-10"
4226,"albumName4226",1408,"2065-03-09"
4227,"albumName4227",3548,"2013-03-20"
4228,"albumName4228",4083,"2014-08-23"
4229,"albumName4229",3972,"2060-06-02"
4230,"albumName4230",1883,"2053-06-27"
4231,"albumName4231",4905,"2001-08-15"
4232,"albumName4232",3010,"2057-02-06"
4233,"albumName4233",4165,"2007-03-28"
4234,"albumName4234",2994,"2011-04-12"
4235,"albumName4235",257,"1974-10-18"
4236,"albumName4236",3614,"2005-09-22"
4237,"albumName4237",3490,"2002-02-11"
4238,"albumName4238",1115,"2051-04-16"
4239,"albumName4239",3698,"2003-11-08"
4240,"albumName4240",1624,"2064-03-20"
4241,"albumName4241",2164,"1998-10-06"
4242,"albumName4242",2823,"1994-03-20"
4243,"albumName4243",3507,"1992-01-26"
4244,"albumName4244",3805,"1998-04-19"
4245,"albumName4245",1383,"2002-03-20"
4246,"albumName4246",1593,"1989-07-24"
4247,"albumName4247",3208,"2000-07-09"
4248,"albumName4248",4827,"1999-11-10"
4249,"albumName4249",2589,"2011-02-03"
4250,"albumName4250",228,"2066-09-05"
4251,"albumName4251",445,"2053-08-09"
4252,"albumName4252",1377,"1998-09-15"
4253,"albumName4253",4792,"1982-06-12"
4254,"albumName4254",841,"1984-02-25"
4255,"albumName4255",2548,"2067-08-20"
4256,"albumName4256",56,"2012-10-28"
4257,"albumName4257",3527,"2021-07-24"
4258,"albumName4258",3355,"2012-02-03"
4259,"albumName4259",4453,"2053-05-18"
4260,"albumName4260",2576,"1975-08-21"
4261,"albumName4261",2556,"1970-12-21"
4262,"albumName4262",1695,"1983-02-03"
4263,"albumName4263",1284,"2064-06-12"
4264,"albumName4264",1752,"2016-04-01"
4265,"albumName4265",1734,"2017-04-24"
4266,"albumName4266",976,"1975-09-21"
4267,"albumName4267",2061,"1990-08-10"
4268,"albumName4268",1145,"2068-09-25"
4269,"albumName4269",4516,"2066-10-25"
4270,"albumName4270",3431,"2007-07-27"
4271,"albumName4271",4173,"1998-03-15"
4272,"albumName4272",2382,"2019-05-01"
4273,"albumName4273",3294,"1979-02-18"
4274,"albumName4274",390,"1978-04-09"
4275,"albumName4275",1973,"1996-10-26"
4276,"albumName4276",241,"2003-12-25"
4277,"albumName4277",2499,"2065-05-07"
4278,"albumName4278",444,"2062-07-11"
4279,"albumName4279",4230,"1991-01-11"
4280,"albumName4280",740,"2067-03-21"
4281,"albumName4281",3514,"2021-09-13"
4282,"albumName4282",2953,"1988-04-05"
4283,"albumName4283",1077,"1979-02-08"
4284,"albumName4284",3173,"2018-09-23"
4285,"albumName4285",2565,"2005-12-28"
4286,"albumName4286",4075,"2004-03-10"
4287,"albumName4287",19,"2010-10-02"
4288,"albumName4288",1895,"2007-09-17"
4289,"albumName4289",4825,"2016-06-23"
4290,"albumName4290",3585,"1986-08-03"
4291,"albumName4291",3726,"1984-11-18"
4292,"albumName4292",2543,"1987-09-12"
4293,"albumName4293",1462,"1978-12-26"
4294,"albumName4294",2201,"2004-02-23"
4295,"albumName4295",1377,"1998-07-01"
4296,"albumName4296",38,"2008-08-17"
4297,"albumName4297",667,"2064-05-17"
4298,"albumName4298",3909,"2010-03-06"
4299,"albumName4299",987,"1974-05-13"
4300,"albumName4300",2854,"2002-12-25"
4301,"albumName4301",1149,"2024-03-13"
4302,"albumName4302",792,"2019-10-03"
4303,"albumName4303",2183,"2023-02-06"
4304,"albumName4304",1254,"2054-03-11"
4305,"albumName4305",4679,"2010-04-05"
4306,"albumName4306",4503,"2008-08-19"
4307,"albumName4307",1155,"2060-11-05"
4308,"albumName4308",648,"1976-07-02"
4309,"albumName4309",771,"2001-05-14"
4310,"albumName4310",2512,"1983-02-05"
4311,"albumName4311",2915,"2003-02-23"
4312,"albumName4312",1065,"2055-02-05"
4313,"albumName4313",2493,"2008-04-21"
4314,"albumName4314",2222,"2017-04-12"
4315,"albumName4315",2292,"1997-04-03"
4316,"albumName4316",742,"2025-12-22"
4317,"albumName4317",4769,"1983-12-08"
4318,"albumName4318",3023,"1973-12-15"
4319,"albumName4319",163,"1999-02-03"
4320,"albumName4320",4903,"2064-12-14"
4321,"albumName4321",975,"1973-05-10"
4322,"albumName4322",4886,"2002-10-08"
4323,"albumName4323",4013,"2055-10-24"
4324,"albumName4324",2366,"2057-12-26"
4325,"albumName4325",635,"1992-05-27"
4326,"albumName4326",1348,"1976-06-27"
4327,"albumName4327",4111,"2025-01-25"
4328,"albumName4328",3295,"2059-01-17"
4329,"albumName4329",1652,"2052-05-17"
4330,"albumName4330",4261,"1986-01-16"
4331,"albumName4331",4007,"2060-01-09"
4332,"albumName4332",4506,"2024-10-25"
4333,"albumName4333",4376,"1971-05-24"
4334,"albumName4334",3814,"1989-10-08"
4335,"albumName4335",875,"1985-02-28"
4336,"albumName4336",2425,"2010-06-21"
4337,"albumName4337",252,"2051-04-23"
4338,"albumName4338",4469,"2055-01-25"
4339,"albumName4339",1409,"2004-05-05"
4340,"albumName4340",652,"2059-03-04"
4341,"albumName4341",2652,"2069-08-02"
4342,"albumName4342",2409,"2062-03-05"
4343,"albumName4343",697,"2005-09-17"
4344,"albumName4344",352,"2000-07-15"
4345,"albumName4345",297,"1996-11-24"
4346,"albumName4346",2921,"2068-11-12"
4347,"albumName4347",3513,"1977-06-05"
4348,"albumName4348",3715,"2064-09-03"
4349,"albumName4349",1621,"2018-11-16"
4350,"albumName4350",660,"2061-10-02"
4351,"albumName4351",796,"1999-11-19"
4352,"albumName4352",454,"1993-01-04"
4353,"albumName4353",362,"2020-10-02"
4354,"albumName4354",4447,"1996-04-24"
4355,"albumName4355",3426,"2065-12-13"
4356,"albumName4356",72,"2068-10-24"
4357,"albumName4357",1930,"2052-08-23"
4358,"albumName4358",3078,"1982-10-21"
4359,"albumName4359",2126,"1994-06-05"
4360,"albumName4360",4529,"1990-01-15"
4361,"albumName4361",1872,"2061-12-12"
4362,"albumName4362",3346,"1992-11-27"
4363,"albumName4363",3991,"1999-03-12"
4364,"albumName4364",1376,"1984-10-07"
4365,"albumName4365",2477,"2052-05-27"
4366,"albumName4366",386,"2009-01-25"
4367,"albumName4367",4494,"1970-06-14"
4368,"albumName4368",4534,"1989-09-11"
4369,"albumName4369",3418,"2055-06-05"
4370,"albumName4370",2011,"2068-01-12"
4371,"albumName4371",4386,"2000-01-13"
4372,"albumName4372",1506,"1987-04-16"
4373,"albumName4373",3587,"2003-09-28"
4374,"albumName4374",3139,"2021-01-14"
4375,"albumName4375",2200,"2052-06-12"
4376,"albumName4376",656,"2063-10-17"
4377,"albumName4377",827,"2015-06-22"
4378,"albumName4378",2242,"1990-03-06"
4379,"albumName4379",1980,"1981-10-20"
4380,"albumName4380",1812,"2019-08-21"
4381,"albumName4381",795,"2051-08-02"
4382,"albumName4382",3004,"2025-09-04"
4383,"albumName4383",4828,"2010-11-24"
4384,"albumName4384",895,"2006-05-08"
4385,"albumName4385",4690,"2022-07-13"
4386,"albumName4386",2166,"2053-11-07"
4387,"albumName4387",1846,"1988-07-08"
4388,"albumName4388",2943,"1983-03-17"
4389,"albumName4389",427,"2019-07-18"
4390,"albumName4390",1452,"2054-04-23"
4391,"albumName4391",3985,"1999-07-22"
4392,"albumName4392",884,"2053-10-08"
4393,"albumName4393",1589,"1980-02-10"
4394,"albumName4394",306,"2059-10-06"
4395,"albumName4395",741,"2021-05-05"
4396,"albumName4396",3677,"2069-09-15"
4397,"albumName4397",1174,"2068-06-26"
4398,"albumName4398",4092,"2009-11-18"
4399,"albumName4399",899,"2022-08-17"
4400,"albumName4400",2668,"2057-04-22"
4401,"albumName4401",3983,"2012-10-01"
4402,"albumName4402",235,"1990-08-21"
4403,"albumName4403",4347,"2003-03-19"
4404,"albumName4404",1981,"1993-12-03"
4405,"albumName4405",545,"1986-08-22"
4406,"albumName4406",1666,"2060-01-28"
4407,"albumName4407",1701,"1985-02-03"
4408,"albumName4408",3245,"1978-05-01"
4409,"albumName4409",4178,"2007-05-15"
4410,"albumName4410",3204,"1983-03-21"
4411,"albumName4411",95,"1970-03-23"
4412,"albumName4412",4281,"2058-04-06"
4413,"albumName4413",1429,"2022-05-10"
4414,"albumName4414",2640,"2021-10-02"
4415,"albumName4415",648,"2067-10-22"
4416,"albumName4416",3053,"2057-06-11"
4417,"albumName4417",2909,"2009-01-08"
4418,"albumName4418",270,"1994-01-13"
4419,"albumName4419",956,"1989-06-18"
4420,"albumName4420",4829,"1992-09-15"
4421,"albumName4421",1704,"2003-09-17"
4422,"albumName4422",4624,"1970-07-10"
4423,"albumName4423",3547,"2018-11-01"
4424,"albumName4424",732,"2005-07-06"
4425,"albumName4425",4215,"2007-10-23"
4426,"albumName4426",1470,"1989-01-17"
4427,"albumName4427",4906,"1972-04-07"
4428,"albumName4428",596,"2007-06-07"
4429,"albumName4429",3917,"1979-08-18"
4430,"albumName4430",3240,"1988-03-15"
4431,"albumName4431",3405,"1976-01-07"
4432,"albumName4432",1408,"2053-12-05"
4433,"albumName4433",4725,"2024-04-28"
4434,"albumName4434",874,"2057-02-22"
4435,"albumName4435",488,"2063-09-16"
4436,"albumName4436",1368,"1989-12-19"
4437,"albumName4437",1938,"1991-09-08"
4438,"albumName4438",963,"2014-08-27"
4439,"albumName4439",1280,"1984-12-16"
4440,"albumName4440",2765,"1981-11-14"
4441,"albumName4441",1310,"2055-02-27"
4442,"albumName4442",3973,"2053-05-28"
4443,"albumName4443",4737,"1970-08-21"
4444,"albumName4444",1763,"1976-03-23"
4445,"albumName4445",3526,"2011-04-28"
4446,"albumName4446",2109,"2016-11-27"
4447,"albumName4447",3657,"2025-09-13"
4448,"albumName4448",4188,"1990-11-14"
4449,"albumName4449",1994,"2001-12-13"
4450,"albumName4450",3764,"2022-06-23"
4451,"albumName4451",3710,"1990-09-13"
4452,"albumName4452",4218,"2058-11-21"
4453,"albumName4453",3038,"2006-05-14"
4454,"albumName4454",3343,"2069-07-28"
4455,"albumName4455",3162,"1988-02-19"
4456,"albumName4456",2714,"2064-05-04"
4457,"albumName4457",4437,"2002-06-26"
4458,"albumName4458",165,"1970-05-23"
4459,"albumName4459",1732,"2019-07-12"
4460,"albumName4460",687,"2060-03-15"
4461,"albumName4461",3791,"2061-05-14"
4462,"albumName4462",332,"1975-09-27"
4463,"albumName4463",1365,"1980-02-25"
4464,"albumName4464",2831,"2067-07-12"
4465,"albumName4465",2117,"1998-01-16"
4466,"albumName4466",513,"2007-08-05"
4467,"albumName4467",2230,"2003-07-28"
4468,"albumName4468",2315,"2063-08-08"
4469,"albumName4469",1379,"2057-11-14"
4470,"albumName4470",3117,"2003-04-03"
4471,"albumName4471",3488,"2023-01-27"
4472,"albumName4472",2785,"2056-06-24"
4473,"albumName4473",500,"2066-12-10"
4474,"albumName4474",4406,"2064-05-15"
4475,"albumName4475",4197,"1995-01-25"
4476,"albumName4476",3238,"2063-08-15"
4477,"albumName4477",3524,"2004-09-07"
4478,"albumName4478",3357,"1988-05-26"
4479,"albumName4479",4192,"2011-09-26"
4480,"albumName4480",2623,"1976-11-16"
4481,"albumName4481",4712,"2017-01-10"
4482,"albumName4482",2258,"2010-06-01"
4483,"albumName4483",2967,"1988-08-26"
4484,"albumName4484",2011,"2016-09-20"
4485,"albumName4485",3888,"2005-02-20"
4486,"albumName4486",3820,"2064-05-19"
4487,"albumName4487",1895,"1985-05-11"
4488,"albumName4488",3172,"2016-07-27"
4489,"albumName4489",406,"2064-06-18"
4490,"albumName4490",2377,"1985-01-16"
4491,"albumName4491",3108,"2062-07-01"
4492,"albumName4492",1548,"2006-09-21"
4493,"albumName4493",567,"1975-10-26"
4494,"albumName4494",1286,"2024-10-14"
4495,"albumName4495",4878,"1997-12-01"
4496,"albumName4496",2581,"1972-12-24"
4497,"albumName4497",2544,"1970-07-04"
4498,"albumName4498",565,"2018-12-26"
4499,"albumName4499",1902,"2023-01-12"
4500,"albumName4500",2903,"1985-01-04"
4501,"albumName4501",3400,"1986-08-14"
4502,"albumName4502",4751,"2054-02-03"
4503,"albumName4503",1440,"1997-04-12"
4504,"albumName4504",594,"2006-12-17"
4505,"albumName4505",2312,"2065-10-09"
4506,"albumName4506",2999,"2014-06-08"
4507,"albumName4507",4357,"2003-11-08"
4508,"albumName4508",493,"1982-11-24"
4509,"albumName4509",2302,"2019-09-15"
4510,"albumName4510",4770,"2003-12-05"
4511,"albumName4511",1718,"2013-05-01"
4512,"albumName4512",4665,"2060-01-07"
4513,"albumName4513",1503,"2068-02-02"
4514,"albumName4514",1476,"2059-10-25"
4515,"albumName4515",495,"1976-11-07"
4516,"albumName4516",1041,"2054-01-20"
4517,"albumName4517",4587,"2067-09-22"
4518,"albumName4518",1360,"1970-10-16"
4519,"albumName4519",3903,"1999-12-03"
4520,"albumName4520",2310,"1999-11-26"
4521,"albumName4521",1944,"2023-01-08"
4522,"albumName4522",4732,"2016-06-28"
4523,"albumName4523",1754,"1998-05-12"
4524,"albumName4524",1417,"1980-03-16"
4525,"albumName4525",2877,"2015-06-15"
4526,"albumName4526",296,"2005-02-09"
4527,"albumName4527",3262,"1980-01-05"
4528,"albumName4528",2908,"1993-10-23"
4529,"albumName4529",1463,"2025-06-10"
4530,"albumName4530",4309,"1978-09-20"
4531,"albumName4531",951,"1991-07-20"
4532,"albumName4532",3433,"2008-11-14"
4533,"albumName4533",3080,"2062-10-19"
4534,"albumName4534",2958,"1983-11-15"
4535,"albumName4535",2980,"1975-08-26"
4536,"albumName4536",272,"2011-05-26"
4537,"albumName4537",4272,"1999-09-25"
4538,"albumName4538",4102,"2059-11-23"
4539,"albumName4539",1330,"2006-08-19"
4540,"albumName4540",1561,"2011-04-03"
4541,"albumName4541",130,"2060-02-16"
4542,"albumName4542",748,"2011-07-09"
4543,"albumName4543",4786,"1990-03-17"
4544,"albumName4544",1489,"2051-02-26"
4545,"albumName4545",713,"2052-05-17"
4546,"albumName4546",4649,"2012-11-06"
4547,"albumName4547",1693,"2061-05-19"
4548,"albumName4548",4464,"2023-02-27"
4549,"albumName4549",1846,"1995-09-27"
4550,"albumName4550",4776,"1993-11-18"
4551,"albumName4551",4330,"2014-02-07"
4552,"albumName4552",4014,"2006-10-04"
4553,"albumName4553",2555,"2051-10-09"
4554,"albumName4554",2820,"2060-06-21"
4555,"albumName4555",378,"2061-05-15"
4556,"albumName4556",4018,"1983-11-25"
4557,"albumName4557",2531,"1978-11-27"
4558,"albumName4558",807,"1991-02-25"
4559,"albumName4559",1149,"1994-07-25"
4560,"albumName4560",88,"1971-05-25"
4561,"albumName4561",3702,"2062-01-28"
4562,"albumName4562",996,"1987-11-06"
4563,"albumName4563",4782,"2067-08-04"
4564,"albumName4564",1649,"2059-03-25"
4565,"albumName4565",4672,"2003-08-22"
4566,"albumName4566",220,"2012-04-13"
4567,"albumName4567",2260,"1990-06-22"
4568,"albumName4568",4713,"2052-11-11"
4569,"albumName4569",32,"1978-11-20"
4570,"albumName4570",3163,"2018-09-21"
4571,"albumName4571",4886,"2065-09-04"
4572,"albumName4572",1924,"1976-01-26"
4573,"albumName4573",995,"1981-09-13"
4574,"albumName4574",4495,"1998-12-18"
4575,"albumName4575",2516,"1992-01-28"
4576,"albumName4576",587,"2014-03-25"
4577,"albumName4577",1119,"2007-05-28"
4578,"albumName4578",3245,"2005-01-06"
4579,"albumName4579",854,"2069-09-09"
4580,"albumName4580",3052,"1973-10-18"
4581,"albumName4581",189,"2069-08-21"
4582,"albumName4582",4372,"1976-10-08"
4583,"albumName4583",4460,"1994-12-19"
4584,"albumName4584",1450,"2066-10-12"
4585,"albumName4585",1806,"1991-04-17"
4586,"albumName4586",1951,"1978-07-04"
4587,"albumName4587",773,"2066-08-20"
4588,"albumName4588",271,"1987-12-20"
4589,"albumName4589",4246,"2009-10-17"
4590,"albumName4590",2556,"2017-01-20"
4591,"albumName4591",3901,"2068-05-02"
4592,"albumName4592",1410,"2051-08-03"
4593,"albumName4593",3576,"2060-01-07"
4594,"albumName4594",777,"1970-12-19"
4595,"albumName4595",4090,"1971-09-26"
4596,"albumName4596",1518,"1974-07-22"
4597,"albumName4597",554,"1984-05-09"
4598,"albumName4598",4567,"2059-05-28"
4599,"albumName4599",4713,"2000-10-25"
4600,"albumName4600",131,"2064-06-21"
4601,"albumName4601",3097,"1988-04-04"
4602,"albumName4602",1643,"2068-04-11"
4603,"albumName4603",1376,"1978-10-04"
4604,"albumName4604",3901,"1993-10-16"
4605,"albumName4605",199,"1976-04-23"
4606,"albumName4606",449,"1975-01-10"
4607,"albumName4607",2248,"2002-08-01"
4608,"albumName4608",1884,"1996-04-04"
4609,"albumName4609",3842,"1985-07-05"
4610,"albumName4610",1404,"2012-06-23"
4611,"albumName4611",2867,"1990-07-06"
4612,"albumName4612",4683,"2015-10-06"
4613,"albumName4613",3574,"1984-07-21"
4614,"albumName4614",4572,"1999-10-23"
4615,"albumName4615",1916,"2005-08-16"
4616,"albumName4616",83,"2015-03-25"
4617,"albumName4617",1289,"2015-05-17"
4618,"albumName4618",1166,"2005-12-11"
4619,"albumName4619",3507,"2015-06-11"
4620,"albumName4620",4302,"1978-09-28"
4621,"albumName4621",72,"1979-05-04"
4622,"albumName4622",3616,"2005-03-04"
4623,"albumName4623",4738,"1979-09-08"
4624,"albumName4624",2712,"1985-03-13"
4625,"albumName4625",3682,"2000-03-23"
4626,"albumName4626",739,"1976-05-27"
4627,"albumName4627",448,"2019-04-23"
4628,"albumName4628",2915,"1999-09-08"
4629,"albumName4629",4298,"1978-08-04"
4630,"albumName4630",2937,"1990-05-10"
4631,"albumName4631",3274,"1981-03-03"
4632,"albumName4632",3969,"1974-01-24"
4633,"albumName4633",3605,"2053-02-02"
4634,"albumName4634",3136,"2006-01-14"
4635,"albumName4635",2458,"1983-10-12"
4636,"albumName4636",1742,"2055-10-15"
4637,"albumName4637",4278,"1982-07-22"
4638,"albumName4638",2376,"1972-12-28"
4639,"albumName4639",3392,"1996-08-21"
4640,"albumName4640",4121,"1988-03-01"
4641,"albumName4641",4406,"2018-10-18"
4642,"albumName4642",1783,"2018-05-19"
4643,"albumName4643",774,"2001-08-17"
4644,"albumName4644",605,"2016-06-18"
4645,"albumName4645",40,"2004-08-18"
4646,"albumName4646",2100,"1988-11-12"
4647,"albumName4647",4041,"2021-07-01"
4648,"albumName4648",1468,"1984-12-07"
4649,"albumName4649",976,"2068-11-19"
4650,"albumName4650",171,"2011-02-08"
4651,"albumName4651",4340,"1998-01-20"
4652,"albumName4652",3863,"1988-05-25"
4653,"albumName4653",2296,"2018-12-28"
4654,"albumName4654",334,"2024-09-13"
4655,"albumName4655",1725,"2004-10-11"
4656,"albumName4656",4892,"1996-08-22"
4657,"albumName4657",127,"2008-04-26"
4658,"albumName4658",3034,"2004-08-26"
4659,"albumName4659",4307,"2058-06-17"
4660,"albumName4660",3538,"1999-01-09"
4661,"albumName4661",3875,"2008-02-21"
4662,"albumName4662",3725,"1978-02-23"
4663,"albumName4663",185,"2022-05-20"
4664,"albumName4664",533,"1996-02-26"
4665,"albumName4665",2033,"2059-10-17"
4666,"albumName4666",1754,"2002-05-01"
4667,"albumName4667",3646,"1970-05-09"
4668,"albumName4668",4148,"2051-01-24"
4669,"albumName4669",3471,"2001-08-26"
4670,"albumName4670",3349,"2051-07-04"
4671,"albumName4671",4023,"2059-05-02"
4672,"albumName4672",340,"1975-08-12"
4673,"albumName4673",1287,"2000-12-14"
4674,"albumName4674",1015,"2056-12-02"
4675,"albumName4675",2433,"2016-06-20"
4676,"albumName4676",973,"2009-07-05"
4677,"albumName4677",2248,"1978-01-17"
4678,"albumName4678",1007,"2054-01-04"
4679,"albumName4679",4190,"1987-10-24"
4680,"albumName4680",2178,"1984-12-08"
4681,"albumName4681",3458,"2055-12-16"
4682,"albumName4682",619,"1989-06-23"
4683,"albumName4683",1804,"2002-12-04"
4684,"albumName4684",2655,"2058-01-12"
4685,"albumName4685",2506,"1999-02-15"
4686,"albumName4686",3346,"2066-09-11"
4687,"albumName4687",478,"2052-01-08"
4688,"albumName4688",676,"1975-12-24"
4689,"albumName4689",4499,"2058-06-06"
4690,"albumName4690",4826,"2060-07-09"
4691,"albumName4691",3870,"2052-08-19"
4692,"albumName4692",1311,"1997-10-16"
4693,"albumName4693",1044,"1997-01-03"
4694,"albumName4694",4086,"2000-12-09"
4695,"albumName4695",4014,"2068-09-19"
4696,"albumName4696",1989,"2004-04-24"
4697,"albumName4697",4690,"2057-05-05"
4698,"albumName4698",2429,"2066-07-14"
4699,"albumName4699",929,"1994-06-07"
4700,"albumName4700",1069,"2013-10-05"
4701,"albumName4701",1942,"2019-12-06"
4702,"albumName4702",1032,"1995-10-15"
4703,"albumName4703",3907,"2008-05-06"
4704,"albumName4704",821,"1983-07-21"
4705,"albumName4705",4128,"1972-04-05"
4706,"albumName4706",217,"2052-07-04"
4707,"albumName4707",2030,"2059-11-21"
4708,"albumName4708",922,"2002-07-14"
4709,"albumName4709",372,"2069-06-19"
4710,"albumName4710",2110,"2066-02-23"
4711,"albumName4711",3942,"2054-07-20"
4712,"albumName4712",563,"1994-02-01"
4713,"albumName4713",1243,"2001-03-17"
4714,"albumName4714",2554,"1980-09-17"
4715,"albumName4715",805,"1994-10-22"
4716,"albumName4716",4591,"1984-02-03"
4717,"albumName4717",4266,"1988-06-20"
4718,"albumName4718",4451,"2054-06-04"
4719,"albumName4719",3625,"1984-05-09"
4720,"albumName4720",1468,"2021-07-24"
4721,"albumName4721",1055,"2001-11-08"
4722,"albumName4722",3454,"1991-04-13"
4723,"albumName4723",4510,"1975-10-17"
4724,"albumName4724",3592,"1998-11-09"
4725,"albumName4725",1125,"1987-04-04"
4726,"albumName4726",1848,"2022-05-22"
4727,"albumName4727",323,"1970-12-10"
4728,"albumName4728",1222,"2051-08-06"
4729,"albumName4729",2810,"2017-09-03"
4730,"albumName4730",3328,"1993-04-09"
4731,"albumName4731",2378,"2004-04-28"
4732,"albumName4732",2287,"2022-04-08"
4733,"albumName4733",1291,"1977-02-09"
4734,"albumName4734",574,"1975-04-13"
4735,"albumName4735",477,"1992-03-04"
4736,"albumName4736",3542,"2019-03-03"
4737,"albumName4737",451,"1977-06-05"
4738,"albumName4738",244,"2025-12-13"
4739,"albumName4739",3037,"1985-11-18"
4740,"albumName4740",2113,"1984-05-13"
4741,"albumName4741",1342,"1994-04-22"
4742,"albumName4742",1129,"2023-05-10"
4743,"albumName4743",4860,"2065-09-05"
4744,"albumName4744",1165,"2058-08-09"
4745,"albumName4745",1381,"1978-02-01"
4746,"albumName4746",3484,"1979-07-09"
4747,"albumName4747",1012,"2009-07-11"
4748,"albumName4748",4852,"2021-07-25"
4749,"albumName4749",623,"2012-08-20"
4750,"albumName4750",829,"2064-06-09"
4751,"albumName4751",3999,"2058-07-22"
4752,"albumName4752",563,"2005-05-03"
4753,"albumName4753",137,"1998-07-11"
4754,"albumName4754",2928,"2016-05-13"
4755,"albumName4755",4425,"1974-08-11"
4756,"albumName4756",4130,"2000-01-10"
4757,"albumName4757",3668,"1991-04-11"
4758,"albumName4758",1762,"2020-07-14"
4759,"albumName4759",1827,"1982-06-15"
4760,"albumName4760",2955,"2058-10-18"
4761,"albumName4761",3796,"2066-01-25"
4762,"albumName4762",3374,"1991-07-10"
4763,"albumName4763",533,"1979-05-17"
4764,"albumName4764",2993,"1990-09-16"
4765,"albumName4765",4552,"2021-08-22"
4766,"albumName4766",797,"2017-08-28"
4767,"albumName4767",1639,"2015-09-10"
4768,"albumName4768",4410,"2005-09-09"
4769,"albumName4769",4330,"2020-08-12"
4770,"albumName4770",3307,"1981-05-14"
4771,"albumName4771",1185,"1980-04-05"
4772,"albumName4772",4384,"1998-12-03"
4773,"albumName4773",2836,"2053-02-21"
4774,"albumName4774",1031,"1982-03-13"
4775,"albumName4775",2679,"1990-09-23"
4776,"albumName4776",81,"1995-08-28"
4777,"albumName4777",2587,"1980-03-18"
4778,"albumName4778",2174,"2007-10-05"
4779,"albumName4779",4232,"2055-06-22"
4780,"albumName4780",1329,"2018-11-05"
4781,"albumName4781",4285,"2018-06-16"
4782,"albumName4782",2227,"1987-05-22"
4783,"albumName4783",3554,"1986-01-06"
4784,"albumName4784",2506,"2003-03-15"
4785,"albumName4785",2654,"2021-09-21"
4786,"albumName4786",1900,"2060-12-15"
4787,"albumName4787",2302,"2052-07-27"
4788,"albumName4788",4363,"2005-05-20"
4789,"albumName4789",282,"2008-06-21"
4790,"albumName4790",109,"1988-10-08"
4791,"albumName4791",3535,"1976-06-15"
4792,"albumName4792",2133,"2024-04-07"
4793,"albumName4793",3565,"1992-07-26"
4794,"albumName4794",2904,"1979-09-25"
4795,"albumName4795",4363,"2068-01-15"
4796,"albumName4796",214,"1988-08-19"
4797,"albumName4797",1757,"1979-04-16"
4798,"albumName4798",4896,"1983-10-22"
4799,"albumName4799",2402,"1972-07-25"
4800,"albumName4800",4264,"2065-01-04"
4801,"albumName4801",3850,"1977-04-04"
4802,"albumName4802",2192,"2013-01-27"
4803,"albumName4803",4291,"2018-09-02"
4804,"albumName4804",4236,"1999-05-28"
4805,"albumName4805",1861,"1991-03-10"
4806,"albumName4806",978,"2003-05-20"
4807,"albumName4807",439,"1984-07-12"
4808,"albumName4808",470,"2055-04-25"
4809,"albumName4809",4261,"2020-06-16"
4810,"albumName4810",3702,"1984-10-08"
4811,"albumName4811",1835,"2022-09-18"
4812,"albumName4812",157,"1970-06-05"
4813,"albumName4813",1067,"2007-05-17"
4814,"albumName4814",3059,"2025-10-21"
4815,"albumName4815",3954,"2023-03-24"
4816,"albumName4816",4883,"1997-06-20"
4817,"albumName4817",1081,"2005-08-11"
4818,"albumName4818",3810,"1980-09-08"
4819,"albumName4819",4767,"2061-07-01"
4820,"albumName4820",209,"2051-11-28"
4821,"albumName4821",2827,"2061-02-19"
4822,"albumName4822",1105,"1984-10-17"
4823,"albumName4823",2285,"2055-02-19"
4824,"albumName4824",3650,"2005-11-03"
4825,"albumName4825",1435,"2002-12-27"
4826,"albumName4826",1658,"2020-04-28"
4827,"albumName4827",4362,"2051-08-16"
4828,"albumName4828",1306,"2067-06-06"
4829,"albumName4829",3367,"2021-04-26"
4830,"albumName4830",4815,"2013-05-04"
4831,"albumName4831",3652,"2023-05-23"
4832,"albumName4832",2461,"2016-12-17"
4833,"albumName4833",469,"2059-02-26"
4834,"albumName4834",2306,"1999-11-09"
4835,"albumName4835",3426,"2019-06-22"
4836,"albumName4836",1811,"2067-07-27"
4837,"albumName4837",2112,"1994-11-25"
4838,"albumName4838",124,"1992-07-27"
4839,"albumName4839",4295,"2064-02-10"
4840,"albumName4840",1771,"1976-01-13"
4841,"albumName4841",620,"1997-01-16"
4842,"albumName4842",2677,"1996-02-07"
4843,"albumName4843",1244,"1979-07-09"
4844,"albumName4844",1570,"2066-03-07"
4845,"albumName4845",913,"1972-02-20"
4846,"albumName4846",3709,"2017-05-12"
4847,"albumName4847",2559,"2016-06-23"
4848,"albumName4848",1819,"1971-10-14"
4849,"albumName4849",990,"1994-09-27"
4850,"albumName4850",756,"2053-11-07"
4851,"albumName4851",3085,"2001-08-01"
4852,"albumName4852",392,"1978-12-01"
4853,"albumName4853",2235,"2011-04-06"
4854,"albumName4854",4689,"1986-05-03"
4855,"albumName4855",847,"2024-02-06"
4856,"albumName4856",3752,"2014-10-15"
4857,"albumName4857",4075,"1992-07-16"
4858,"albumName4858",3531,"1984-06-28"
4859,"albumName4859",4031,"2053-04-12"
4860,"albumName4860",2329,"1974-03-17"
4861,"albumName4861",1178,"2019-01-24"
4862,"albumName4862",705,"1991-03-08"
4863,"albumName4863",1126,"2063-02-17"
4864,"albumName4864",3103,"2056-01-19"
4865,"albumName4865",936,"1996-02-27"
4866,"albumName4866",3152,"2013-08-08"
4867,"albumName4867",3291,"2062-09-13"
4868,"albumName4868",3082,"1975-07-11"
4869,"albumName4869",261,"2058-06-27"
4870,"albumName4870",280,"2057-08-18"
4871,"albumName4871",2171,"2019-02-15"
4872,"albumName4872",2913,"2055-07-06"
4873,"albumName4873",1656,"2061-02-22"
4874,"albumName4874",1875,"1975-12-28"
4875,"albumName4875",2552,"1978-11-21"
4876,"albumName4876",1166,"1983-08-17"
4877,"albumName4877",1930,"2064-01-10"
4878,"albumName4878",1787,"2058-06-26"
4879,"albumName4879",4104,"1992-01-04"
4880,"albumName4880",3649,"1986-02-07"
4881,"albumName4881",2748,"2025-08-24"
4882,"albumName4882",3950,"2056-02-05"
4883,"albumName4883",3799,"1988-10-23"
4884,"albumName4884",4100,"2001-09-24"
4885,"albumName4885",416,"2007-10-23"
4886,"albumName4886",3913,"2005-07-24"
4887,"albumName4887",1149,"1996-12-09"
4888,"albumName4888",4038,"2053-02-28"
4889,"albumName4889",3366,"2003-04-22"
4890,"albumName4890",207,"2018-09-22"
4891,"albumName4891",4796,"2012-02-04"
4892,"albumName4892",2029,"1988-12-15"
4893,"albumName4893",4030,"2060-07-16"
4894,"albumName4894",4183,"1971-05-21"
4895,"albumName4895",1552,"2000-01-01"
4896,"albumName4896",240,"1985-09-25"
4897,"albumName4897",4135,"1984-11-09"
4898,"albumName4898",4838,"2063-12-04"
4899,"albumName4899",2155,"1984-05-22"
4900,"albumName4900",3837,"1991-12-05"
4901,"albumName4901",4141,"2017-04-19"
4902,"albumName4902",3463,"2014-09-08"
4903,"albumName4903",1554,"1981-01-03"
4904,"albumName4904",2244,"2013-02-03"
4905,"albumName4905",3075,"1984-04-28"
4906,"albumName4906",4804,"1993-04-21"
4907,"albumName4907",2758,"2008-09-01"
4908,"albumName4908",4468,"2065-10-27"
4909,"albumName4909",2643,"1972-08-24"
4910,"albumName4910",2625,"2059-05-19"
4911,"albumName4911",3704,"2059-04-22"
4912,"albumName4912",3447,"2067-11-27"
4913,"albumName4913",4882,"2002-03-24"
4914,"albumName4914",1910,"1992-10-14"
4915,"albumName4915",4028,"2011-08-06"
4916,"albumName4916",3161,"2067-10-11"
4917,"albumName4917",4568,"1979-05-21"
4918,"albumName4918",4167,"2021-08-21"
4919,"albumName4919",1413,"1996-05-24"
4920,"albumName4920",3302,"2001-07-05"
4921,"albumName4921",1316,"1973-08-20"
4922,"albumName4922",1868,"1988-06-15"
4923,"albumName4923",1666,"2057-05-15"
4924,"albumName4924",1427,"1990-06-03"
4925,"albumName4925",2502,"1972-04-19"
4926,"albumName4926",4765,"1980-08-02"
4927,"albumName4927",1364,"2053-07-22"
4928,"albumName4928",1192,"1998-03-12"
4929,"albumName4929",4080,"2016-04-05"
4930,"albumName4930",685,"2017-10-12"
4931,"albumName4931",4628,"2008-05-25"
4932,"albumName4932",4558,"2000-09-28"
4933,"albumName4933",237,"2052-09-24"
4934,"albumName4934",3955,"2060-02-27"
4935,"albumName4935",3787,"1970-10-22"
4936,"albumName4936",757,"2067-11-02"
4937,"albumName4937",2117,"1998-06-28"
4938,"albumName4938",3362,"1984-04-21"
4939,"albumName4939",1384,"2006-01-18"
4940,"albumName4940",2020,"2003-12-14"
4941,"albumName4941",3202,"2063-03-17"
4942,"albumName4942",3092,"1990-09-24"
4943,"albumName4943",412,"2003-07-10"
4944,"albumName4944",1979,"2018-08-12"
4945,"albumName4945",2094,"1997-01-19"
4946,"albumName4946",2211,"2057-02-12"
4947,"albumName4947",921,"2025-05-15"
4948,"albumName4948",283,"1972-06-15"
4949,"albumName4949",1967,"1970-09-15"
4950,"albumName4950",2150,"1988-09-13"
4951,"albumName4951",3042,"1988-02-25"
4952,"albumName4952",2483,"2065-08-11"
4953,"albumName4953",3544,"2056-03-12"
4954,"albumName4954",4879,"2053-12-24"
4955,"albumName4955",2318,"2012-12-23"
4956,"albumName4956",904,"1983-05-26"
4957,"albumName4957",2779,"2014-03-21"
4958,"albumName4958",2195,"1993-04-19"
4959,"albumName4959",2550,"1974-04-03"
4960,"albumName4960",1450,"1970-11-27"
4961,"albumName4961",288,"1978-07-26"
4962,"albumName4962",1031,"1978-10-01"
4963,"albumName4963",474,"1990-04-15"
4964,"albumName4964",3295,"2015-04-21"
4965,"albumName4965",1007,"2060-11-01"
4966,"albumName4966",3,"1973-01-15"
4967,"albumName4967",453,"2023-12-23"
4968,"albumName4968",2487,"2018-02-16"
4969,"albumName4969",544,"2067-05-08"
4970,"albumName4970",3920,"1996-07-25"
4971,"albumName4971",3527,"2059-08-25"
4972,"albumName4972",2964,"2019-01-06"
4973,"albumName4973",2790,"1986-05-25"
4974,"albumName4974",1903,"2059-06-04"
4975,"albumName4975",1534,"2022-04-27"
4976,"albumName4976",790,"1976-05-07"
4977,"albumName4977",790,"2013-08-16"
4978,"albumName4978",865,"1988-09-14"
4979,"albumName4979",1301,"1993-03-04"
4980,"albumName4980",4748,"2020-07-10"
4981,"albumName4981",1090,"2064-07-19"
4982,"albumName4982",3588,"1975-11-03"
4983,"albumName4983",3806,"1981-10-09"
4984,"albumName4984",2023,"1999-11-17"
4985,"albumName4985",3339,"1990-10-02"
4986,"albumName4986",2473,"1976-07-06"
4987,"albumName4987",4645,"2015-10-14"
4988,"albumName4988",4558,"1987-01-27"
4989,"albumName4989",2421,"2011-06-24"
4990,"albumName4990",4894,"1984-09-05"
4991,"albumName4991",3982,"1990-01-07"
4992,"albumName4992",4116,"1999-04-22"
4993,"albumName4993",2380,"1997-11-14"
4994,"albumName4994",890,"1989-07-01"
4995,"albumName4995",1891,"1977-06-13"
4996,"albumName4996",262,"2012-05-04"
4997,"albumName4997",4595,"2067-09-28"
4998,"albumName4998",173,"2063-08-28"
4999,"albumName4999",1117,"2011-12-24"
5000,"albumName5000",3388,"2062-12-02"
5001,"albumName5001",4250,"2054-11-02"
5002,"albumName5002",911,"1981-04-03"
5003,"albumName5003",90,"2011-08-23"
5004,"albumName5004",1556,"1990-01-15"
5005,"albumName5005",4090,"1991-10-19"
5006,"albumName5006",1778,"1978-09-22"
5007,"albumName5007",2127,"2025-10-17"
5008,"albumName5008",956,"2019-10-18"
5009,"albumName5009",3346,"2023-01-19"
5010,"albumName5010",1522,"1973-02-03"
5011,"albumName5011",4080,"1996-06-15"
5012,"albumName5012",2149,"1979-07-21"
5013,"albumName5013",3976,"1980-03-08"
5014,"albumName5014",3402,"2066-05-20"
5015,"albumName5015",4527,"2019-05-24"
5016,"albumName5016",3819,"1975-08-20"
5017,"albumName5017",2757,"2017-10-04"
5018,"albumName5018",4143,"1986-02-11"
5019,"albumName5019",4861,"2065-09-24"
5020,"albumName5020",932,"2060-09-15"
5021,"albumName5021",292,"2066-01-10"
5022,"albumName5022",3240,"1970-04-10"
5023,"albumName5023",3958,"2000-05-09"
5024,"albumName5024",1122,"2016-05-11"
5025,"albumName5025",187,"1998-04-25"
5026,"albumName5026",1730,"1985-02-12"
5027,"albumName5027",1094,"2019-04-16"
5028,"albumName5028",556,"1972-05-28"
5029,"albumName5029",3309,"1991-12-09"
5030,"albumName5030",1103,"2025-12-11"
5031,"albumName5031",1160,"1992-08-14"
5032,"albumName5032",1092,"2061-05-24"
5033,"albumName5033",1246,"1993-09-03"
5034,"albumName5034",3657,"1999-08-11"
5035,"albumName5035",799,"2065-07-03"
5036,"albumName5036",1577,"1990-10-08"
5037,"albumName5037",1305,"1994-05-11"
5038,"albumName5038",529,"2069-01-01"
5039,"albumName5039",3527,"1985-02-03"
5040,"albumName5040",3324,"2015-10-17"
5041,"albumName5041",1661,"1974-01-23"
5042,"albumName5042",1811,"1972-02-09"
5043,"albumName5043",4327,"2059-11-09"
5044,"albumName5044",1261,"2014-06-28"
5045,"albumName5045",3667,"1983-10-22"
5046,"albumName5046",1378,"1998-05-07"
5047,"albumName5047",3850,"1983-09-15"
5048,"albumName5048",1352,"2059-04-01"
5049,"albumName5049",3788,"1990-07-25"
5050,"albumName5050",4870,"1978-09-02"
5051,"albumName5051",4422,"1977-08-12"
5052,"albumName5052",1848,"2023-04-13"
5053,"albumName5053",2773,"1981-08-04"
5054,"albumName5054",1111,"2011-10-05"
5055,"albumName5055",3118,"2057-03-04"
5056,"albumName5056",2768,"1976-01-17"
5057,"albumName5057",1463,"2067-07-15"
5058,"albumName5058",4733,"1994-11-22"
5059,"albumName5059",4183,"1996-09-22"
5060,"albumName5060",9,"1991-08-12"
5061,"albumName5061",68,"2001-12-05"
5062,"albumName5062",1631,"2006-03-27"
5063,"albumName5063",2118,"2021-10-08"
5064,"albumName5064",1384,"2058-11-25"
5065,"albumName5065",3108,"2061-06-21"
5066,"albumName5066",3796,"1984-08-07"
5067,"albumName5067",2770,"1993-03-08"
5068,"albumName5068",4763,"2063-01-22"
5069,"albumName5069",1403,"1987-12-20"
5070,"albumName5070",2429,"2007-05-15"
5071,"albumName5071",2257,"1997-02-14"
5072,"albumName5072",2524,"2017-09-19"
5073,"albumName5073",2217,"2067-10-28"
5074,"albumName5074",268,"1991-11-10"
5075,"albumName5075",2568,"1995-02-08"
5076,"albumName5076",3047,"1992-12-05"
5077,"albumName5077",2732,"2054-01-24"
5078,"albumName5078",3989,"1973-03-06"
5079,"albumName5079",1492,"1995-10-13"
5080,"albumName5080",2628,"1979-10-09"
5081,"albumName5081",3688,"2023-05-17"
5082,"albumName5082",1222,"1979-12-14"
5083,"albumName5083",1099,"2057-02-26"
5084,"albumName5084",4838,"1993-01-08"
5085,"albumName5085",3867,"2051-07-11"
5086,"albumName5086",3178,"2063-07-20"
5087,"albumName5087",788,"1991-06-05"
5088,"albumName5088",4574,"2008-05-05"
5089,"albumName5089",3650,"2056-04-13"
5090,"albumName5090",2857,"2061-03-18"
5091,"albumName5091",3617,"1988-08-13"
5092,"albumName5092",3646,"2009-02-18"
5093,"albumName5093",1159,"1976-01-07"
5094,"albumName5094",4643,"1998-07-09"
5095,"albumName5095",3925,"1982-04-15"
5096,"albumName5096",4281,"2068-04-22"
5097,"albumName5097",2633,"2058-10-04"
5098,"albumName5098",944,"2025-10-07"
5099,"albumName5099",1466,"1976-11-03"
5100,"albumName5100",2451,"2054-11-22"
5101,"albumName5101",1358,"2014-03-05"
5102,"albumName5102",1104,"2011-11-17"
5103,"albumName5103",3507,"2019-08-25"
5104,"albumName5104",2637,"2002-07-09"
5105,"albumName5105",1941,"2003-03-17"
5106,"albumName5106",2705,"1972-07-12"
5107,"albumName5107",3119,"2006-07-19"
5108,"albumName5108",2129,"2019-10-15"
5109,"albumName5109",269,"1975-02-25"
5110,"albumName5110",4683,"1990-03-02"
5111,"albumName5111",4522,"1977-04-05"
5112,"albumName5112",4040,"1977-08-21"
5113,"albumName5113",3704,"1991-05-27"
5114,"albumName5114",4059,"2051-10-23"
5115,"albumName5115",2826,"1977-11-20"
5116,"albumName5116",226,"1997-11-06"
5117,"albumName5117",4594,"1984-01-06"
5118,"albumName5118",2312,"1980-06-12"
5119,"albumName5119",3499,"2068-11-12"
5120,"albumName5120",4814,"2057-06-23"
5121,"albumName5121",3651,"2000-07-13"
5122,"albumName5122",576,"1991-08-17"
5123,"albumName5123",4391,"2054-03-20"
5124,"albumName5124",3728,"1984-08-08"
5125,"albumName5125",2724,"1987-03-08"
5126,"albumName5126",1928,"2057-04-15"
5127,"albumName5127",3053,"1992-12-02"
5128,"albumName5128",3429,"2069-12-17"
5129,"albumName5129",2201,"2011-09-19"
5130,"albumName5130",3900,"1972-05-05"
5131,"albumName5131",1951,"2061-05-03"
5132,"albumName5132",1822,"2008-11-07"
5133,"albumName5133",1166,"2008-10-06"
5134,"albumName5134",4216,"2004-04-11"
5135,"albumName5135",4277,"2055-03-09"
5136,"albumName5136",217,"2066-03-17"
5137,"albumName5137",3895,"2006-12-13"
5138,"albumName5138",1056,"1998-08-20"
5139,"albumName5139",2756,"2014-10-28"
5140,"albumName5140",3453,"2069-11-11"
5141,"albumName5141",1578,"1982-12-17"
5142,"albumName5142",4166,"2065-06-20"
5143,"albumName5143",4209,"1998-06-01"
5144,"albumName5144",3274,"2008-06-08"
5145,"albumName5145",1251,"2001-05-03"
5146,"albumName5146",1319,"2051-02-17"
5147,"albumName5147",2588,"2014-08-20"
5148,"albumName5148",4027,"2055-03-27"
5149,"albumName5149",1891,"2063-07-20"
5150,"albumName5150",1724,"1994-11-11"
5151,"albumName5151",1195,"2057-11-03"
5152,"albumName5152",3806,"1991-11-19"
5153,"albumName5153",1881,"2014-05-19"
5154,"albumName5154",1997,"2005-01-09"
5155,"albumName5155",4128,"1981-04-11"
5156,"albumName5156",3532,"2015-10-15"
5157,"albumName5157",4348,"1998-05-02"
5158,"albumName5158",1008,"1979-12-27"
5159,"albumName5159",3426,"1982-10-08"
5160,"albumName5160",2534,"1984-08-25"
5161,"albumName5161",1197,"1992-09-06"
5162,"albumName5162",1100,"2064-05-28"
5163,"albumName5163",272,"1997-05-12"
5164,"albumName5164",2553,"1984-09-18"
5165,"albumName5165",2982,"2056-10-06"
5166,"albumName5166",1199,"1995-07-21"
5167,"albumName5167",3294,"2021-06-27"
5168,"albumName5168",4834,"2054-09-01"
5169,"albumName5169",3940,"1984-08-05"
5170,"albumName5170",2501,"2008-05-02"
5171,"albumName5171",684,"2018-08-02"
5172,"albumName5172",1529,"1970-06-20"
5173,"albumName5173",201,"2062-12-06"
5174,"albumName5174",2190,"2023-01-12"
5175,"albumName5175",1599,"1999-12-23"
5176,"albumName5176",3698,"2003-09-06"
5177,"albumName5177",2645,"1993-02-06"
5178,"albumName5178",4217,"2061-02-21"
5179,"albumName5179",2688,"2054-03-25"
5180,"albumName5180",3209,"2021-11-02"
5181,"albumName5181",1648,"2010-04-15"
5182,"albumName5182",1139,"1980-12-17"
5183,"albumName5183",4371,"2061-09-04"
5184,"albumName5184",742,"2013-10-18"
5185,"albumName5185",1046,"2061-04-25"
5186,"albumName5186",3941,"1995-09-22"
5187,"albumName5187",2360,"2063-09-08"
5188,"albumName5188",3223,"2011-09-18"
5189,"albumName5189",1426,"2066-04-02"
5190,"albumName5190",840,"2005-03-09"
5191,"albumName5191",1843,"1995-01-28"
5192,"albumName5192",4764,"2004-09-04"
5193,"albumName5193",2299,"2058-08-04"
5194,"albumName5194",1726,"1976-04-11"
5195,"albumName5195",721,"1987-06-14"
5196,"albumName5196",3053,"2022-05-25"
5197,"albumName5197",1593,"2021-10-16"
5198,"albumName5198",4822,"1971-09-06"
5199,"albumName5199",3570,"1990-11-08"
5200,"albumName5200",4648,"2055-08-18"
5201,"albumName5201",2278,"2060-10-20"
5202,"albumName5202",4464,"1994-11-26"
5203,"albumName5203",3921,"2011-03-14"
5204,"albumName5204",3368,"1992-10-25"
5205,"albumName5205",3582,"1985-06-05"
5206,"albumName5206",1620,"2069-05-24"
5207,"albumName5207",159,"2067-05-13"
5208,"albumName5208",3242,"1976-10-07"
5209,"albumName5209",370,"1996-10-17"
5210,"albumName5210",1413,"2007-04-25"
5211,"albumName5211",2214,"1986-02-14"
5212,"albumName5212",634,"2063-10-28"
5213,"albumName5213",3000,"2022-02-22"
5214,"albumName5214",2066,"2004-03-15"
5215,"albumName5215",717,"2003-12-09"
5216,"albumName5216",2652,"1984-06-16"
5217,"albumName5217",4463,"2066-06-19"
5218,"albumName5218",3229,"1976-01-07"
5219,"albumName5219",4601,"1976-03-19"
5220,"albumName5220",1661,"1993-10-26"
5221,"albumName5221",476,"1996-02-08"
5222,"albumName5222",2517,"1979-01-04"
5223,"albumName5223",3718,"2012-04-22"
5224,"albumName5224",2093,"2021-12-12"
5225,"albumName5225",4402,"1991-10-25"
5226,"albumName5226",3386,"2065-01-19"
5227,"albumName5227",1245,"2013-09-24"
5228,"albumName5228",2517,"1974-08-24"
5229,"albumName5229",4488,"2018-11-28"
5230,"albumName5230",4591,"1987-02-22"
5231,"albumName5231",1617,"2000-08-23"
5232,"albumName5232",2509,"1970-01-15"
5233,"albumName5233",860,"1970-03-23"
5234,"albumName5234",3649,"1981-08-02"
5235,"albumName5235",1624,"2021-07-25"
5236,"albumName5236",3469,"1977-03-11"
5237,"albumName5237",3742,"2062-02-09"
5238,"albumName5238",3747,"2019-05-27"
5239,"albumName5239",1391,"1987-02-21"
5240,"albumName5240",1210,"1991-02-13"
5241,"albumName5241",2162,"2065-03-02"
5242,"albumName5242",3750,"2051-08-09"
5243,"albumName5243",4415,"2023-03-18"
5244,"albumName5244",1360,"2014-01-24"
5245,"albumName5245",1255,"1973-02-13"
5246,"albumName5246",144,"2014-09-16"
5247,"albumName5247",754,"2004-07-10"
5248,"albumName5248",4054,"1987-07-12"
5249,"albumName5249",2244,"1978-05-28"
5250,"albumName5250",4179,"2008-05-11"
5251,"albumName5251",2678,"1994-02-05"
5252,"albumName5252",941,"2025-06-12"
5253,"albumName5253",2217,"2059-05-04"
5254,"albumName5254",1873,"2064-06-10"
5255,"albumName5255",2573,"1982-07-27"
5256,"albumName5256",2336,"2008-06-21"
5257,"albumName5257",3209,"2063-10-08"
5258,"albumName5258",1454,"1994-07-27"
5259,"albumName5259",947,"2019-04-19"
5260,"albumName5260",2352,"1985-04-03"
5261,"albumName5261",4349,"2014-12-13"
5262,"albumName5262",3515,"1977-08-16"
5263,"albumName5263",1575,"2005-04-21"
5264,"albumName5264",647,"2069-09-23"
5265,"albumName5265",4322,"1993-08-08"
5266,"albumName5266",1663,"1998-10-21"
5267,"albumName5267",1452,"2007-05-24"
5268,"albumName5268",4029,"1992-03-16"
5269,"albumName5269",4781,"2064-09-28"
5270,"albumName5270",2873,"2054-10-15"
5271,"albumName5271",1628,"2001-11-18"
5272,"albumName5272",4647,"1993-08-16"
5273,"albumName5273",4027,"2063-01-05"
5274,"albumName5274",3701,"1991-02-11"
5275,"albumName5275",584,"2062-03-23"
5276,"albumName5276",488,"2000-12-18"
5277,"albumName5277",475,"1982-11-03"
5278,"albumName5278",2608,"2062-07-08"
5279,"albumName5279",3303,"1976-06-28"
5280,"albumName5280",1506,"2005-03-19"
5281,"albumName5281",1242,"1988-07-22"
5282,"albumName5282",1229,"2059-11-10"
5283,"albumName5283",919,"2056-04-12"
5284,"albumName5284",1344,"1996-09-07"
5285,"albumName5285",1764,"2014-09-07"
5286,"albumName5286",4028,"2002-10-01"
5287,"albumName5287",4801,"2017-07-27"
5288,"albumName5288",2801,"2024-07-23"
5289,"albumName5289",2237,"2055-05-14"
5290,"albumName5290",55,"2067-11-06"
5291,"albumName5291",305,"2010-09-03"
5292,"albumName5292",2025,"1975-09-14"
5293,"albumName5293",2093,"1991-11-03"
5294,"albumName5294",3960,"1987-11-11"
5295,"albumName5295",1636,"2012-11-19"
5296,"albumName5296",3558,"2000-06-03"
5297,"albumName5297",1733,"1975-07-16"
5298,"albumName5298",2751,"1979-09-21"
5299,"albumName5299",3719,"1982-07-10"
5300,"albumName5300",3654,"1992-01-07"
5301,"albumName5301",546,"1981-02-11"
5302,"albumName5302",3402,"1975-03-12"
5303,"albumName5303",3306,"1987-04-13"
5304,"albumName5304",4087,"2016-09-08"
5305,"albumName5305",817,"2021-02-13"
5306,"albumName5306",3482,"1979-10-28"
5307,"albumName5307",3822,"2010-08-09"
5308,"albumName5308",3101,"1999-10-02"
5309,"albumName5309",4659,"2008-08-09"
5310,"albumName5310",4377,"1980-01-18"
5311,"albumName5311",480,"1987-12-23"
5312,"albumName5312",2989,"1975-12-03"
5313,"albumName5313",1989,"1995-01-22"
5314,"albumName5314",1705,"1994-10-27"
5315,"albumName5315",443,"2020-11-27"
5316,"albumName5316",989,"2019-10-10"
5317,"albumName5317",835,"2010-05-06"
5318,"albumName5318",2147,"2016-01-08"
5319,"albumName5319",2972,"2066-05-28"
5320,"albumName5320",1871,"2066-03-22"
5321,"albumName5321",2170,"2025-06-18"
5322,"albumName5322",2420,"2015-10-20"
5323,"albumName5323",994,"2051-03-03"
5324,"albumName5324",778,"1974-02-15"
5325,"albumName5325",2007,"1970-03-20"
5326,"albumName5326",1814,"2002-08-27"
5327,"albumName5327",3481,"2018-11-04"
5328,"albumName5328",3452,"2012-10-10"
5329,"albumName5329",2161,"1991-08-20"
5330,"albumName5330",2044,"2009-02-04"
5331,"albumName5331",284,"2009-04-04"
5332,"albumName5332",2044,"2017-12-22"
5333,"albumName5333",392,"1979-03-25"
5334,"albumName5334",1521,"2058-09-03"
5335,"albumName5335",881,"2065-02-02"
5336,"albumName5336",3818,"1994-04-02"
5337,"albumName5337",2524,"1971-10-23"
5338,"albumName5338",678,"2008-02-23"
5339,"albumName5339",1223,"2000-05-22"
5340,"albumName5340",611,"2069-09-24"
5341,"albumName5341",177,"2063-11-14"
5342,"albumName5342",575,"2063-06-25"
5343,"albumName5343",952,"2025-02-18"
5344,"albumName5344",631,"1991-11-21"
5345,"albumName5345",1724,"2010-02-14"
5346,"albumName5346",929,"2018-12-23"
5347,"albumName5347",1575,"2009-03-24"
5348,"albumName5348",2244,"2068-03-10"
5349,"albumName5349",2662,"1976-08-11"
5350,"albumName5350",2958,"1997-05-25"
5351,"albumName5351",1772,"1990-04-09"
5352,"albumName5352",3327,"2023-04-09"
5353,"albumName5353",3601,"2022-10-04"
5354,"albumName5354",4285,"2014-10-09"
5355,"albumName5355",1931,"1974-03-28"
5356,"albumName5356",3843,"2052-12-17"
5357,"albumName5357",579,"2014-06-19"
5358,"albumName5358",2468,"2069-05-13"
5359,"albumName5359",401,"2017-04-02"
5360,"albumName5360",3730,"1977-07-02"
5361,"albumName5361",2462,"1981-07-13"
5362,"albumName5362",114,"1988-10-27"
5363,"albumName5363",1875,"2011-01-19"
5364,"albumName5364",3591,"1971-08-02"
5365,"albumName5365",3446,"2025-05-10"
5366,"albumName5366",4300,"2019-05-18"
5367,"albumName5367",2676,"1979-06-22"
5368,"albumName5368",3649,"2066-11-12"
5369,"albumName5369",560,"2057-02-12"
5370,"albumName5370",3831,"1972-06-06"
5371,"albumName5371",3406,"2022-10-12"
5372,"albumName5372",3936,"1975-02-04"
5373,"albumName5373",1565,"2062-03-15"
5374,"albumName5374",412,"2060-08-19"
5375,"albumName5375",553,"2065-05-08"
5376,"albumName5376",3131,"2054-02-20"
5377,"albumName5377",2410,"2052-06-02"
5378,"albumName5378",2698,"2024-10-24"
5379,"albumName5379",1054,"2005-02-09"
5380,"albumName5380",1152,"2007-04-24"
5381,"albumName5381",375,"2060-11-03"
5382,"albumName5382",3306,"2008-07-18"
5383,"albumName5383",354,"1994-10-22"
5384,"albumName5384",1633,"1971-06-01"
5385,"albumName5385",3210,"1996-11-01"
5386,"albumName5386",1231,"2018-01-24"
5387,"albumName5387",1085,"2058-10-23"
5388,"albumName5388",4586,"2004-01-11"
5389,"albumName5389",942,"2009-01-07"
5390,"albumName5390",3433,"2069-01-20"
5391,"albumName5391",2134,"2020-12-16"
5392,"albumName5392",3633,"2057-12-14"
5393,"albumName5393",3777,"2068-11-09"
5394,"albumName5394",1117,"2054-01-22"
5395,"albumName5395",1058,"2011-06-24"
5396,"albumName5396",2442,"1995-08-13"
5397,"albumName5397",3926,"2024-11-18"
5398,"albumName5398",1719,"1987-05-14"
5399,"albumName5399",4151,"1976-08-05"
5400,"albumName5400",1478,"2021-12-06"
5401,"albumName5401",2546,"2019-07-05"
5402,"albumName5402",4069,"1974-11-15"
5403,"albumName5403",2004,"2058-09-12"
5404,"albumName5404",1533,"2063-03-18"
5405,"albumName5405",3399,"1977-10-08"
5406,"albumName5406",1062,"2060-04-22"
5407,"albumName5407",3633,"2060-09-11"
5408,"albumName5408",703,"2062-03-08"
5409,"albumName5409",4880,"2012-04-02"
5410,"albumName5410",4013,"2004-07-22"
5411,"albumName5411",2641,"2062-07-03"
5412,"albumName5412",3517,"2062-09-08"
5413,"albumName5413",3371,"2065-07-03"
5414,"albumName5414",3969,"1980-03-21"
5415,"albumName5415",3019,"1989-09-23"
5416,"albumName5416",1482,"1971-10-26"
5417,"albumName5417",2059,"1995-07-02"
5418,"albumName5418",1987,"2057-01-23"
5419,"albumName5419",4179,"2062-06-19"
5420,"albumName5420",4148,"2013-05-22"
5421,"albumName5421",3084,"1977-08-22"
5422,"albumName5422",15,"2019-01-26"
5423,"albumName5423",530,"1971-08-15"
5424,"albumName5424",2503,"2064-04-07"
5425,"albumName5425",3038,"2011-09-18"
5426,"albumName5426",1406,"2021-11-04"
5427,"albumName5427",4734,"1988-03-11"
5428,"albumName5428",3159,"2051-11-17"
5429,"albumName5429",474,"1987-12-10"
5430,"albumName5430",1267,"2067-04-11"
5431,"albumName5431",2813,"2061-11-28"
5432,"albumName5432",374,"2052-03-02"
5433,"albumName5433",1906,"2015-04-02"
5434,"albumName5434",2750,"2057-03-03"
5435,"albumName5435",4667,"1995-04-04"
5436,"albumName5436",4386,"2061-11-17"
5437,"albumName5437",1358,"2025-10-27"
5438,"albumName5438",1731,"2001-08-03"
5439,"albumName5439",2094,"2052-10-24"
5440,"albumName5440",781,"2013-05-16"
5441,"albumName5441",3275,"1970-10-11"
5442,"albumName5442",1164,"1973-10-16"
5443,"albumName5443",503,"1970-03-15"
5444,"albumName5444",3013,"1986-08-21"
5445,"albumName5445",2029,"2001-05-04"
5446,"albumName5446",4485,"2015-06-20"
5447,"albumName5447",1479,"2005-11-19"
5448,"albumName5448",4815,"1980-01-22"
5449,"albumName5449",3112,"2010-10-20"
5450,"albumName5450",3118,"1982-03-11"
5451,"albumName5451",1872,"2051-03-16"
5452,"albumName5452",4266,"1993-01-17"
5453,"albumName5453",4617,"1987-03-25"
5454,"albumName5454",1949,"1978-12-27"
5455,"albumName5455",4,"2063-06-15"
5456,"albumName5456",2185,"2064-09-05"
5457,"albumName5457",197,"2012-10-28"
5458,"albumName5458",3533,"2057-01-15"
5459,"albumName5459",3063,"1992-09-12"
5460,"albumName5460",2746,"1995-08-19"
5461,"albumName5461",2382,"1995-08-15"
5462,"albumName5462",4147,"2057-08-10"
5463,"albumName5463",2324,"1980-06-16"
5464,"albumName5464",775,"2005-04-20"
5465,"albumName5465",1515,"2021-01-12"
5466,"albumName5466",4102,"2067-08-16"
5467,"albumName5467",241,"2024-04-08"
5468,"albumName5468",3766,"1984-04-23"
5469,"albumName5469",3789,"2009-10-18"
5470,"albumName5470",4335,"2052-05-10"
5471,"albumName5471",3664,"1986-09-20"
5472,"albumName5472",202,"2059-11-24"
5473,"albumName5473",1072,"2067-12-04"
5474,"albumName5474",1977,"2067-02-25"
5475,"albumName5475",4789,"1972-06-27"
5476,"albumName5476",4471,"2053-09-23"
5477,"albumName5477",889,"2054-11-25"
5478,"albumName5478",3177,"2015-10-07"
5479,"albumName5479",950,"2021-12-28"
5480,"albumName5480",3156,"2067-08-27"
5481,"albumName5481",3434,"2062-07-23"
5482,"albumName5482",2385,"2001-03-23"
5483,"albumName5483",360,"2053-01-26"
5484,"albumName5484",630,"2004-08-15"
5485,"albumName5485",402,"2051-10-19"
5486,"albumName5486",30,"2007-02-10"
5487,"albumName5487",414,"2065-02-02"
5488,"albumName5488",3875,"2014-01-05"
5489,"albumName5489",150,"2021-06-13"
5490,"albumName5490",3397,"1991-05-25"
5491,"albumName5491",3467,"2014-10-18"
5492,"albumName5492",3817,"2021-05-24"
5493,"albumName5493",2036,"2000-03-21"
5494,"albumName5494",4274,"1983-11-14"
5495,"albumName5495",2772,"1982-11-08"
5496,"albumName5496",2324,"2010-11-10"
5497,"albumName5497",1209,"2006-01-12"
5498,"albumName5498",4815,"1982-02-02"
5499,"albumName5499",4171,"2016-02-02"
5500,"albumName5500",2899,"1972-04-11"
5501,"albumName5501",1247,"1988-02-23"
5502,"albumName5502",4079,"2051-03-24"
5503,"albumName5503",2941,"1973-09-13"
5504,"albumName5504",3245,"1976-05-22"
5505,"albumName5505",3239,"1999-09-03"
5506,"albumName5506",516,"2010-03-13"
5507,"albumName5507",3270,"2066-03-21"
5508,"albumName5508",1810,"2064-10-23"
5509,"albumName5509",616,"2055-04-17"
5510,"albumName5510",1167,"2009-04-11"
5511,"albumName5511",698,"2023-02-11"
5512,"albumName5512",3556,"1987-04-21"
5513,"albumName5513",18,"2002-09-03"
5514,"albumName5514",3314,"1989-07-12"
5515,"albumName5515",1818,"2064-03-18"
5516,"albumName5516",1511,"2063-09-17"
5517,"albumName5517",3892,"2006-10-24"
5518,"albumName5518",2887,"1997-12-25"
5519,"albumName5519",3125,"2059-12-08"
5520,"albumName5520",3652,"2019-01-17"
5521,"albumName5521",2479,"1977-02-02"
5522,"albumName5522",2177,"1989-10-09"
5523,"albumName5523",1414,"2023-04-04"
5524,"albumName5524",2680,"2018-05-28"
5525,"albumName5525",4074,"2020-08-01"
5526,"albumName5526",2650,"1970-10-22"
5527,"albumName5527",4385,"2024-07-20"
5528,"albumName5528",2701,"1986-09-21"
5529,"albumName5529",2732,"1979-03-19"
5530,"albumName5530",754,"1970-01-19"
5531,"albumName5531",4298,"2015-07-18"
5532,"albumName5532",1978,"2065-03-21"
5533,"albumName5533",3425,"2063-01-09"
5534,"albumName5534",1154,"2003-12-06"
5535,"albumName5535",1911,"2054-04-08"
5536,"albumName5536",3008,"2006-04-10"
5537,"albumName5537",1509,"1971-06-18"
5538,"albumName5538",3441,"2010-06-03"
5539,"albumName5539",1768,"2057-04-01"
5540,"albumName5540",397,"2024-08-01"
5541,"albumName5541",3724,"2024-10-14"
5542,"albumName5542",1594,"2067-10-22"
5543,"albumName5543",3273,"1984-04-09"
5544,"albumName5544",541,"1993-07-08"
5545,"albumName5545",2836,"2053-02-20"
5546,"albumName5546",702,"2007-07-03"
5547,"albumName5547",3472,"1984-02-23"
5548,"albumName5548",4810,"2060-03-18"
5549,"albumName5549",3416,"1985-09-17"
5550,"albumName5550",3102,"1999-05-03"
5551,"albumName5551",4080,"2059-10-17"
5552,"albumName5552",767,"2052-12-13"
5553,"albumName5553",3369,"2013-06-10"
5554,"albumName5554",4596,"1985-11-28"
5555,"albumName5555",4372,"2002-09-12"
5556,"albumName5556",4412,"2017-06-26"
5557,"albumName5557",2528,"2006-11-02"
5558,"albumName5558",1007,"1972-10-02"
5559,"albumName5559",4216,"1999-05-27"
5560,"albumName5560",2254,"1973-05-01"
5561,"albumName5561",4617,"1993-02-22"
5562,"albumName5562",1463,"2055-05-01"
5563,"albumName5563",4525,"2005-07-17"
5564,"albumName5564",872,"1974-11-22"
5565,"albumName5565",117,"2061-07-07"
5566,"albumName5566",3348,"2066-06-11"
5567,"albumName5567",731,"2001-05-24"
5568,"albumName5568",4649,"1995-12-16"
5569,"albumName5569",1742,"2004-02-19"
5570,"albumName5570",1515,"2011-07-19"
5571,"albumName5571",3673,"1979-09-04"
5572,"albumName5572",4654,"1995-03-27"
5573,"albumName5573",2113,"1981-12-15"
5574,"albumName5574",2639,"2067-08-21"
5575,"albumName5575",3774,"1991-02-28"
5576,"albumName5576",1567,"1991-06-09"
5577,"albumName5577",4120,"2010-11-01"
5578,"albumName5578",495,"2056-09-24"
5579,"albumName5579",724,"2055-02-21"
5580,"albumName5580",2762,"1990-12-16"
5581,"albumName5581",2418,"2069-03-08"
5582,"albumName5582",1828,"1989-05-09"
5583,"albumName5583",4126,"2054-10-26"
5584,"albumName5584",1602,"1984-03-07"
5585,"albumName5585",29,"2067-07-28"
5586,"albumName5586",1883,"2069-04-22"
5587,"albumName5587",2657,"2011-11-12"
5588,"albumName5588",2058,"1971-11-20"
5589,"albumName5589",309,"2052-01-02"
5590,"albumName5590",169,"1992-09-13"
5591,"albumName5591",3057,"1994-03-01"
5592,"albumName5592",1211,"2062-09-25"
5593,"albumName5593",4226,"1989-09-26"
5594,"albumName5594",4560,"1997-09-17"
5595,"albumName5595",2829,"2014-10-19"
5596,"albumName5596",754,"2017-12-22"
5597,"albumName5597",878,"2057-03-28"
5598,"albumName5598",160,"2005-11-27"
5599,"albumName5599",778,"2001-01-05"
5600,"albumName5600",1205,"1972-11-24"
5601,"albumName5601",659,"1998-11-12"
5602,"albumName5602",2813,"1981-03-10"
5603,"albumName5603",4045,"1982-09-17"
5604,"albumName5604",2418,"1994-11-20"
5605,"albumName5605",2750,"1997-04-08"
5606,"albumName5606",8,"2004-05-06"
5607,"albumName5607",4253,"2058-06-13"
5608,"albumName5608",4792,"1973-04-01"
5609,"albumName5609",4772,"2009-03-20"
5610,"albumName5610",1982,"2058-06-18"
5611,"albumName5611",3478,"2005-07-26"
5612,"albumName5612",1967,"2020-02-21"
5613,"albumName5613",719,"1977-09-28"
5614,"albumName5614",1949,"1974-11-14"
5615,"albumName5615",2946,"2069-12-18"
5616,"albumName5616",4218,"1988-06-14"
5617,"albumName5617",2535,"1988-04-27"
5618,"albumName5618",4035,"1998-04-06"
5619,"albumName5619",3212,"2000-07-11"
5620,"albumName5620",1074,"1988-09-28"
5621,"albumName5621",505,"1976-05-14"
5622,"albumName5622",4176,"1985-03-15"
5623,"albumName5623",3481,"2059-03-16"
5624,"albumName5624",2900,"2005-09-05"
5625,"albumName5625",1485,"1991-09-11"
5626,"albumName5626",4373,"2066-07-23"
5627,"albumName5627",1119,"1997-07-20"
5628,"albumName5628",611,"2068-11-08"
5629,"albumName5629",1570,"1970-11-09"
5630,"albumName5630",1073,"2008-11-14"
5631,"albumName5631",4593,"2069-11-18"
5632,"albumName5632",3465,"2007-08-10"
5633,"albumName5633",1944,"2016-07-14"
5634,"albumName5634",4133,"1995-01-03"
5635,"albumName5635",2793,"2060-05-05"
5636,"albumName5636",1469,"1977-06-07"
5637,"albumName5637",2764,"1982-09-26"
5638,"albumName5638",1825,"2062-12-12"
5639,"albumName5639",1743,"2067-04-22"
5640,"albumName5640",2183,"1979-08-04"
5641,"albumName5641",350,"2015-10-13"
5642,"albumName5642",4888,"1986-07-27"
5643,"albumName5643",3490,"2065-09-01"
5644,"albumName5644",1608,"1976-07-10"
5645,"albumName5645",4770,"2051-04-25"
5646,"albumName5646",531,"2005-08-01"
5647,"albumName5647",4324,"2002-06-11"
5648,"albumName5648",4418,"1985-05-16"
5649,"albumName5649",1701,"1977-03-26"
5650,"albumName5650",1519,"1979-09-11"
5651,"albumName5651",1211,"2012-01-05"
5652,"albumName5652",3891,"2017-02-02"
5653,"albumName5653",3674,"1979-05-18"
5654,"albumName5654",502,"2009-05-28"
5655,"albumName5655",2310,"2017-11-13"
5656,"albumName5656",3609,"1985-03-26"
5657,"albumName5657",2886,"2061-12-27"
5658,"albumName5658",3137,"1988-03-27"
5659,"albumName5659",1071,"2051-11-05"
5660,"albumName5660",563,"1971-03-15"
5661,"albumName5661",2911,"1977-03-28"
5662,"albumName5662",935,"2019-04-01"
5663,"albumName5663",314,"2022-07-05"
5664,"albumName5664",2448,"1975-04-05"
5665,"albumName5665",831,"1981-06-08"
5666,"albumName5666",370,"2001-02-12"
5667,"albumName5667",2149,"2006-03-16"
5668,"albumName5668",2067,"1991-12-07"
5669,"albumName5669",675,"1974-03-18"
5670,"albumName5670",382,"1992-06-12"
5671,"albumName5671",1482,"2062-01-09"
5672,"albumName5672",4325,"2000-08-22"
5673,"albumName5673",4692,"2069-05-23"
5674,"albumName5674",3772,"2065-02-23"
5675,"albumName5675",1742,"2058-06-28"
5676,"albumName5676",855,"2018-07-12"
5677,"albumName5677",4530,"1995-10-22"
5678,"albumName5678",1419,"2002-01-01"
5679,"albumName5679",4562,"2053-06-28"
5680,"albumName5680",2393,"1994-03-03"
5681,"albumName5681",362,"1996-04-14"
5682,"albumName5682",2679,"1994-02-14"
5683,"albumName5683",383,"2051-11-26"
5684,"albumName5684",876,"1997-02-10"
5685,"albumName5685",3716,"1975-03-17"
5686,"albumName5686",217,"2066-11-11"
5687,"albumName5687",170,"2065-08-07"
5688,"albumName5688",4704,"2014-10-08"
5689,"albumName5689",4258,"2063-05-22"
5690,"albumName5690",4335,"2065-02-08"
5691,"albumName5691",3991,"1993-08-06"
5692,"albumName5692",4487,"1970-04-13"
5693,"albumName5693",4639,"2025-11-22"
5694,"albumName5694",2012,"2022-02-07"
5695,"albumName5695",2365,"1978-08-11"
5696,"albumName5696",1648,"2017-02-24"
5697,"albumName5697",2936,"1994-01-17"
5698,"albumName5698",1342,"1996-06-09"
5699,"albumName5699",1567,"2065-04-18"
5700,"albumName5700",3479,"2021-10-12"
5701,"albumName5701",3825,"1980-04-28"
5702,"albumName5702",3280,"1993-10-08"
5703,"albumName5703",4179,"1995-08-19"
5704,"albumName5704",285,"1972-01-25"
5705,"albumName5705",560,"2002-10-23"
5706,"albumName5706",1119,"2055-11-13"
5707,"albumName5707",1295,"2011-06-05"
5708,"albumName5708",691,"2064-05-08"
5709,"albumName5709",2195,"1995-02-16"
5710,"albumName5710",613,"2019-06-05"
5711,"albumName5711",2830,"1991-01-07"
5712,"albumName5712",2556,"2056-06-10"
5713,"albumName5713",866,"2001-07-08"
5714,"albumName5714",4533,"2000-07-02"
5715,"albumName5715",2794,"1973-04-24"
5716,"albumName5716",1589,"1996-06-16"
5717,"albumName5717",2914,"2006-01-05"
5718,"albumName5718",4588,"1981-01-03"
5719,"albumName5719",4086,"1988-03-03"
5720,"albumName5720",246,"2018-09-16"
5721,"albumName5721",4107,"1970-03-14"
5722,"albumName5722",2049,"2016-09-21"
5723,"albumName5723",4137,"2013-06-07"
5724,"albumName5724",1946,"1978-08-18"
5725,"albumName5725",947,"1973-05-16"
5726,"albumName5726",4768,"1976-02-17"
5727,"albumName5727",4719,"2010-10-27"
5728,"albumName5728",1036,"2051-08-11"
5729,"albumName5729",2284,"2061-08-27"
5730,"albumName5730",4363,"2007-11-06"
5731,"albumName5731",1927,"2059-03-25"
5732,"albumName5732",1047,"1991-01-20"
5733,"albumName5733",3687,"2002-02-20"
5734,"albumName5734",3205,"2016-08-05"
5735,"albumName5735",642,"1974-04-28"
5736,"albumName5736",2047,"2060-09-01"
5737,"albumName5737",1532,"2063-10-02"
5738,"albumName5738",2280,"1976-12-08"
5739,"albumName5739",3362,"2055-02-08"
5740,"albumName5740",3672,"2017-07-22"
5741,"albumName5741",4040,"2059-05-09"
5742,"albumName5742",3726,"2066-06-19"
5743,"albumName5743",194,"1995-03-08"
5744,"albumName5744",3532,"1973-10-06"
5745,"albumName5745",3565,"2052-11-26"
5746,"albumName5746",4731,"2069-05-07"
5747,"albumName5747",1069,"2019-09-13"
5748,"albumName5748",3714,"2022-02-10"
5749,"albumName5749",1772,"1995-05-04"
5750,"albumName5750",664,"2053-10-06"
5751,"albumName5751",3441,"1977-09-10"
5752,"albumName5752",594,"1988-07-06"
5753,"albumName5753",4521,"2006-12-26"
5754,"albumName5754",3270,"2064-05-13"
5755,"albumName5755",4367,"1976-06-15"
5756,"albumName5756",1962,"1970-12-09"
5757,"albumName5757",2868,"2012-01-01"
5758,"albumName5758",936,"1979-04-08"
5759,"albumName5759",4694,"2058-10-06"
5760,"albumName5760",4701,"1980-01-06"
5761,"albumName5761",4904,"2060-08-12"
5762,"albumName5762",3491,"2013-03-28"
5763,"albumName5763",4641,"2014-09-18"
5764,"albumName5764",2564,"2067-08-06"
5765,"albumName5765",3986,"2003-09-27"
5766,"albumName5766",3199,"2004-05-08"
5767,"albumName5767",1665,"1990-04-24"
5768,"albumName5768",644,"2055-05-17"
5769,"albumName5769",2267,"2021-01-27"
5770,"albumName5770",988,"1981-12-25"
5771,"albumName5771",2709,"1999-12-25"
5772,"albumName5772",2124,"1989-05-14"
5773,"albumName5773",3797,"1974-02-17"
5774,"albumName5774",4886,"1983-04-07"
5775,"albumName5775",541,"2064-05-07"
5776,"albumName5776",4044,"1978-07-21"
5777,"albumName5777",1181,"1999-03-23"
5778,"albumName5778",2032,"2005-10-09"
5779,"albumName5779",1860,"2060-08-16"
5780,"albumName5780",2212,"2019-12-20"
5781,"albumName5781",4700,"2058-09-05"
5782,"albumName5782",604,"2060-11-24"
5783,"albumName5783",1862,"1984-10-25"
5784,"albumName5784",1176,"2067-10-21"
5785,"albumName5785",3353,"2023-12-02"
5786,"albumName5786",4639,"1991-06-14"
5787,"albumName5787",1690,"2062-04-26"
5788,"albumName5788",2714,"2025-09-23"
5789,"albumName5789",255,"1999-04-22"
5790,"albumName5790",1869,"2021-05-22"
5791,"albumName5791",2880,"1990-06-08"
5792,"albumName5792",1236,"1977-07-28"
5793,"albumName5793",1369,"2010-08-19"
5794,"albumName5794",1021,"2007-10-11"
5795,"albumName5795",127,"1974-09-17"
5796,"albumName5796",97,"2052-08-23"
5797,"albumName5797",3681,"1995-08-19"
5798,"albumName5798",4834,"2012-10-01"
5799,"albumName5799",2510,"2008-03-20"
5800,"albumName5800",2222,"2015-11-10"
5801,"albumName5801",1750,"2011-08-01"
5802,"albumName5802",2650,"1970-03-02"
5803,"albumName5803",847,"1975-05-02"
5804,"albumName5804",4154,"2052-11-03"
5805,"albumName5805",3605,"1970-01-08"
5806,"albumName5806",2551,"1973-11-21"
5807,"albumName5807",3612,"2005-03-27"
5808,"albumName5808",2610,"1992-04-19"
5809,"albumName5809",3965,"2007-04-27"
5810,"albumName5810",4840,"2025-04-27"
5811,"albumName5811",613,"2069-03-23"
5812,"albumName5812",1588,"1983-11-12"
5813,"albumName5813",1982,"1982-06-24"
5814,"albumName5814",3441,"2017-10-08"
5815,"albumName5815",1464,"2053-04-27"
5816,"albumName5816",2386,"2051-11-22"
5817,"albumName5817",1986,"2021-05-24"
5818,"albumName5818",2765,"2025-02-26"
5819,"albumName5819",4617,"2013-03-12"
5820,"albumName5820",2092,"2022-04-08"
5821,"albumName5821",137,"2004-03-03"
5822,"albumName5822",4424,"2008-05-28"
5823,"albumName5823",998,"2024-02-02"
5824,"albumName5824",983,"2023-01-02"
5825,"albumName5825",901,"1984-10-18"
5826,"albumName5826",3810,"2022-12-09"
5827,"albumName5827",1045,"1993-07-27"
5828,"albumName5828",4762,"2063-12-28"
5829,"albumName5829",909,"2056-01-01"
5830,"albumName5830",3999,"2064-02-01"
5831,"albumName5831",4360,"2009-07-02"
5832,"albumName5832",3388,"2068-11-06"
5833,"albumName5833",4852,"2055-05-11"
5834,"albumName5834",1223,"2004-09-26"
5835,"albumName5835",923,"2010-06-16"
5836,"albumName5836",4010,"2051-12-08"
5837,"albumName5837",2299,"1987-12-19"
5838,"albumName5838",2888,"2008-11-01"
5839,"albumName5839",537,"2014-06-08"
5840,"albumName5840",2614,"2021-05-08"
5841,"albumName5841",2629,"1983-11-12"
5842,"albumName5842",2679,"1993-08-04"
5843,"albumName5843",4130,"2005-08-12"
5844,"albumName5844",3843,"1980-05-10"
5845,"albumName5845",714,"2051-12-04"
5846,"albumName5846",3491,"1996-05-11"
5847,"albumName5847",1368,"2055-07-14"
5848,"albumName5848",2693,"1986-07-16"
5849,"albumName5849",1797,"2009-05-10"
5850,"albumName5850",870,"2004-08-17"
5851,"albumName5851",859,"2025-02-17"
5852,"albumName5852",1337,"2062-11-25"
5853,"albumName5853",1758,"2060-01-05"
5854,"albumName5854",3316,"1984-07-09"
5855,"albumName5855",4701,"2013-04-28"
5856,"albumName5856",1714,"2007-02-09"
5857,"albumName5857",965,"2066-05-05"
5858,"albumName5858",3233,"1986-01-01"
5859,"albumName5859",3996,"2051-07-15"
5860,"albumName5860",2251,"1986-12-20"
5861,"albumName5861",4822,"1983-01-12"
5862,"albumName5862",2718,"2010-08-20"
5863,"albumName5863",2910,"2058-08-24"
5864,"albumName5864",2524,"2060-10-18"
5865,"albumName5865",2219,"1976-01-27"
5866,"albumName5866",4486,"2003-07-02"
5867,"albumName5867",1179,"1991-11-11"
5868,"albumName5868",3011,"1971-11-21"
5869,"albumName5869",1257,"2069-01-19"
5870,"albumName5870",4513,"2025-06-26"
5871,"albumName5871",4073,"1994-01-08"
5872,"albumName5872",4544,"2019-07-09"
5873,"albumName5873",3190,"2059-02-19"
5874,"albumName5874",2173,"2051-02-23"
5875,"albumName5875",2924,"2021-03-12"
5876,"albumName5876",8,"2054-06-27"
5877,"albumName5877",375,"2020-12-23"
5878,"albumName5878",2639,"2056-05-20"
5879,"albumName5879",2629,"2002-09-23"
5880,"albumName5880",658,"2009-05-08"
5881,"albumName5881",1497,"2054-08-22"
5882,"albumName5882",209,"2010-09-11"
5883,"albumName5883",565,"1995-04-09"
5884,"albumName5884",3041,"2009-11-22"
5885,"albumName5885",2508,"1995-06-03"
5886,"albumName5886",4217,"2019-12-21"
5887,"albumName5887",3554,"2065-01-20"
5888,"albumName5888",605,"1996-03-15"
5889,"albumName5889",4192,"2051-11-02"
5890,"albumName5890",3924,"1974-12-03"
5891,"albumName5891",3327,"2007-07-10"
5892,"albumName5892",1477,"2003-09-21"
5893,"albumName5893",2553,"2013-12-14"
5894,"albumName5894",1464,"2054-03-11"
5895,"albumName5895",4532,"2023-05-09"
5896,"albumName5896",3633,"2010-11-01"
5897,"albumName5897",1985,"2060-01-23"
5898,"albumName5898",3174,"1979-11-03"
5899,"albumName5899",1906,"2061-12-19"
5900,"albumName5900",2022,"2010-09-08"
5901,"albumName5901",86,"2016-04-08"
5902,"albumName5902",4665,"1976-12-15"
5903,"albumName5903",4482,"2059-09-24"
5904,"albumName5904",3997,"1975-01-25"
5905,"albumName5905",332,"1980-12-17"
5906,"albumName5906",23,"2004-05-05"
5907,"albumName5907",4588,"2011-11-19"
5908,"albumName5908",4251,"2011-02-03"
5909,"albumName5909",4425,"1996-07-02"
5910,"albumName5910",2395,"2016-07-03"
5911,"albumName5911",3572,"1982-09-04"
5912,"albumName5912",316,"2013-10-19"
5913,"albumName5913",2761,"2008-04-26"
5914,"albumName5914",4232,"2025-08-17"
5915,"albumName5915",1083,"2012-09-12"
5916,"albumName5916",4288,"2013-05-25"
5917,"albumName5917",2789,"2022-04-26"
5918,"albumName5918",3157,"2063-07-19"
5919,"albumName5919",1540,"2015-02-06"
5920,"albumName5920",572,"1979-12-08"
5921,"albumName5921",920,"2063-09-24"
5922,"albumName5922",3191,"2024-01-27"
5923,"albumName5923",2031,"2024-10-26"
5924,"albumName5924",3689,"2015-08-15"
5925,"albumName5925",3125,"1983-11-13"
5926,"albumName5926",850,"1970-06-08"
5927,"albumName5927",4656,"2067-03-19"
5928,"albumName5928",3408,"2054-07-11"
5929,"albumName5929",2700,"2060-07-06"
5930,"albumName5930",4256,"2065-09-06"
5931,"albumName5931",1685,"2058-01-10"
5932,"albumName5932",3063,"1976-10-05"
5933,"albumName5933",3048,"1970-06-08"
5934,"albumName5934",1975,"2007-06-11"
5935,"albumName5935",2181,"1972-09-10"
5936,"albumName5936",3509,"2068-12-08"
5937,"albumName5937",3644,"2016-02-16"
5938,"albumName5938",3810,"2069-08-26"
5939,"albumName5939",966,"2068-08-10"
5940,"albumName5940",2112,"2009-03-23"
5941,"albumName5941",2453,"2059-02-28"
5942,"albumName5942",3406,"2015-12-14"
5943,"albumName5943",497,"2054-01-01"
5944,"albumName5944",4114,"1981-01-26"
5945,"albumName5945",4023,"1975-07-12"
5946,"albumName5946",3656,"2063-04-09"
5947,"albumName5947",1275,"1990-12-10"
5948,"albumName5948",853,"2064-04-19"
5949,"albumName5949",4740,"2058-10-09"
5950,"albumName5950",374,"2052-05-17"
5951,"albumName5951",3853,"1977-09-02"
5952,"albumName5952",1162,"2018-03-26"
5953,"albumName5953",4826,"2064-01-11"
5954,"albumName5954",3810,"2064-08-01"
5955,"albumName5955",904,"2019-10-10"
5956,"albumName5956",4341,"2009-09-05"
5957,"albumName5957",1086,"2059-04-15"
5958,"albumName5958",4186,"2051-10-24"
5959,"albumName5959",2919,"2057-05-07"
5960,"albumName5960",2705,"2062-08-22"
5961,"albumName5961",1951,"1978-05-22"
5962,"albumName5962",3710,"2020-10-16"
5963,"albumName5963",1681,"2067-11-10"
5964,"albumName5964",1368,"1975-10-12"
5965,"albumName5965",3210,"2052-05-11"
5966,"albumName5966",3293,"1979-11-10"
5967,"albumName5967",2613,"2004-06-19"
5968,"albumName5968",1488,"1999-07-28"
5969,"albumName5969",624,"2007-12-27"
5970,"albumName5970",3478,"2021-03-10"
5971,"albumName5971",446,"2069-04-26"
5972,"albumName5972",3153,"1996-09-19"
5973,"albumName5973",3893,"2023-08-05"
5974,"albumName5974",1868,"2003-10-07"
5975,"albumName5975",4629,"1995-06-28"
5976,"albumName5976",3344,"2001-11-18"
5977,"albumName5977",1387,"1975-04-18"
5978,"albumName5978",4322,"2064-07-06"
5979,"albumName5979",797,"1988-11-01"
5980,"albumName5980",455,"1992-10-13"
5981,"albumName5981",1731,"2051-12-01"
5982,"albumName5982",2260,"2064-05-12"
5983,"albumName5983",3610,"2062-08-11"
5984,"albumName5984",1197,"1982-11-25"
5985,"albumName5985",2650,"1993-01-26"
5986,"albumName5986",2227,"2002-02-06"
5987,"albumName5987",3784,"2001-12-01"
5988,"albumName5988",3108,"1970-08-03"
5989,"albumName5989",4721,"1972-10-08"
5990,"albumName5990",567,"2025-09-06"
5991,"albumName5991",1811,"2058-02-19"
5992,"albumName5992",4185,"1983-10-15"
5993,"albumName5993",3682,"1990-06-13"
5994,"albumName5994",727,"2012-09-06"
5995,"albumName5995",975,"2019-10-08"
5996,"albumName5996",759,"1978-03-13"
5997,"albumName5997",1380,"1983-11-15"
5998,"albumName5998",1997,"1994-02-12"
5999,"albumName5999",4500,"2023-09-22"
6000,"albumName6000",2395,"1983-06-04"
6001,"albumName6001",2890,"1993-05-28"
6002,"albumName6002",268,"1980-07-12"
6003,"albumName6003",1828,"1999-05-08"
6004,"albumName6004",3528,"2057-02-05"
6005,"albumName6005",2862,"2024-12-10"
6006,"albumName6006",4341,"1975-06-02"
6007,"albumName6007",1012,"1970-05-25"
6008,"albumName6008",3589,"2015-10-28"
6009,"albumName6009",3354,"2002-02-10"
6010,"albumName6010",2966,"2062-10-11"
6011,"albumName6011",1635,"1999-05-05"
6012,"albumName6012",3061,"1975-07-05"
6013,"albumName6013",71,"1980-04-13"
6014,"albumName6014",4753,"2064-06-07"
6015,"albumName6015",1394,"1984-07-14"
6016,"albumName6016",3067,"1997-03-10"
6017,"albumName6017",3336,"2003-07-25"
6018,"albumName6018",2628,"1990-03-06"
6019,"albumName6019",3904,"1971-09-23"
6020,"albumName6020",381,"1992-06-19"
6021,"albumName6021",3773,"1995-05-27"
6022,"albumName6022",952,"2066-05-13"
6023,"albumName6023",2265,"1980-04-09"
6024,"albumName6024",529,"2025-06-19"
6025,"albumName6025",3719,"2008-06-08"
6026,"albumName6026",4052,"1986-01-27"
6027,"albumName6027",1314,"1992-07-09"
6028,"albumName6028",2457,"2012-10-18"
6029,"albumName6029",535,"1971-07-02"
6030,"albumName6030",4674,"1995-01-06"
6031,"albumName6031",4353,"2000-12-01"
6032,"albumName6032",4204,"1971-02-15"
6033,"albumName6033",324,"1980-11-01"
6034,"albumName6034",4892,"2010-01-16"
6035,"albumName6035",4637,"2063-12-03"
6036,"albumName6036",4481,"2025-03-22"
6037,"albumName6037",53,"2057-08-06"
6038,"albumName6038",2971,"2012-07-11"
6039,"albumName6039",646,"2012-05-18"
6040,"albumName6040",2240,"2005-07-17"
6041,"albumName6041",3177,"1995-01-12"
6042,"albumName6042",2806,"1992-02-03"
6043,"albumName6043",2079,"2064-09-03"
6044,"albumName6044",3140,"2017-01-10"
6045,"albumName6045",2517,"2004-02-09"
6046,"albumName6046",554,"2012-04-26"
6047,"albumName6047",3432,"2020-02-24"
6048,"albumName6048",2237,"2009-04-12"
6049,"albumName6049",2082,"2067-05-21"
6050,"albumName6050",700,"1972-01-20"
6051,"albumName6051",2395,"1986-06-01"
6052,"albumName6052",4790,"1979-01-10"
6053,"albumName6053",4508,"1977-02-06"
6054,"albumName6054",273,"2022-04-09"
6055,"albumName6055",2712,"2069-03-19"
6056,"albumName6056",3310,"2005-01-27"
6057,"albumName6057",4264,"2007-03-12"
6058,"albumName6058",1438,"2060-09-09"
6059,"albumName6059",3981,"1990-05-18"
6060,"albumName6060",102,"1988-09-23"
6061,"albumName6061",3197,"1991-01-15"
6062,"albumName6062",3201,"1990-07-01"
6063,"albumName6063",4110,"2020-03-02"
6064,"albumName6064",4908,"1975-10-16"
6065,"albumName6065",3290,"1989-06-11"
6066,"albumName6066",79,"2065-08-27"
6067,"albumName6067",866,"2024-05-19"
6068,"albumName6068",4840,"1974-09-22"
6069,"albumName6069",1998,"2057-10-13"
6070,"albumName6070",1359,"2068-05-22"
6071,"albumName6071",3026,"2052-05-06"
6072,"albumName6072",2742,"1973-10-20"
6073,"albumName6073",4899,"1987-08-04"
6074,"albumName6074",2225,"2021-10-27"
6075,"albumName6075",2052,"2068-01-27"
6076,"albumName6076",1563,"2009-01-15"
6077,"albumName6077",48,"1989-03-08"
6078,"albumName6078",2271,"2061-11-01"
6079,"albumName6079",1350,"2059-07-25"
6080,"albumName6080",2858,"2024-03-04"
6081,"albumName6081",3053,"1979-10-19"
6082,"albumName6082",4128,"1993-04-09"
6083,"albumName6083",2471,"1987-11-24"
6084,"albumName6084",3246,"1977-06-09"
6085,"albumName6085",1488,"2065-11-26"
6086,"albumName6086",2753,"1988-03-05"
6087,"albumName6087",4227,"2009-06-24"
6088,"albumName6088",4186,"2056-12-15"
6089,"albumName6089",1431,"1989-12-07"
6090,"albumName6090",4613,"1992-08-18"
6091,"albumName6091",1422,"2066-09-01"
6092,"albumName6092",432,"1995-06-27"
6093,"albumName6093",4868,"1978-09-18"
6094,"albumName6094",1382,"1997-04-19"
6095,"albumName6095",548,"2065-03-09"
6096,"albumName6096",3307,"2059-10-19"
6097,"albumName6097",4366,"1999-03-25"
6098,"albumName6098",2095,"2063-02-10"
6099,"albumName6099",1033,"1971-07-04"
6100,"albumName6100",4428,"2010-10-03"
6101,"albumName6101",409,"2000-10-26"
6102,"albumName6102",1429,"1979-03-04"
6103,"albumName6103",2834,"2001-02-11"
6104,"albumName6104",3430,"1980-06-22"
6105,"albumName6105",35,"1990-01-16"
6106,"albumName6106",3224,"1990-11-17"
6107,"albumName6107",1880,"2024-04-22"
6108,"albumName6108",3108,"1985-07-04"
6109,"albumName6109",2036,"2016-11-17"
6110,"albumName6110",4114,"1971-01-26"
6111,"albumName6111",3671,"2057-10-05"
6112,"albumName6112",52,"1972-06-15"
6113,"albumName6113",2760,"2022-04-15"
6114,"albumName6114",4213,"2066-11-20"
6115,"albumName6115",3320,"1972-09-24"
6116,"albumName6116",1882,"2024-11-16"
6117,"albumName6117",4351,"2057-10-06"
6118,"albumName6118",1905,"2001-06-13"
6119,"albumName6119",3903,"2056-12-15"
6120,"albumName6120",2310,"2013-09-02"
6121,"albumName6121",2637,"2064-02-10"
6122,"albumName6122",703,"2059-09-04"
6123,"albumName6123",4257,"2005-02-18"
6124,"albumName6124",1574,"2065-01-15"
6125,"albumName6125",4519,"2056-02-01"
6126,"albumName6126",1647,"2003-05-18"
6127,"albumName6127",19,"1986-12-06"
6128,"albumName6128",2447,"2067-09-08"
6129,"albumName6129",3044,"2020-03-22"
6130,"albumName6130",3210,"1973-11-01"
6131,"albumName6131",3301,"2021-11-09"
6132,"albumName6132",2486,"2025-03-04"
6133,"albumName6133",2661,"1987-06-07"
6134,"albumName6134",3064,"2017-09-21"
6135,"albumName6135",4798,"2006-05-02"
6136,"albumName6136",4242,"1998-07-13"
6137,"albumName6137",1278,"2061-08-03"
6138,"albumName6138",870,"1972-12-07"
6139,"albumName6139",4136,"2053-01-28"
6140,"albumName6140",2249,"2052-02-26"
6141,"albumName6141",1576,"2006-05-04"
6142,"albumName6142",1474,"1982-01-27"
6143,"albumName6143",2041,"2069-04-06"
6144,"albumName6144",2525,"1986-11-24"
6145,"albumName6145",3051,"2002-04-25"
6146,"albumName6146",4016,"2014-02-24"
6147,"albumName6147",2158,"1981-09-06"
6148,"albumName6148",3940,"2064-03-17"
6149,"albumName6149",2424,"2003-10-23"
6150,"albumName6150",4199,"2000-05-21"
6151,"albumName6151",3385,"2004-10-06"
6152,"albumName6152",2352,"2016-05-16"
6153,"albumName6153",4141,"2012-12-14"
6154,"albumName6154",1235,"2011-03-06"
6155,"albumName6155",469,"1971-08-27"
6156,"albumName6156",1413,"2018-03-21"
6157,"albumName6157",1933,"2065-04-13"
6158,"albumName6158",19,"2051-03-16"
6159,"albumName6159",4799,"2069-07-22"
6160,"albumName6160",3075,"1981-11-24"
6161,"albumName6161",3099,"2016-09-06"
6162,"albumName6162",4209,"2001-09-18"
6163,"albumName6163",4693,"1982-01-13"
6164,"albumName6164",3439,"2003-01-23"
6165,"albumName6165",695,"1979-08-19"
6166,"albumName6166",3625,"2023-07-02"
6167,"albumName6167",1113,"2063-12-24"
6168,"albumName6168",4553,"2057-02-14"
6169,"albumName6169",4595,"2017-02-14"
6170,"albumName6170",4075,"2022-01-24"
6171,"albumName6171",4038,"2006-10-06"
6172,"albumName6172",1859,"2022-10-04"
6173,"albumName6173",3747,"2022-05-20"
6174,"albumName6174",1433,"2057-07-11"
6175,"albumName6175",1055,"1978-07-12"
6176,"albumName6176",4490,"1998-12-03"
6177,"albumName6177",2578,"1996-08-15"
6178,"albumName6178",2288,"1990-03-21"
6179,"albumName6179",3937,"1999-06-07"
6180,"albumName6180",1401,"1996-04-20"
6181,"albumName6181",2709,"1994-02-17"
6182,"albumName6182",4745,"1991-04-06"
6183,"albumName6183",838,"2016-02-28"
6184,"albumName6184",1069,"2014-08-27"
6185,"albumName6185",1285,"1977-11-22"
6186,"albumName6186",2622,"1977-05-26"
6187,"albumName6187",4633,"2009-04-16"
6188,"albumName6188",763,"1973-09-15"
6189,"albumName6189",2256,"1976-07-20"
6190,"albumName6190",2302,"2067-01-22"
6191,"albumName6191",323,"1981-09-17"
6192,"albumName6192",2057,"2007-08-24"
6193,"albumName6193",2502,"2014-07-21"
6194,"albumName6194",4591,"2012-10-12"
6195,"albumName6195",894,"1982-10-23"
6196,"albumName6196",937,"1984-12-16"
6197,"albumName6197",2323,"1991-02-12"
6198,"albumName6198",615,"2057-06-12"
6199,"albumName6199",2491,"2002-02-23"
6200,"albumName6200",1800,"2060-02-10"
6201,"albumName6201",3336,"1983-08-10"
6202,"albumName6202",1024,"2063-07-27"
6203,"albumName6203",3996,"2012-10-08"
6204,"albumName6204",405,"1991-11-18"
6205,"albumName6205",2841,"2002-07-23"
6206,"albumName6206",587,"1995-05-01"
6207,"albumName6207",2258,"1990-04-06"
6208,"albumName6208",1866,"2007-05-27"
6209,"albumName6209",2900,"2054-07-26"
6210,"albumName6210",1112,"2051-04-09"
6211,"albumName6211",4412,"1991-02-22"
6212,"albumName6212",2873,"2020-01-22"
6213,"albumName6213",4042,"2058-09-06"
6214,"albumName6214",260,"2022-04-24"
6215,"albumName6215",1183,"1992-04-20"
6216,"albumName6216",3987,"2063-06-28"
6217,"albumName6217",4861,"1987-10-06"
6218,"albumName6218",192,"2004-11-05"
6219,"albumName6219",975,"2002-07-07"
6220,"albumName6220",4443,"2012-05-11"
6221,"albumName6221",4455,"2066-03-07"
6222,"albumName6222",680,"2055-02-26"
6223,"albumName6223",235,"1971-12-10"
6224,"albumName6224",723,"1988-01-08"
6225,"albumName6225",2169,"2051-03-28"
6226,"albumName6226",161,"2024-10-25"
6227,"albumName6227",2020,"1999-11-12"
6228,"albumName6228",3264,"2055-05-07"
6229,"albumName6229",2098,"1970-08-03"
6230,"albumName6230",2392,"2019-07-15"
6231,"albumName6231",4550,"1992-12-06"
6232,"albumName6232",4235,"2020-11-21"
6233,"albumName6233",3032,"1971-05-15"
6234,"albumName6234",12,"2066-11-15"
6235,"albumName6235",1939,"1981-06-03"
6236,"albumName6236",3961,"2062-05-08"
6237,"albumName6237",2987,"1995-11-04"
6238,"albumName6238",2646,"1987-01-24"
6239,"albumName6239",4857,"1997-12-22"
6240,"albumName6240",332,"1986-05-15"
6241,"albumName6241",2924,"2013-03-25"
6242,"albumName6242",1687,"2022-01-07"
6243,"albumName6243",3041,"2052-12-18"
6244,"albumName6244",962,"2053-09-15"
6245,"albumName6245",211,"1987-08-04"
6246,"albumName6246",3315,"2069-12-15"
6247,"albumName6247",1682,"2005-11-25"
6248,"albumName6248",2130,"1997-09-10"
6249,"albumName6249",109,"2025-04-06"
6250,"albumName6250",2391,"2002-06-07"
6251,"albumName6251",2591,"2021-10-27"
6252,"albumName6252",1063,"1979-12-20"
6253,"albumName6253",2802,"2008-02-22"
6254,"albumName6254",7,"2005-11-18"
6255,"albumName6255",383,"2065-01-19"
6256,"albumName6256",2637,"1984-11-27"
6257,"albumName6257",3215,"1991-11-16"
6258,"albumName6258",2821,"1974-04-27"
6259,"albumName6259",4536,"2004-08-12"
6260,"albumName6260",3285,"2057-12-20"
6261,"albumName6261",4673,"1983-05-24"
6262,"albumName6262",2487,"2008-05-01"
6263,"albumName6263",4290,"1982-02-06"
6264,"albumName6264",1496,"1997-09-28"
6265,"albumName6265",4868,"1984-01-19"
6266,"albumName6266",914,"2023-05-18"
6267,"albumName6267",262,"1988-10-25"
6268,"albumName6268",2460,"2069-02-19"
6269,"albumName6269",4496,"2069-11-28"
6270,"albumName6270",591,"2051-02-06"
6271,"albumName6271",3986,"1999-07-22"
6272,"albumName6272",3891,"2069-04-15"
6273,"albumName6273",3000,"2007-12-20"
6274,"albumName6274",2230,"2002-12-08"
6275,"albumName6275",4369,"1971-03-12"
6276,"albumName6276",3469,"2069-09-21"
6277,"albumName6277",3553,"2019-07-11"
6278,"albumName6278",316,"1980-03-27"
6279,"albumName6279",1369,"2065-07-10"
6280,"albumName6280",1478,"2060-02-17"
6281,"albumName6281",1992,"1980-06-13"
6282,"albumName6282",2169,"1985-09-03"
6283,"albumName6283",2907,"2058-01-20"
6284,"albumName6284",2677,"2016-05-20"
6285,"albumName6285",1210,"2061-04-12"
6286,"albumName6286",2245,"1989-09-15"
6287,"albumName6287",3935,"2010-06-27"
6288,"albumName6288",345,"2004-09-23"
6289,"albumName6289",4735,"1999-11-14"
6290,"albumName6290",2890,"2022-11-28"
6291,"albumName6291",3984,"2025-11-13"
6292,"albumName6292",3558,"2063-02-07"
6293,"albumName6293",793,"1974-07-20"
6294,"albumName6294",3615,"1998-03-05"
6295,"albumName6295",3242,"2025-05-11"
6296,"albumName6296",3431,"1975-12-23"
6297,"albumName6297",1483,"2019-04-25"
6298,"albumName6298",3650,"2059-04-05"
6299,"albumName6299",2658,"1976-05-23"
6300,"albumName6300",3453,"1981-09-03"
6301,"albumName6301",3049,"1979-02-17"
6302,"albumName6302",2109,"2065-06-21"
6303,"albumName6303",3919,"2058-12-19"
6304,"albumName6304",3237,"1980-02-11"
6305,"albumName6305",742,"2015-06-16"
6306,"albumName6306",4479,"2006-12-21"
6307,"albumName6307",3487,"2069-12-10"
6308,"albumName6308",2478,"1976-08-22"
6309,"albumName6309",3633,"1972-06-03"
6310,"albumName6310",4345,"2009-02-08"
6311,"albumName6311",4670,"2012-02-14"
6312,"albumName6312",4190,"2008-06-17"
6313,"albumName6313",3432,"1991-01-22"
6314,"albumName6314",2594,"2011-07-16"
6315,"albumName6315",1501,"1983-05-22"
6316,"albumName6316",2840,"2012-03-15"
6317,"albumName6317",2454,"2062-03-18"
6318,"albumName6318",1488,"1972-04-09"
6319,"albumName6319",2576,"2051-12-26"
6320,"albumName6320",1851,"2060-06-10"
6321,"albumName6321",4228,"2009-11-04"
6322,"albumName6322",86,"1993-09-08"
6323,"albumName6323",1321,"2004-09-25"
6324,"albumName6324",150,"2059-11-01"
6325,"albumName6325",2210,"2062-08-17"
6326,"albumName6326",2367,"2025-07-28"
6327,"albumName6327",1791,"1982-04-03"
6328,"albumName6328",1201,"2020-07-22"
6329,"albumName6329",242,"1984-01-09"
6330,"albumName6330",1477,"2025-07-23"
6331,"albumName6331",4178,"1995-01-04"
6332,"albumName6332",2715,"1992-03-05"
6333,"albumName6333",40,"2021-08-19"
6334,"albumName6334",3703,"1995-01-19"
6335,"albumName6335",3125,"1973-05-01"
6336,"albumName6336",1780,"1978-10-21"
6337,"albumName6337",1134,"2023-01-28"
6338,"albumName6338",1069,"1972-09-22"
6339,"albumName6339",1396,"1980-11-17"
6340,"albumName6340",66,"2066-06-21"
6341,"albumName6341",1091,"2024-03-21"
6342,"albumName6342",3618,"1972-06-02"
6343,"albumName6343",2952,"2065-08-01"
6344,"albumName6344",2758,"2068-12-17"
6345,"albumName6345",3336,"2018-12-04"
6346,"albumName6346",3312,"2054-01-25"
6347,"albumName6347",4440,"2025-05-18"
6348,"albumName6348",1368,"2007-08-18"
6349,"albumName6349",1704,"1988-02-16"
6350,"albumName6350",1203,"1997-06-10"
6351,"albumName6351",3648,"2014-03-25"
6352,"albumName6352",2306,"2051-04-06"
6353,"albumName6353",1504,"2062-07-01"
6354,"albumName6354",1410,"1984-01-08"
6355,"albumName6355",575,"2023-03-04"
6356,"albumName6356",3142,"2068-06-12"
6357,"albumName6357",2107,"1971-12-13"
6358,"albumName6358",370,"2055-07-01"
6359,"albumName6359",985,"2014-05-28"
6360,"albumName6360",680,"2012-11-21"
6361,"albumName6361",682,"2057-10-19"
6362,"albumName6362",998,"2006-06-10"
6363,"albumName6363",2607,"2006-08-03"
6364,"albumName6364",3106,"1978-03-19"
6365,"albumName6365",2037,"1985-02-14"
6366,"albumName6366",3590,"2064-12-08"
6367,"albumName6367",2570,"2016-10-18"
6368,"albumName6368",299,"2000-08-06"
6369,"albumName6369",175,"1972-09-12"
6370,"albumName6370",3819,"2059-09-09"
6371,"albumName6371",3352,"2001-01-16"
6372,"albumName6372",4594,"2016-08-04"
6373,"albumName6373",1009,"2019-04-05"
6374,"albumName6374",1908,"2068-05-05"
6375,"albumName6375",3710,"1992-12-11"
6376,"albumName6376",471,"2015-03-03"
6377,"albumName6377",2363,"2051-09-19"
6378,"albumName6378",2830,"1994-08-12"
6379,"albumName6379",3622,"2003-05-14"
6380,"albumName6380",3560,"1985-08-10"
6381,"albumName6381",2988,"2061-10-19"
6382,"albumName6382",4106,"2012-08-26"
6383,"albumName6383",3910,"2009-10-27"
6384,"albumName6384",2175,"1972-04-19"
6385,"albumName6385",893,"2061-07-16"
6386,"albumName6386",1600,"1988-03-06"
6387,"albumName6387",961,"2068-01-08"
6388,"albumName6388",4524,"2001-12-22"
6389,"albumName6389",2770,"2054-12-03"
6390,"albumName6390",2547,"2019-11-24"
6391,"albumName6391",4175,"2068-01-15"
6392,"albumName6392",3802,"1984-04-04"
6393,"albumName6393",2076,"1999-05-14"
6394,"albumName6394",1598,"1982-12-13"
6395,"albumName6395",456,"2065-03-07"
6396,"albumName6396",3967,"2004-01-12"
6397,"albumName6397",2934,"1976-04-06"
6398,"albumName6398",3611,"2003-06-25"
6399,"albumName6399",3015,"1971-10-05"
6400,"albumName6400",4703,"2001-01-23"
6401,"albumName6401",4278,"2054-02-23"
6402,"albumName6402",4299,"1983-04-14"
6403,"albumName6403",1320,"2005-12-08"
6404,"albumName6404",4578,"1983-10-28"
6405,"albumName6405",1400,"1997-12-03"
6406,"albumName6406",2429,"1986-09-26"
6407,"albumName6407",100,"2023-06-19"
6408,"albumName6408",2724,"2065-09-04"
6409,"albumName6409",2416,"1989-07-19"
6410,"albumName6410",491,"1989-02-25"
6411,"albumName6411",3776,"1981-01-14"
6412,"albumName6412",1274,"2004-12-06"
6413,"albumName6413",4280,"2010-06-08"
6414,"albumName6414",1853,"1980-01-08"
6415,"albumName6415",3247,"1975-11-19"
6416,"albumName6416",4795,"1991-04-26"
6417,"albumName6417",2097,"1974-09-26"
6418,"albumName6418",1360,"1976-01-19"
6419,"albumName6419",2339,"1972-02-16"
6420,"albumName6420",3405,"2005-11-18"
6421,"albumName6421",2619,"2018-12-16"
6422,"albumName6422",3094,"2067-10-03"
6423,"albumName6423",1406,"2004-06-07"
6424,"albumName6424",3973,"1989-08-03"
6425,"albumName6425",933,"1975-06-12"
6426,"albumName6426",4550,"2018-04-19"
6427,"albumName6427",4529,"2019-07-27"
6428,"albumName6428",4326,"1991-10-07"
6429,"albumName6429",1735,"2023-12-14"
6430,"albumName6430",2229,"1986-07-08"
6431,"albumName6431",3073,"2003-01-01"
6432,"albumName6432",2437,"2006-08-25"
6433,"albumName6433",1935,"1993-06-04"
6434,"albumName6434",3350,"2003-01-03"
6435,"albumName6435",4012,"2067-05-13"
6436,"albumName6436",4695,"1972-11-01"
6437,"albumName6437",4137,"1998-10-25"
6438,"albumName6438",1190,"2006-01-17"
6439,"albumName6439",1080,"2002-08-25"
6440,"albumName6440",3581,"1989-10-22"
6441,"albumName6441",1452,"2063-06-22"
6442,"albumName6442",3962,"2055-12-22"
6443,"albumName6443",4725,"2053-04-09"
6444,"albumName6444",3146,"2055-03-07"
6445,"albumName6445",1058,"2064-11-20"
6446,"albumName6446",4566,"2013-03-24"
6447,"albumName6447",4139,"1995-06-11"
6448,"albumName6448",973,"1977-11-11"
6449,"albumName6449",2032,"1988-09-22"
6450,"albumName6450",839,"2058-06-16"
6451,"albumName6451",4635,"2011-04-19"
6452,"albumName6452",2626,"1984-07-26"
6453,"albumName6453",3258,"1985-01-28"
6454,"albumName6454",2706,"1981-10-28"
6455,"albumName6455",3305,"1999-04-22"
6456,"albumName6456",532,"2009-03-23"
6457,"albumName6457",3420,"1992-12-25"
6458,"albumName6458",1451,"2054-01-28"
6459,"albumName6459",433,"2069-12-02"
6460,"albumName6460",146,"1981-09-11"
6461,"albumName6461",178,"1997-09-15"
6462,"albumName6462",2400,"1972-07-23"
6463,"albumName6463",539,"2024-08-05"
6464,"albumName6464",357,"1995-07-05"
6465,"albumName6465",1919,"2019-05-10"
6466,"albumName6466",4883,"1971-06-25"
6467,"albumName6467",3668,"2011-06-20"
6468,"albumName6468",2496,"2003-08-06"
6469,"albumName6469",791,"2059-09-20"
6470,"albumName6470",2065,"1994-01-08"
6471,"albumName6471",4120,"2016-07-25"
6472,"albumName6472",4067,"2007-05-18"
6473,"albumName6473",4293,"2008-09-13"
6474,"albumName6474",635,"2017-04-11"
6475,"albumName6475",1954,"2004-08-13"
6476,"albumName6476",1765,"1975-08-04"
6477,"albumName6477",3128,"1981-03-10"
6478,"albumName6478",3491,"2000-04-11"
6479,"albumName6479",805,"2068-08-11"
6480,"albumName6480",1746,"1981-02-24"
6481,"albumName6481",2144,"1983-02-07"
6482,"albumName6482",2659,"1999-01-28"
6483,"albumName6483",3346,"2067-09-12"
6484,"albumName6484",2511,"1984-06-02"
6485,"albumName6485",147,"2023-12-20"
6486,"albumName6486",3716,"1988-10-23"
6487,"albumName6487",1963,"1976-06-25"
6488,"albumName6488",1565,"2020-05-07"
6489,"albumName6489",3794,"2019-02-15"
6490,"albumName6490",4361,"2062-05-06"
6491,"albumName6491",4157,"2012-07-10"
6492,"albumName6492",473,"2017-02-28"
6493,"albumName6493",2299,"1972-04-13"
6494,"albumName6494",3474,"2003-12-05"
6495,"albumName6495",3963,"1996-10-01"
6496,"albumName6496",3472,"2012-11-01"
6497,"albumName6497",4481,"2017-09-11"
6498,"albumName6498",2222,"2023-12-20"
6499,"albumName6499",2987,"2023-02-09"
6500,"albumName6500",281,"1977-12-24"
6501,"albumName6501",3495,"1978-02-11"
6502,"albumName6502",978,"1974-09-25"
6503,"albumName6503",101,"1997-05-26"
6504,"albumName6504",176,"1973-04-06"
6505,"albumName6505",910,"1972-05-24"
6506,"albumName6506",973,"2067-01-28"
6507,"albumName6507",1620,"2058-11-02"
6508,"albumName6508",143,"2060-03-17"
6509,"albumName6509",4196,"2024-09-17"
6510,"albumName6510",385,"2000-04-03"
6511,"albumName6511",111,"2065-09-27"
6512,"albumName6512",2842,"2052-05-19"
6513,"albumName6513",1003,"2005-08-07"
6514,"albumName6514",3299,"2017-08-21"
6515,"albumName6515",1222,"2004-09-18"
6516,"albumName6516",286,"2007-05-10"
6517,"albumName6517",4831,"2004-10-01"
6518,"albumName6518",3171,"1981-09-11"
6519,"albumName6519",54,"2019-09-17"
6520,"albumName6520",266,"1984-01-21"
6521,"albumName6521",4786,"2018-03-07"
6522,"albumName6522",1379,"2065-07-18"
6523,"albumName6523",3619,"1990-04-05"
6524,"albumName6524",4755,"2011-06-24"
6525,"albumName6525",400,"2021-11-19"
6526,"albumName6526",1481,"1997-09-23"
6527,"albumName6527",1310,"2052-09-13"
6528,"albumName6528",1608,"2003-10-17"
6529,"albumName6529",3229,"1985-05-24"
6530,"albumName6530",1448,"2009-04-13"
6531,"albumName6531",4491,"2057-04-28"
6532,"albumName6532",2885,"1984-03-24"
6533,"albumName6533",3922,"2018-06-28"
6534,"albumName6534",4244,"1970-06-15"
6535,"albumName6535",4259,"1996-08-12"
6536,"albumName6536",1648,"2054-02-11"
6537,"albumName6537",4011,"2019-09-07"
6538,"albumName6538",1989,"2066-04-25"
6539,"albumName6539",823,"1999-08-24"
6540,"albumName6540",26,"2010-07-19"
6541,"albumName6541",4026,"2053-11-11"
6542,"albumName6542",904,"2022-07-12"
6543,"albumName6543",1935,"2056-09-19"
6544,"albumName6544",3973,"2069-08-10"
6545,"albumName6545",1122,"2058-12-26"
6546,"albumName6546",3384,"1971-02-07"
6547,"albumName6547",4591,"1989-12-11"
6548,"albumName6548",4868,"2067-06-26"
6549,"albumName6549",2199,"2063-11-09"
6550,"albumName6550",3687,"2058-04-09"
6551,"albumName6551",323,"1998-08-05"
6552,"albumName6552",1835,"2058-07-27"
6553,"albumName6553",1939,"2009-04-16"
6554,"albumName6554",898,"1993-08-10"
6555,"albumName6555",4872,"2012-02-10"
6556,"albumName6556",3459,"2023-01-05"
6557,"albumName6557",4054,"2014-10-28"
6558,"albumName6558",188,"2067-03-25"
6559,"albumName6559",483,"1989-05-04"
6560,"albumName6560",1129,"1988-10-04"
6561,"albumName6561",977,"2056-12-16"
6562,"albumName6562",4299,"1975-04-21"
6563,"albumName6563",3488,"1972-09-14"
6564,"albumName6564",2190,"2011-07-16"
6565,"albumName6565",4796,"2062-02-13"
6566,"albumName6566",3939,"1976-02-23"
6567,"albumName6567",2844,"1987-11-01"
6568,"albumName6568",1487,"2059-06-12"
6569,"albumName6569",372,"2022-11-26"
6570,"albumName6570",4742,"2064-05-02"
6571,"albumName6571",4470,"1973-08-19"
6572,"albumName6572",4602,"2007-08-17"
6573,"albumName6573",1982,"1976-05-26"
6574,"albumName6574",3306,"1997-12-24"
6575,"albumName6575",2504,"2024-09-23"
6576,"albumName6576",3411,"1971-01-25"
6577,"albumName6577",2809,"1976-09-23"
6578,"albumName6578",1004,"2010-01-13"
6579,"albumName6579",417,"2015-09-07"
6580,"albumName6580",3363,"1988-12-19"
6581,"albumName6581",2101,"2065-02-28"
6582,"albumName6582",318,"1983-03-20"
6583,"albumName6583",1455,"1998-05-04"
6584,"albumName6584",4751,"2069-06-23"
6585,"albumName6585",4518,"2023-01-15"
6586,"albumName6586",3534,"1980-10-24"
6587,"albumName6587",3341,"2025-01-22"
6588,"albumName6588",2698,"2004-03-09"
6589,"albumName6589",2690,"2009-03-28"
6590,"albumName6590",3759,"1990-12-06"
6591,"albumName6591",3571,"2003-09-01"
6592,"albumName6592",4571,"1983-08-04"
6593,"albumName6593",81,"2005-04-04"
6594,"albumName6594",1888,"2000-03-19"
6595,"albumName6595",4550,"1986-04-26"
6596,"albumName6596",2622,"1995-10-14"
6597,"albumName6597",4155,"1999-08-28"
6598,"albumName6598",1699,"1981-08-14"
6599,"albumName6599",3979,"1998-11-18"
6600,"albumName6600",3774,"2004-03-15"
6601,"albumName6601",4654,"1995-05-01"
6602,"albumName6602",4073,"1995-01-17"
6603,"albumName6603",634,"2057-05-11"
6604,"albumName6604",3585,"2054-02-06"
6605,"albumName6605",271,"2006-06-17"
6606,"albumName6606",2993,"2021-03-01"
6607,"albumName6607",704,"2007-08-18"
6608,"albumName6608",4757,"2003-10-17"
6609,"albumName6609",2878,"2023-03-12"
6610,"albumName6610",2128,"1995-01-20"
6611,"albumName6611",3359,"2067-05-21"
6612,"albumName6612",2788,"2009-10-19"
6613,"albumName6613",1650,"1999-11-13"
6614,"albumName6614",1290,"2064-04-09"
6615,"albumName6615",2267,"2067-02-04"
6616,"albumName6616",2038,"2016-07-28"
6617,"albumName6617",3115,"2006-04-14"
6618,"albumName6618",817,"1976-10-20"
6619,"albumName6619",4794,"2022-09-05"
6620,"albumName6620",2674,"2022-01-21"
6621,"albumName6621",4578,"2058-08-28"
6622,"albumName6622",451,"2069-10-24"
6623,"albumName6623",3375,"2003-10-07"
6624,"albumName6624",1273,"2000-12-16"
6625,"albumName6625",1538,"1974-10-22"
6626,"albumName6626",1251,"2011-04-26"
6627,"albumName6627",1649,"1974-06-09"
6628,"albumName6628",3861,"2060-04-09"
6629,"albumName6629",1334,"1995-04-28"
6630,"albumName6630",4245,"2012-06-17"
6631,"albumName6631",218,"2021-04-17"
6632,"albumName6632",699,"1996-07-19"
6633,"albumName6633",1173,"2003-09-28"
6634,"albumName6634",72,"1977-09-21"
6635,"albumName6635",1292,"2055-08-11"
6636,"albumName6636",1372,"2065-10-07"
6637,"albumName6637",2464,"2067-09-17"
6638,"albumName6638",294,"2011-09-08"
6639,"albumName6639",1699,"1981-02-16"
6640,"albumName6640",4355,"2058-01-28"
6641,"albumName6641",4503,"1972-03-17"
6642,"albumName6642",2641,"2069-03-26"
6643,"albumName6643",4577,"2063-07-12"
6644,"albumName6644",4691,"1996-07-07"
6645,"albumName6645",3653,"1982-08-22"
6646,"albumName6646",4828,"1995-12-01"
6647,"albumName6647",370,"1995-03-07"
6648,"albumName6648",1023,"2011-03-15"
6649,"albumName6649",1831,"2013-09-01"
6650,"albumName6650",4682,"2016-08-12"
6651,"albumName6651",1352,"2053-03-01"
6652,"albumName6652",1488,"2065-12-18"
6653,"albumName6653",960,"2002-03-22"
6654,"albumName6654",4902,"2011-02-04"
6655,"albumName6655",3693,"1978-07-14"
6656,"albumName6656",3316,"2069-08-28"
6657,"albumName6657",1702,"1983-12-17"
6658,"albumName6658",4218,"2062-05-07"
6659,"albumName6659",4462,"2004-02-26"
6660,"albumName6660",4220,"2002-11-23"
6661,"albumName6661",2470,"1999-10-05"
6662,"albumName6662",2770,"2007-01-10"
6663,"albumName6663",1511,"2003-02-19"
6664,"albumName6664",4128,"1988-11-15"
6665,"albumName6665",3571,"1993-09-26"
6666,"albumName6666",1847,"2022-12-23"
6667,"albumName6667",1406,"2001-12-05"
6668,"albumName6668",2571,"2064-01-03"
6669,"albumName6669",4141,"1993-09-12"
6670,"albumName6670",879,"2063-01-17"
6671,"albumName6671",2474,"2023-01-10"
6672,"albumName6672",2732,"2061-07-28"
6673,"albumName6673",4787,"1990-06-04"
6674,"albumName6674",3693,"2056-05-18"
6675,"albumName6675",1444,"2061-02-04"
6676,"albumName6676",2697,"2010-08-24"
6677,"albumName6677",4767,"2055-08-16"
6678,"albumName6678",1203,"2011-03-19"
6679,"albumName6679",2807,"2013-07-23"
6680,"albumName6680",3335,"2052-11-20"
6681,"albumName6681",4697,"1982-05-11"
6682,"albumName6682",843,"1992-08-04"
6683,"albumName6683",435,"1994-09-03"
6684,"albumName6684",2558,"2064-05-28"
6685,"albumName6685",1378,"2055-07-05"
6686,"albumName6686",3765,"2005-12-15"
6687,"albumName6687",279,"2006-07-13"
6688,"albumName6688",2983,"1984-10-28"
6689,"albumName6689",4381,"2064-01-22"
6690,"albumName6690",4719,"1986-03-27"
6691,"albumName6691",4471,"2067-07-02"
6692,"albumName6692",1721,"2003-11-02"
6693,"albumName6693",869,"1983-08-17"
6694,"albumName6694",9,"2065-02-19"
6695,"albumName6695",4286,"2065-08-27"
6696,"albumName6696",1367,"2023-07-28"
6697,"albumName6697",3024,"1984-08-24"
6698,"albumName6698",1364,"1993-01-27"
6699,"albumName6699",2665,"1983-07-09"
6700,"albumName6700",4822,"2010-09-24"
6701,"albumName6701",4220,"2011-09-22"
6702,"albumName6702",3789,"2004-02-07"
6703,"albumName6703",894,"2023-09-07"
6704,"albumName6704",3594,"2061-06-24"
6705,"albumName6705",2735,"1981-04-21"
6706,"albumName6706",2628,"2069-08-10"
6707,"albumName6707",2221,"1990-10-04"
6708,"albumName6708",1636,"2052-02-06"
6709,"albumName6709",2970,"2002-04-28"
6710,"albumName6710",277,"2020-08-26"
6711,"albumName6711",1551,"2060-02-17"
6712,"albumName6712",2381,"1973-11-18"
6713,"albumName6713",1194,"2006-10-03"
6714,"albumName6714",2424,"2068-10-28"
6715,"albumName6715",3305,"1972-11-14"
6716,"albumName6716",421,"1995-06-14"
6717,"albumName6717",2186,"2004-12-04"
6718,"albumName6718",2895,"2061-03-18"
6719,"albumName6719",506,"2022-01-13"
6720,"albumName6720",4814,"2015-09-19"
6721,"albumName6721",329,"2060-07-21"
6722,"albumName6722",1644,"1971-10-14"
6723,"albumName6723",4559,"2058-03-05"
6724,"albumName6724",3615,"2057-06-05"
6725,"albumName6725",3277,"2007-11-13"
6726,"albumName6726",4570,"1970-08-27"
6727,"albumName6727",4301,"1988-07-07"
6728,"albumName6728",4425,"1987-03-01"
6729,"albumName6729",2301,"1971-03-17"
6730,"albumName6730",3942,"2013-11-16"
6731,"albumName6731",3269,"2066-07-11"
6732,"albumName6732",3592,"2065-08-03"
6733,"albumName6733",2419,"2024-10-05"
6734,"albumName6734",3517,"1995-07-04"
6735,"albumName6735",1670,"1976-02-13"
6736,"albumName6736",1881,"2003-05-25"
6737,"albumName6737",475,"2060-07-22"
6738,"albumName6738",1075,"1988-12-27"
6739,"albumName6739",543,"2004-08-05"
6740,"albumName6740",1800,"2019-02-17"
6741,"albumName6741",1399,"2056-05-04"
6742,"albumName6742",3890,"2015-01-19"
6743,"albumName6743",4501,"2056-07-06"
6744,"albumName6744",2579,"1999-01-13"
6745,"albumName6745",3103,"1974-03-07"
6746,"albumName6746",1313,"1998-06-06"
6747,"albumName6747",3864,"2009-07-09"
6748,"albumName6748",3923,"2002-12-25"
6749,"albumName6749",291,"2054-08-16"
6750,"albumName6750",88,"2009-03-18"
6751,"albumName6751",2809,"2064-04-03"
6752,"albumName6752",1691,"2063-04-12"
6753,"albumName6753",555,"1984-07-18"
6754,"albumName6754",3291,"1983-05-16"
6755,"albumName6755",701,"1990-05-05"
6756,"albumName6756",3290,"1986-10-19"
6757,"albumName6757",1202,"2001-07-18"
6758,"albumName6758",1673,"2012-06-10"
6759,"albumName6759",3898,"2001-02-20"
6760,"albumName6760",1206,"2062-08-17"
6761,"albumName6761",2077,"2009-01-09"
6762,"albumName6762",1451,"2022-04-07"
6763,"albumName6763",632,"2022-11-09"
6764,"albumName6764",1575,"1995-10-26"
6765,"albumName6765",3746,"1980-06-19"
6766,"albumName6766",2716,"2005-12-22"
6767,"albumName6767",198,"1990-10-28"
6768,"albumName6768",854,"1990-04-09"
6769,"albumName6769",4164,"2013-10-18"
6770,"albumName6770",2347,"1987-08-06"
6771,"albumName6771",4115,"1993-07-20"
6772,"albumName6772",2212,"2011-03-26"
6773,"albumName6773",3760,"2023-06-26"
6774,"albumName6774",3982,"2068-08-16"
6775,"albumName6775",4787,"1974-05-19"
6776,"albumName6776",4219,"1987-11-19"
6777,"albumName6777",4316,"1974-12-14"
6778,"albumName6778",101,"2016-01-09"
6779,"albumName6779",1960,"1992-02-22"
6780,"albumName6780",4373,"2016-05-09"
6781,"albumName6781",676,"2022-12-04"
6782,"albumName6782",552,"1986-01-04"
6783,"albumName6783",3944,"2006-12-17"
6784,"albumName6784",2535,"2009-07-06"
6785,"albumName6785",76,"1970-06-14"
6786,"albumName6786",3123,"2062-07-25"
6787,"albumName6787",2038,"2003-01-10"
6788,"albumName6788",3811,"1980-06-15"
6789,"albumName6789",2325,"2010-08-13"
6790,"albumName6790",3889,"2011-02-04"
6791,"albumName6791",2341,"1976-12-09"
6792,"albumName6792",290,"1978-04-19"
6793,"albumName6793",4202,"1972-11-02"
6794,"albumName6794",878,"2023-08-13"
6795,"albumName6795",2935,"1970-12-17"
6796,"albumName6796",4492,"2055-10-04"
6797,"albumName6797",1029,"1973-06-08"
6798,"albumName6798",4388,"2015-08-02"
6799,"albumName6799",2423,"2006-01-03"
6800,"albumName6800",1092,"2011-10-24"
6801,"albumName6801",287,"1980-08-26"
6802,"albumName6802",4245,"1989-02-15"
6803,"albumName6803",4607,"2010-03-16"
6804,"albumName6804",1886,"1977-12-09"
6805,"albumName6805",1065,"2019-05-26"
6806,"albumName6806",3803,"2051-11-24"
6807,"albumName6807",4660,"2012-04-21"
6808,"albumName6808",4692,"2003-12-28"
6809,"albumName6809",3865,"2062-09-20"
6810,"albumName6810",808,"2000-03-12"
6811,"albumName6811",2889,"1986-09-09"
6812,"albumName6812",3286,"1996-11-05"
6813,"albumName6813",1535,"1976-11-16"
6814,"albumName6814",1267,"1987-03-28"
6815,"albumName6815",2093,"2058-12-12"
6816,"albumName6816",3310,"2022-09-26"
6817,"albumName6817",2632,"2061-04-25"
6818,"albumName6818",4683,"2056-06-05"
6819,"albumName6819",327,"1997-03-26"
6820,"albumName6820",3212,"2006-01-22"
6821,"albumName6821",985,"1993-12-01"
6822,"albumName6822",4616,"2023-02-27"
6823,"albumName6823",2848,"2063-04-07"
6824,"albumName6824",4105,"1981-02-24"
6825,"albumName6825",1559,"1978-03-06"
6826,"albumName6826",1001,"1993-04-14"
6827,"albumName6827",1835,"1970-01-20"
6828,"albumName6828",1079,"2062-03-19"
6829,"albumName6829",248,"1992-06-04"
6830,"albumName6830",890,"1994-11-03"
6831,"albumName6831",3258,"1986-05-05"
6832,"albumName6832",3909,"1996-10-24"
6833,"albumName6833",2215,"1984-09-12"
6834,"albumName6834",2774,"2051-11-15"
6835,"albumName6835",3538,"2016-04-20"
6836,"albumName6836",1811,"1989-08-01"
6837,"albumName6837",2474,"1999-01-09"
6838,"albumName6838",2582,"2066-04-18"
6839,"albumName6839",1817,"2064-06-18"
6840,"albumName6840",423,"1974-08-08"
6841,"albumName6841",1085,"2000-04-03"
6842,"albumName6842",3847,"1971-12-06"
6843,"albumName6843",4232,"1972-03-26"
6844,"albumName6844",1647,"2068-11-01"
6845,"albumName6845",4390,"2000-11-13"
6846,"albumName6846",1044,"1985-01-02"
6847,"albumName6847",2912,"1987-05-10"
6848,"albumName6848",2126,"1981-11-10"
6849,"albumName6849",283,"2055-06-13"
6850,"albumName6850",1010,"2058-06-23"
6851,"albumName6851",3396,"1972-04-19"
6852,"albumName6852",1580,"2024-02-24"
6853,"albumName6853",1747,"2015-05-09"
6854,"albumName6854",4722,"1982-12-12"
6855,"albumName6855",2411,"2019-05-07"
6856,"albumName6856",1217,"1989-10-16"
6857,"albumName6857",2058,"1978-11-12"
6858,"albumName6858",4497,"1990-02-10"
6859,"albumName6859",1170,"1977-08-20"
6860,"albumName6860",1220,"2068-10-04"
6861,"albumName6861",2272,"2052-07-16"
6862,"albumName6862",3302,"2021-08-10"
6863,"albumName6863",428,"2005-04-16"
6864,"albumName6864",1644,"1989-12-13"
6865,"albumName6865",2422,"1988-05-16"
6866,"albumName6866",4848,"1976-02-19"
6867,"albumName6867",2826,"2060-02-16"
6868,"albumName6868",1550,"2060-07-24"
6869,"albumName6869",261,"1979-02-18"
6870,"albumName6870",3979,"1996-07-14"
6871,"albumName6871",2600,"2059-10-28"
6872,"albumName6872",2384,"2012-11-15"
6873,"albumName6873",3471,"1980-03-07"
6874,"albumName6874",4566,"2058-01-21"
6875,"albumName6875",3701,"2063-03-01"
6876,"albumName6876",3638,"1981-05-08"
6877,"albumName6877",2909,"1996-02-14"
6878,"albumName6878",2011,"2010-06-25"
6879,"albumName6879",2568,"1978-02-24"
6880,"albumName6880",4504,"1981-02-21"
6881,"albumName6881",3160,"2005-12-05"
6882,"albumName6882",4519,"1976-11-25"
6883,"albumName6883",2468,"2022-06-12"
6884,"albumName6884",3508,"1991-10-24"
6885,"albumName6885",3848,"2054-01-25"
6886,"albumName6886",1177,"2020-12-15"
6887,"albumName6887",2465,"2060-08-10"
6888,"albumName6888",3882,"2068-06-04"
6889,"albumName6889",2595,"1997-02-12"
6890,"albumName6890",2866,"2012-08-22"
6891,"albumName6891",4380,"2062-10-04"
6892,"albumName6892",1185,"2062-01-04"
6893,"albumName6893",4585,"2068-08-01"
6894,"albumName6894",2715,"2014-08-21"
6895,"albumName6895",3935,"2056-04-12"
6896,"albumName6896",1265,"2014-07-24"
6897,"albumName6897",2047,"1995-10-12"
6898,"albumName6898",2133,"1995-06-12"
6899,"albumName6899",1009,"2006-07-12"
6900,"albumName6900",3519,"2014-11-09"
6901,"albumName6901",3138,"1973-04-18"
6902,"albumName6902",2830,"2067-03-23"
6903,"albumName6903",4529,"2053-05-21"
6904,"albumName6904",2228,"2065-12-27"
6905,"albumName6905",752,"2055-01-25"
6906,"albumName6906",3160,"2021-05-27"
6907,"albumName6907",2978,"2019-11-11"
6908,"albumName6908",1547,"1978-04-04"
6909,"albumName6909",707,"1990-03-07"
6910,"albumName6910",2939,"2023-06-06"
6911,"albumName6911",3326,"1982-11-10"
6912,"albumName6912",2481,"1984-07-15"
6913,"albumName6913",1991,"2065-05-01"
6914,"albumName6914",997,"1983-12-25"
6915,"albumName6915",2770,"1980-02-15"
6916,"albumName6916",817,"2053-05-28"
6917,"albumName6917",1337,"2061-12-16"
6918,"albumName6918",2965,"1975-01-21"
6919,"albumName6919",1706,"1993-04-25"
6920,"albumName6920",506,"2016-10-13"
6921,"albumName6921",1090,"2015-01-25"
6922,"albumName6922",280,"2008-03-24"
6923,"albumName6923",201,"2010-10-01"
6924,"albumName6924",3745,"2023-06-26"
6925,"albumName6925",320,"2021-11-22"
6926,"albumName6926",1152,"2021-10-21"
6927,"albumName6927",4293,"1980-11-25"
6928,"albumName6928",1206,"1972-01-21"
6929,"albumName6929",1947,"2022-05-15"
6930,"albumName6930",1313,"2022-12-10"
6931,"albumName6931",4311,"2024-11-12"
6932,"albumName6932",874,"2068-02-13"
6933,"albumName6933",2484,"1993-05-11"
6934,"albumName6934",1598,"2062-06-08"
6935,"albumName6935",205,"1999-09-24"
6936,"albumName6936",391,"2052-08-09"
6937,"albumName6937",405,"1990-02-09"
6938,"albumName6938",1197,"2012-01-26"
6939,"albumName6939",3710,"1984-08-24"
6940,"albumName6940",1453,"2004-11-18"
6941,"albumName6941",1874,"2002-01-10"
6942,"albumName6942",1826,"1985-02-16"
6943,"albumName6943",4642,"2021-07-17"
6944,"albumName6944",166,"2068-11-25"
6945,"albumName6945",3765,"2003-03-11"
6946,"albumName6946",2964,"2004-09-05"
6947,"albumName6947",1564,"1997-03-26"
6948,"albumName6948",3130,"2052-11-26"
6949,"albumName6949",3337,"1991-06-18"
6950,"albumName6950",4521,"1978-07-14"
6951,"albumName6951",446,"1985-12-18"
6952,"albumName6952",289,"1977-11-11"
6953,"albumName6953",4419,"1971-01-14"
6954,"albumName6954",3913,"1997-03-26"
6955,"albumName6955",632,"1996-03-18"
6956,"albumName6956",2715,"2015-02-05"
6957,"albumName6957",3586,"2021-07-08"
6958,"albumName6958",2479,"2067-03-14"
6959,"albumName6959",4533,"2005-03-28"
6960,"albumName6960",2848,"1973-08-19"
6961,"albumName6961",3629,"2002-09-11"
6962,"albumName6962",3670,"1993-02-27"
6963,"albumName6963",3369,"1999-06-19"
6964,"albumName6964",2604,"2066-08-12"
6965,"albumName6965",4598,"2055-10-20"
6966,"albumName6966",4281,"2023-12-18"
6967,"albumName6967",4358,"2063-11-27"
6968,"albumName6968",4713,"2054-02-18"
6969,"albumName6969",352,"1994-12-07"
6970,"albumName6970",445,"1997-05-27"
6971,"albumName6971",3813,"2010-07-04"
6972,"albumName6972",1394,"1976-07-01"
6973,"albumName6973",4501,"1973-07-25"
6974,"albumName6974",4070,"1992-10-24"
6975,"albumName6975",1527,"2005-06-23"
6976,"albumName6976",424,"2017-11-25"
6977,"albumName6977",968,"2008-03-13"
6978,"albumName6978",2000,"2062-04-13"
6979,"albumName6979",693,"2051-10-15"
6980,"albumName6980",4168,"2054-02-20"
6981,"albumName6981",178,"1987-04-25"
6982,"albumName6982",3583,"2065-07-10"
6983,"albumName6983",3011,"1998-10-21"
6984,"albumName6984",4524,"1989-12-27"
6985,"albumName6985",3066,"1999-06-03"
6986,"albumName6986",1220,"1997-12-09"
6987,"albumName6987",4674,"2057-09-06"
6988,"albumName6988",4044,"1973-10-09"
6989,"albumName6989",3163,"2016-09-22"
6990,"albumName6990",3198,"2005-04-03"
6991,"albumName6991",3803,"1974-12-27"
6992,"albumName6992",3511,"2022-11-04"
6993,"albumName6993",927,"2056-01-16"
6994,"albumName6994",1619,"1980-03-04"
6995,"albumName6995",1997,"1981-07-04"
6996,"albumName6996",1737,"1972-06-02"
6997,"albumName6997",4470,"1998-08-14"
6998,"albumName6998",3110,"2012-03-01"
6999,"albumName6999",1201,"2069-06-08"
7000,"albumName7000",1291,"1977-01-01"
7001,"albumName7001",3509,"2018-10-25"
7002,"albumName7002",302,"2007-12-13"
7003,"albumName7003",1553,"2024-09-11"
7004,"albumName7004",912,"1977-11-28"
7005,"albumName7005",2957,"2022-04-22"
7006,"albumName7006",327,"2012-02-04"
7007,"albumName7007",2440,"1975-05-01"
7008,"albumName7008",658,"2055-09-06"
7009,"albumName7009",1868,"1989-10-07"
7010,"albumName7010",3545,"2005-12-27"
7011,"albumName7011",4796,"2025-04-13"
7012,"albumName7012",2463,"2010-09-12"
7013,"albumName7013",4217,"1978-07-04"
7014,"albumName7014",2591,"1994-03-17"
7015,"albumName7015",1849,"1982-07-22"
7016,"albumName7016",4792,"2012-03-09"
7017,"albumName7017",70,"2052-05-24"
7018,"albumName7018",2455,"2005-02-19"
7019,"albumName7019",654,"1979-02-09"
7020,"albumName7020",835,"1981-02-13"
7021,"albumName7021",881,"2056-02-16"
7022,"albumName7022",93,"2063-05-03"
7023,"albumName7023",762,"2014-04-22"
7024,"albumName7024",591,"2018-09-12"
7025,"albumName7025",1030,"1971-04-06"
7026,"albumName7026",3396,"2009-05-01"
7027,"albumName7027",387,"2051-11-17"
7028,"albumName7028",4240,"2015-08-10"
7029,"albumName7029",3671,"2066-08-09"
7030,"albumName7030",435,"2010-06-15"
7031,"albumName7031",4516,"1976-05-22"
7032,"albumName7032",2525,"2059-10-28"
7033,"albumName7033",3722,"2064-08-10"
7034,"albumName7034",3536,"2057-11-06"
7035,"albumName7035",4334,"1997-12-08"
7036,"albumName7036",2076,"2003-08-21"
7037,"albumName7037",3112,"2022-07-04"
7038,"albumName7038",3896,"2004-12-21"
7039,"albumName7039",2841,"1993-05-02"
7040,"albumName7040",1396,"1974-01-26"
7041,"albumName7041",1956,"2052-04-13"
7042,"albumName7042",3459,"2064-07-12"
7043,"albumName7043",3231,"2067-10-20"
7044,"albumName7044",2865,"2058-08-15"
7045,"albumName7045",2381,"1999-10-01"
7046,"albumName7046",912,"2005-08-13"
7047,"albumName7047",368,"1975-06-28"
7048,"albumName7048",3703,"2023-09-12"
7049,"albumName7049",364,"2065-12-10"
7050,"albumName7050",4298,"1991-02-13"
7051,"albumName7051",4134,"1990-12-11"
7052,"albumName7052",2075,"1998-02-16"
7053,"albumName7053",3580,"1992-05-23"
7054,"albumName7054",4582,"2022-06-08"
7055,"albumName7055",4070,"2051-07-21"
7056,"albumName7056",4892,"2024-03-18"
7057,"albumName7057",1062,"2022-07-01"
7058,"albumName7058",1039,"1972-08-19"
7059,"albumName7059",1127,"1977-01-13"
7060,"albumName7060",1654,"2053-09-03"
7061,"albumName7061",2009,"2053-11-01"
7062,"albumName7062",3596,"2001-04-19"
7063,"albumName7063",4355,"2014-06-25"
7064,"albumName7064",4117,"2065-11-03"
7065,"albumName7065",2782,"2024-07-04"
7066,"albumName7066",1633,"2021-01-19"
7067,"albumName7067",543,"2053-06-28"
7068,"albumName7068",1728,"1979-02-12"
7069,"albumName7069",646,"2054-06-12"
7070,"albumName7070",4483,"2023-05-26"
7071,"albumName7071",3177,"2019-12-14"
7072,"albumName7072",609,"2001-03-26"
7073,"albumName7073",3177,"1995-11-21"
7074,"albumName7074",4904,"2013-09-23"
7075,"albumName7075",942,"1997-11-13"
7076,"albumName7076",3772,"2006-05-27"
7077,"albumName7077",1379,"2020-06-05"
7078,"albumName7078",2925,"2059-07-06"
7079,"albumName7079",2000,"1992-11-28"
7080,"albumName7080",2183,"1983-08-08"
7081,"albumName7081",1129,"2024-11-23"
7082,"albumName7082",3233,"2004-09-09"
7083,"albumName7083",499,"1975-05-24"
7084,"albumName7084",132,"1975-08-04"
7085,"albumName7085",3324,"1997-10-08"
7086,"albumName7086",3118,"2060-10-06"
7087,"albumName7087",1521,"2054-04-26"
7088,"albumName7088",462,"1981-11-20"
7089,"albumName7089",1137,"2008-07-22"
7090,"albumName7090",2654,"2023-09-25"
7091,"albumName7091",1471,"2069-12-22"
7092,"albumName7092",401,"2066-07-14"
7093,"albumName7093",3360,"1991-10-21"
7094,"albumName7094",1021,"2016-04-07"
7095,"albumName7095",2728,"1994-01-15"
7096,"albumName7096",2391,"1992-11-11"
7097,"albumName7097",3324,"1990-11-10"
7098,"albumName7098",1683,"2064-07-14"
7099,"albumName7099",2031,"2003-02-05"
7100,"albumName7100",4372,"2023-10-03"
7101,"albumName7101",1770,"2002-10-13"
7102,"albumName7102",805,"2018-05-28"
7103,"albumName7103",1735,"2001-04-18"
7104,"albumName7104",438,"2052-11-18"
7105,"albumName7105",1907,"2056-04-07"
7106,"albumName7106",760,"2057-09-13"
7107,"albumName7107",4162,"1970-05-16"
7108,"albumName7108",2155,"2066-12-12"
7109,"albumName7109",897,"1999-10-16"
7110,"albumName7110",1406,"2019-02-14"
7111,"albumName7111",603,"1982-05-17"
7112,"albumName7112",3702,"2060-01-18"
7113,"albumName7113",2733,"2023-06-27"
7114,"albumName7114",1219,"2024-02-21"
7115,"albumName7115",3439,"1993-12-03"
7116,"albumName7116",2523,"2053-11-21"
7117,"albumName7117",4446,"2063-06-18"
7118,"albumName7118",2930,"2005-09-22"
7119,"albumName7119",4677,"1977-10-09"
7120,"albumName7120",1493,"2061-12-07"
7121,"albumName7121",3185,"2053-06-23"
7122,"albumName7122",2679,"1985-08-17"
7123,"albumName7123",2875,"1984-07-19"
7124,"albumName7124",1732,"2068-03-09"
7125,"albumName7125",4587,"2013-12-16"
7126,"albumName7126",3946,"2009-02-15"
7127,"albumName7127",3037,"2018-05-22"
7128,"albumName7128",1593,"2059-06-16"
7129,"albumName7129",1486,"1986-04-06"
7130,"albumName7130",3635,"1999-03-05"
7131,"albumName7131",3460,"2005-11-28"
7132,"albumName7132",4636,"2025-05-04"
7133,"albumName7133",4060,"2016-03-21"
7134,"albumName7134",1862,"2021-11-26"
7135,"albumName7135",2085,"1999-03-06"
7136,"albumName7136",793,"2056-12-13"
7137,"albumName7137",4123,"1972-04-22"
7138,"albumName7138",1012,"2062-04-22"
7139,"albumName7139",730,"2058-10-21"
7140,"albumName7140",52,"1983-03-12"
7141,"albumName7141",1949,"1977-06-09"
7142,"albumName7142",3732,"1983-02-19"
7143,"albumName7143",4467,"1983-04-15"
7144,"albumName7144",4714,"2024-10-05"
7145,"albumName7145",3303,"1976-11-25"
7146,"albumName7146",1715,"2056-10-11"
7147,"albumName7147",18,"2019-02-12"
7148,"albumName7148",3441,"2016-04-07"
7149,"albumName7149",2524,"2052-09-13"
7150,"albumName7150",1860,"2052-02-11"
7151,"albumName7151",1193,"1973-05-09"
7152,"albumName7152",4298,"1994-12-05"
7153,"albumName7153",373,"2000-03-10"
7154,"albumName7154",1843,"2006-01-24"
7155,"albumName7155",4577,"1991-09-03"
7156,"albumName7156",3187,"1995-06-14"
7157,"albumName7157",4381,"2001-04-21"
7158,"albumName7158",1285,"2006-10-20"
7159,"albumName7159",1246,"2025-04-07"
7160,"albumName7160",2493,"1997-09-13"
7161,"albumName7161",1472,"2066-06-26"
7162,"albumName7162",4762,"1990-06-12"
7163,"albumName7163",1925,"2066-11-11"
7164,"albumName7164",1513,"1990-01-22"
7165,"albumName7165",4876,"1999-02-27"
7166,"albumName7166",4095,"1973-10-24"
7167,"albumName7167",185,"2020-05-24"
7168,"albumName7168",1946,"1986-10-17"
7169,"albumName7169",564,"2064-10-05"
7170,"albumName7170",1383,"2021-08-27"
7171,"albumName7171",3138,"2002-07-26"
7172,"albumName7172",643,"1971-04-23"
7173,"albumName7173",3831,"2058-10-04"
7174,"albumName7174",3927,"1987-06-23"
7175,"albumName7175",965,"1974-11-16"
7176,"albumName7176",1067,"1983-09-15"
7177,"albumName7177",636,"1982-10-09"
7178,"albumName7178",2680,"1991-04-17"
7179,"albumName7179",2158,"1991-09-17"
7180,"albumName7180",3205,"2022-07-14"
7181,"albumName7181",3159,"2016-12-11"
7182,"albumName7182",3697,"2054-08-20"
7183,"albumName7183",3124,"1989-07-23"
7184,"albumName7184",3411,"2054-08-01"
7185,"albumName7185",3100,"2056-10-13"
7186,"albumName7186",2182,"2007-03-08"
7187,"albumName7187",1635,"1983-01-16"
7188,"albumName7188",3381,"2013-06-26"
7189,"albumName7189",3296,"2002-08-27"
7190,"albumName7190",1778,"2023-09-08"
7191,"albumName7191",418,"1978-06-15"
7192,"albumName7192",3971,"1981-11-04"
7193,"albumName7193",2853,"1979-06-05"
7194,"albumName7194",1323,"2017-11-03"
7195,"albumName7195",2650,"1973-04-27"
7196,"albumName7196",370,"2055-02-23"
7197,"albumName7197",212,"2003-12-01"
7198,"albumName7198",4203,"2016-09-19"
7199,"albumName7199",1023,"2015-01-22"
7200,"albumName7200",1651,"1994-10-07"
7201,"albumName7201",4837,"2067-06-23"
7202,"albumName7202",1187,"1989-03-28"
7203,"albumName7203",1587,"1976-06-19"
7204,"albumName7204",2129,"1982-01-05"
7205,"albumName7205",718,"1985-09-01"
7206,"albumName7206",2563,"1972-02-18"
7207,"albumName7207",1309,"2012-10-08"
7208,"albumName7208",2325,"2065-10-25"
7209,"albumName7209",3342,"1986-06-09"
7210,"albumName7210",2200,"2003-11-20"
7211,"albumName7211",2337,"1981-04-24"
7212,"albumName7212",630,"1972-12-16"
7213,"albumName7213",1701,"1970-06-25"
7214,"albumName7214",4630,"2055-10-13"
7215,"albumName7215",3262,"1981-10-07"
7216,"albumName7216",468,"2065-04-09"
7217,"albumName7217",873,"2011-01-28"
7218,"albumName7218",3981,"2063-07-12"
7219,"albumName7219",2715,"2062-10-20"
7220,"albumName7220",358,"1984-06-06"
7221,"albumName7221",507,"2059-04-27"
7222,"albumName7222",4551,"1989-01-09"
7223,"albumName7223",1448,"1979-08-26"
7224,"albumName7224",2489,"1975-02-19"
7225,"albumName7225",3874,"1995-04-19"
7226,"albumName7226",4213,"2010-01-15"
7227,"albumName7227",329,"1975-05-19"
7228,"albumName7228",3974,"2060-03-25"
7229,"albumName7229",2693,"1981-01-28"
7230,"albumName7230",2549,"2013-03-02"
7231,"albumName7231",643,"2064-04-15"
7232,"albumName7232",4398,"2053-12-04"
7233,"albumName7233",4897,"1981-04-11"
7234,"albumName7234",147,"2059-01-15"
7235,"albumName7235",2467,"1982-06-13"
7236,"albumName7236",4739,"2007-05-25"
7237,"albumName7237",69,"2061-08-19"
7238,"albumName7238",591,"1987-02-13"
7239,"albumName7239",3937,"1986-03-24"
7240,"albumName7240",1934,"1990-11-02"
7241,"albumName7241",40,"1982-07-18"
7242,"albumName7242",2780,"1978-02-09"
7243,"albumName7243",3107,"1986-03-14"
7244,"albumName7244",2065,"2060-10-02"
7245,"albumName7245",1551,"2013-12-13"
7246,"albumName7246",2881,"2055-03-25"
7247,"albumName7247",3539,"1972-06-12"
7248,"albumName7248",4616,"2022-10-05"
7249,"albumName7249",4433,"1975-05-07"
7250,"albumName7250",2171,"2025-12-22"
7251,"albumName7251",4185,"2067-01-13"
7252,"albumName7252",892,"2020-07-13"
7253,"albumName7253",2347,"2059-12-17"
7254,"albumName7254",4634,"2007-04-07"
7255,"albumName7255",573,"2021-07-09"
7256,"albumName7256",1663,"1984-10-18"
7257,"albumName7257",2592,"2062-08-12"
7258,"albumName7258",3139,"1979-01-23"
7259,"albumName7259",198,"1994-10-10"
7260,"albumName7260",1833,"1988-03-17"
7261,"albumName7261",3428,"2010-08-14"
7262,"albumName7262",2406,"1996-05-19"
7263,"albumName7263",4602,"1981-08-08"
7264,"albumName7264",111,"1975-03-10"
7265,"albumName7265",2231,"2066-01-22"
7266,"albumName7266",945,"2005-06-16"
7267,"albumName7267",3797,"1991-03-18"
7268,"albumName7268",4617,"1994-03-04"
7269,"albumName7269",2943,"2025-11-01"
7270,"albumName7270",2647,"2001-04-17"
7271,"albumName7271",4805,"2052-08-15"
7272,"albumName7272",3851,"1981-11-26"
7273,"albumName7273",2046,"1989-12-07"
7274,"albumName7274",575,"2054-06-09"
7275,"albumName7275",1787,"2019-05-19"
7276,"albumName7276",602,"2011-02-22"
7277,"albumName7277",4362,"1980-02-15"
7278,"albumName7278",3720,"1999-09-22"
7279,"albumName7279",4130,"2014-06-07"
7280,"albumName7280",725,"1981-03-18"
7281,"albumName7281",2207,"2014-11-15"
7282,"albumName7282",4873,"1985-06-05"
7283,"albumName7283",4510,"2009-12-12"
7284,"albumName7284",3187,"1985-06-22"
7285,"albumName7285",3340,"1998-12-16"
7286,"albumName7286",2548,"2012-03-07"
7287,"albumName7287",3645,"2054-06-04"
7288,"albumName7288",1276,"2002-06-23"
7289,"albumName7289",1845,"1978-01-26"
7290,"albumName7290",1345,"2053-05-04"
7291,"albumName7291",1606,"2000-09-13"
7292,"albumName7292",2383,"2019-06-28"
7293,"albumName7293",1639,"2061-01-25"
7294,"albumName7294",4213,"1985-07-02"
7295,"albumName7295",4537,"2064-10-28"
7296,"albumName7296",879,"2022-12-18"
7297,"albumName7297",4818,"2053-10-22"
7298,"albumName7298",4831,"2022-09-09"
7299,"albumName7299",4615,"2025-03-26"
7300,"albumName7300",915,"2017-09-18"
7301,"albumName7301",4493,"1977-03-24"
7302,"albumName7302",2126,"2020-08-12"
7303,"albumName7303",3661,"1988-12-17"
7304,"albumName7304",2629,"2024-07-28"
7305,"albumName7305",4842,"1976-06-17"
7306,"albumName7306",2746,"2060-02-28"
7307,"albumName7307",3255,"2060-08-22"
7308,"albumName7308",1076,"1982-05-07"
7309,"albumName7309",1973,"2001-04-05"
7310,"albumName7310",577,"1985-05-15"
7311,"albumName7311",127,"1985-06-22"
7312,"albumName7312",703,"1994-06-01"
7313,"albumName7313",526,"2053-08-15"
7314,"albumName7314",2991,"1986-03-20"
7315,"albumName7315",148,"2000-04-04"
7316,"albumName7316",561,"2005-04-20"
7317,"albumName7317",3388,"2000-11-28"
7318,"albumName7318",3773,"2005-03-20"
7319,"albumName7319",4168,"2017-05-08"
7320,"albumName7320",4203,"1988-09-20"
7321,"albumName7321",4481,"1979-02-18"
7322,"albumName7322",3260,"1999-05-24"
7323,"albumName7323",3238,"1977-11-09"
7324,"albumName7324",3199,"2015-01-04"
7325,"albumName7325",184,"2065-11-17"
7326,"albumName7326",129,"1989-05-03"
7327,"albumName7327",852,"1971-11-20"
7328,"albumName7328",1223,"1988-05-08"
7329,"albumName7329",2957,"2023-03-23"
7330,"albumName7330",102,"2012-08-23"
7331,"albumName7331",439,"2025-08-08"
7332,"albumName7332",1829,"2001-12-23"
7333,"albumName7333",2631,"1988-03-07"
7334,"albumName7334",3525,"1990-02-24"
7335,"albumName7335",3365,"2009-01-24"
7336,"albumName7336",473,"1971-05-19"
7337,"albumName7337",2272,"2000-09-14"
7338,"albumName7338",2736,"1993-04-17"
7339,"albumName7339",875,"2024-02-18"
7340,"albumName7340",1746,"2014-02-07"
7341,"albumName7341",346,"2010-04-26"
7342,"albumName7342",1005,"1997-12-20"
7343,"albumName7343",3118,"1992-01-20"
7344,"albumName7344",1853,"1997-09-02"
7345,"albumName7345",900,"2063-10-19"
7346,"albumName7346",2612,"2001-03-03"
7347,"albumName7347",159,"2064-04-10"
7348,"albumName7348",662,"2069-05-21"
7349,"albumName7349",4245,"1999-02-13"
7350,"albumName7350",3312,"2019-07-22"
7351,"albumName7351",2817,"1974-01-27"
7352,"albumName7352",4074,"2065-04-19"
7353,"albumName7353",2521,"1986-10-27"
7354,"albumName7354",2369,"1995-12-17"
7355,"albumName7355",4065,"2006-10-06"
7356,"albumName7356",565,"1987-11-20"
7357,"albumName7357",4280,"1998-10-05"
7358,"albumName7358",2590,"2000-06-07"
7359,"albumName7359",191,"1986-03-24"
7360,"albumName7360",679,"1972-10-17"
7361,"albumName7361",3537,"1997-12-23"
7362,"albumName7362",2049,"1995-08-03"
7363,"albumName7363",627,"1970-10-21"
7364,"albumName7364",3586,"2002-11-22"
7365,"albumName7365",1802,"1970-07-28"
7366,"albumName7366",42,"1970-08-22"
7367,"albumName7367",2292,"2002-02-01"
7368,"albumName7368",1841,"1978-04-09"
7369,"albumName7369",702,"1980-05-12"
7370,"albumName7370",2144,"2013-10-10"
7371,"albumName7371",3316,"2023-02-14"
7372,"albumName7372",348,"2056-01-07"
7373,"albumName7373",207,"2015-11-14"
7374,"albumName7374",3308,"2000-03-15"
7375,"albumName7375",3985,"1992-01-02"
7376,"albumName7376",439,"2022-07-13"
7377,"albumName7377",3113,"2001-06-05"
7378,"albumName7378",2202,"2010-02-05"
7379,"albumName7379",4572,"2052-09-28"
7380,"albumName7380",739,"2064-05-10"
7381,"albumName7381",1057,"1997-02-03"
7382,"albumName7382",4306,"1979-09-27"
7383,"albumName7383",4850,"1990-07-20"
7384,"albumName7384",1612,"2025-03-07"
7385,"albumName7385",592,"2001-12-22"
7386,"albumName7386",4351,"2053-05-15"
7387,"albumName7387",4293,"2001-09-06"
7388,"albumName7388",3635,"2061-06-06"
7389,"albumName7389",2922,"2052-09-21"
7390,"albumName7390",1077,"2066-07-27"
7391,"albumName7391",4780,"2060-01-02"
7392,"albumName7392",4491,"1983-04-11"
7393,"albumName7393",936,"2001-07-17"
7394,"albumName7394",3509,"1980-11-08"
7395,"albumName7395",745,"1982-05-08"
7396,"albumName7396",652,"1979-05-20"
7397,"albumName7397",4381,"1983-05-02"
7398,"albumName7398",4245,"1975-04-12"
7399,"albumName7399",1404,"2006-03-14"
7400,"albumName7400",4228,"1985-01-02"
7401,"albumName7401",975,"1983-03-11"
7402,"albumName7402",1952,"1972-08-25"
7403,"albumName7403",4284,"2019-07-06"
7404,"albumName7404",1210,"2000-05-16"
7405,"albumName7405",4848,"2051-12-18"
7406,"albumName7406",101,"2023-01-23"
7407,"albumName7407",4512,"1990-04-09"
7408,"albumName7408",574,"2010-02-03"
7409,"albumName7409",3113,"2063-06-25"
7410,"albumName7410",1915,"2025-06-16"
7411,"albumName7411",740,"2053-03-27"
7412,"albumName7412",4199,"2011-10-28"
7413,"albumName7413",1339,"2023-07-27"
7414,"albumName7414",3011,"1996-08-19"
7415,"albumName7415",1771,"2059-11-17"
7416,"albumName7416",2524,"2060-01-06"
7417,"albumName7417",335,"2056-01-22"
7418,"albumName7418",2645,"1985-10-23"
7419,"albumName7419",3751,"1990-05-16"
7420,"albumName7420",2960,"2065-06-18"
7421,"albumName7421",655,"2009-08-14"
7422,"albumName7422",3183,"1997-03-08"
7423,"albumName7423",3951,"2051-11-15"
7424,"albumName7424",3346,"1982-06-26"
7425,"albumName7425",3725,"2060-04-10"
7426,"albumName7426",4336,"2066-09-13"
7427,"albumName7427",2905,"2069-08-27"
7428,"albumName7428",2318,"1987-01-17"
7429,"albumName7429",2823,"2024-07-26"
7430,"albumName7430",3799,"2023-09-17"
7431,"albumName7431",3044,"1973-03-21"
7432,"albumName7432",3700,"1977-12-01"
7433,"albumName7433",2908,"1996-01-24"
7434,"albumName7434",3631,"2005-03-11"
7435,"albumName7435",3831,"1996-02-28"
7436,"albumName7436",2250,"1992-07-25"
7437,"albumName7437",926,"1986-06-15"
7438,"albumName7438",1124,"2016-11-20"
7439,"albumName7439",44,"2006-08-07"
7440,"albumName7440",505,"2025-06-03"
7441,"albumName7441",3418,"1994-03-21"
7442,"albumName7442",3720,"1977-10-09"
7443,"albumName7443",2654,"1996-05-03"
7444,"albumName7444",3703,"2059-02-07"
7445,"albumName7445",3771,"1972-05-21"
7446,"albumName7446",957,"2015-11-09"
7447,"albumName7447",607,"2019-03-12"
7448,"albumName7448",4308,"1981-02-17"
7449,"albumName7449",924,"1981-01-11"
7450,"albumName7450",3934,"2054-06-28"
7451,"albumName7451",2044,"2068-11-02"
7452,"albumName7452",1151,"1987-12-06"
7453,"albumName7453",435,"2064-02-18"
7454,"albumName7454",95,"1974-08-07"
7455,"albumName7455",4358,"2023-05-08"
7456,"albumName7456",2603,"2065-11-14"
7457,"albumName7457",4326,"1977-10-04"
7458,"albumName7458",1840,"2016-04-28"
7459,"albumName7459",2927,"1991-03-28"
7460,"albumName7460",705,"2064-10-02"
7461,"albumName7461",1646,"2014-01-03"
7462,"albumName7462",2718,"1985-12-25"
7463,"albumName7463",2026,"1970-10-13"
7464,"albumName7464",1155,"1990-07-22"
7465,"albumName7465",1087,"1973-03-25"
7466,"albumName7466",3129,"1986-06-28"
7467,"albumName7467",885,"1988-08-17"
7468,"albumName7468",2994,"2064-09-10"
7469,"albumName7469",3377,"1971-11-01"
7470,"albumName7470",580,"1974-05-01"
7471,"albumName7471",4412,"1992-10-12"
7472,"albumName7472",4130,"2015-09-14"
7473,"albumName7473",1092,"2014-09-15"
7474,"albumName7474",3793,"2003-01-07"
7475,"albumName7475",528,"1980-01-15"
7476,"albumName7476",2678,"1986-06-28"
7477,"albumName7477",2750,"2068-07-04"
7478,"albumName7478",3509,"2003-07-21"
7479,"albumName7479",313,"2019-08-01"
7480,"albumName7480",2419,"2054-03-27"
7481,"albumName7481",1341,"2056-08-07"
7482,"albumName7482",2173,"1991-11-27"
7483,"albumName7483",3257,"1976-07-09"
7484,"albumName7484",2873,"2065-09-27"
7485,"albumName7485",4669,"2004-12-23"
7486,"albumName7486",2292,"1981-08-13"
7487,"albumName7487",4081,"1987-11-28"
7488,"albumName7488",179,"2053-12-11"
7489,"albumName7489",3741,"1983-12-09"
7490,"albumName7490",76,"1982-09-08"
7491,"albumName7491",1545,"2017-07-27"
7492,"albumName7492",4355,"2013-07-28"
7493,"albumName7493",1707,"1986-02-15"
7494,"albumName7494",2485,"1993-05-08"
7495,"albumName7495",4759,"1996-06-08"
7496,"albumName7496",2875,"1972-07-23"
7497,"albumName7497",3737,"2069-09-25"
7498,"albumName7498",776,"1985-10-27"
7499,"albumName7499",2372,"1998-07-20"
7500,"albumName7500",961,"1993-06-12"
7501,"albumName7501",2897,"2004-11-11"
7502,"albumName7502",3644,"2012-05-13"
7503,"albumName7503",3647,"1991-07-03"
7504,"albumName7504",269,"1987-10-17"
7505,"albumName7505",2160,"2014-08-19"
7506,"albumName7506",1160,"1998-09-21"
7507,"albumName7507",3343,"1973-10-23"
7508,"albumName7508",1136,"1976-09-28"
7509,"albumName7509",4608,"1998-06-21"
7510,"albumName7510",854,"2023-08-12"
7511,"albumName7511",56,"2067-09-25"
7512,"albumName7512",808,"2012-03-07"
7513,"albumName7513",2082,"2061-05-02"
7514,"albumName7514",3089,"2065-10-06"
7515,"albumName7515",884,"2016-10-08"
7516,"albumName7516",2544,"2014-12-08"
7517,"albumName7517",4352,"1986-07-26"
7518,"albumName7518",4772,"2014-12-23"
7519,"albumName7519",680,"2054-06-28"
7520,"albumName7520",1277,"2063-08-18"
7521,"albumName7521",516,"2058-07-15"
7522,"albumName7522",703,"2067-02-02"
7523,"albumName7523",3972,"2065-10-01"
7524,"albumName7524",1649,"1991-07-13"
7525,"albumName7525",3697,"2010-05-04"
7526,"albumName7526",310,"1995-10-20"
7527,"albumName7527",984,"1985-05-06"
7528,"albumName7528",452,"1990-10-10"
7529,"albumName7529",1980,"1970-05-28"
7530,"albumName7530",4516,"2054-06-07"
7531,"albumName7531",4001,"1992-01-07"
7532,"albumName7532",1787,"2025-09-28"
7533,"albumName7533",1196,"1978-03-14"
7534,"albumName7534",540,"2001-06-03"
7535,"albumName7535",698,"1981-10-28"
7536,"albumName7536",3972,"2055-02-18"
7537,"albumName7537",271,"1987-06-08"
7538,"albumName7538",3412,"2005-04-27"
7539,"albumName7539",2959,"1981-06-01"
7540,"albumName7540",4203,"2001-05-19"
7541,"albumName7541",2246,"2006-03-18"
7542,"albumName7542",1530,"2021-01-18"
7543,"albumName7543",1165,"2018-11-02"
7544,"albumName7544",4672,"1997-09-27"
7545,"albumName7545",2774,"1990-06-08"
7546,"albumName7546",2414,"1977-09-15"
7547,"albumName7547",2295,"1993-11-09"
7548,"albumName7548",4756,"2021-02-04"
7549,"albumName7549",2243,"1975-12-15"
7550,"albumName7550",1374,"1973-06-23"
7551,"albumName7551",643,"1976-12-20"
7552,"albumName7552",2311,"1997-05-27"
7553,"albumName7553",140,"1988-10-21"
7554,"albumName7554",1310,"1976-04-02"
7555,"albumName7555",1406,"2060-05-25"
7556,"albumName7556",4760,"1979-01-15"
7557,"albumName7557",4650,"2015-02-17"
7558,"albumName7558",3513,"1983-03-05"
7559,"albumName7559",3024,"2066-04-10"
7560,"albumName7560",3707,"1991-04-26"
7561,"albumName7561",3256,"2005-01-07"
7562,"albumName7562",1908,"1991-08-21"
7563,"albumName7563",929,"2001-01-03"
7564,"albumName7564",4326,"1992-01-08"
7565,"albumName7565",3818,"2057-03-15"
7566,"albumName7566",4035,"2068-08-02"
7567,"albumName7567",4672,"2067-05-24"
7568,"albumName7568",121,"2024-01-10"
7569,"albumName7569",3692,"2006-04-18"
7570,"albumName7570",1671,"2013-06-22"
7571,"albumName7571",4062,"2019-10-22"
7572,"albumName7572",3060,"2012-08-15"
7573,"albumName7573",3804,"1996-05-17"
7574,"albumName7574",1833,"2011-04-26"
7575,"albumName7575",4682,"2016-06-04"
7576,"albumName7576",4238,"2017-02-19"
7577,"albumName7577",567,"2056-08-05"
7578,"albumName7578",2566,"1976-06-21"
7579,"albumName7579",1861,"2057-09-11"
7580,"albumName7580",4732,"2024-05-20"
7581,"albumName7581",3197,"2014-05-18"
7582,"albumName7582",4026,"2024-03-20"
7583,"albumName7583",3097,"2003-08-28"
7584,"albumName7584",211,"1980-08-26"
7585,"albumName7585",991,"2017-03-07"
7586,"albumName7586",3654,"1981-01-22"
7587,"albumName7587",3209,"2005-02-06"
7588,"albumName7588",285,"1992-07-12"
7589,"albumName7589",927,"2025-01-16"
7590,"albumName7590",3579,"2001-12-17"
7591,"albumName7591",3222,"2063-07-15"
7592,"albumName7592",757,"1985-01-09"
7593,"albumName7593",3235,"2015-12-22"
7594,"albumName7594",2862,"2009-07-10"
7595,"albumName7595",4765,"2009-06-19"
7596,"albumName7596",2887,"1990-06-07"
7597,"albumName7597",4520,"2021-11-18"
7598,"albumName7598",2172,"2003-08-23"
7599,"albumName7599",214,"1972-02-26"
7600,"albumName7600",4750,"1998-01-25"
7601,"albumName7601",3070,"2058-12-16"
7602,"albumName7602",4307,"2023-03-23"
7603,"albumName7603",1636,"2008-10-06"
7604,"albumName7604",2437,"1985-03-03"
7605,"albumName7605",1830,"1990-12-13"
7606,"albumName7606",749,"1977-04-09"
7607,"albumName7607",3130,"2004-01-01"
7608,"albumName7608",3282,"1974-03-19"
7609,"albumName7609",3230,"2014-10-21"
7610,"albumName7610",1766,"1994-07-07"
7611,"albumName7611",1210,"1989-08-11"
7612,"albumName7612",3025,"2015-04-11"
7613,"albumName7613",1767,"1994-11-22"
7614,"albumName7614",1713,"2006-08-13"
7615,"albumName7615",4323,"2021-04-02"
7616,"albumName7616",410,"1978-09-02"
7617,"albumName7617",4521,"1980-02-25"
7618,"albumName7618",4591,"2051-01-20"
7619,"albumName7619",1857,"2069-10-01"
7620,"albumName7620",1835,"2003-03-13"
7621,"albumName7621",3833,"2056-12-12"
7622,"albumName7622",3254,"1990-12-17"
7623,"albumName7623",842,"2057-08-28"
7624,"albumName7624",2324,"1982-09-01"
7625,"albumName7625",4311,"1980-06-14"
7626,"albumName7626",1893,"1994-05-12"
7627,"albumName7627",588,"2055-10-05"
7628,"albumName7628",3147,"2056-09-14"
7629,"albumName7629",355,"1972-03-20"
7630,"albumName7630",1295,"2020-07-26"
7631,"albumName7631",770,"2002-07-26"
7632,"albumName7632",3455,"2062-02-11"
7633,"albumName7633",1160,"2019-07-13"
7634,"albumName7634",3637,"2051-03-22"
7635,"albumName7635",187,"2059-07-27"
7636,"albumName7636",1184,"2056-02-16"
7637,"albumName7637",163,"1991-08-13"
7638,"albumName7638",4099,"1976-10-06"
7639,"albumName7639",3854,"1994-07-06"
7640,"albumName7640",2424,"1974-06-01"
7641,"albumName7641",397,"1970-08-05"
7642,"albumName7642",100,"2052-11-05"
7643,"albumName7643",958,"1971-02-20"
7644,"albumName7644",1271,"1973-06-20"
7645,"albumName7645",2766,"1993-02-17"
7646,"albumName7646",2953,"1997-05-01"
7647,"albumName7647",570,"2016-07-14"
7648,"albumName7648",674,"2012-05-08"
7649,"albumName7649",4338,"2020-01-11"
7650,"albumName7650",110,"2051-12-07"
7651,"albumName7651",576,"2060-09-13"
7652,"albumName7652",4033,"1970-09-06"
7653,"albumName7653",1017,"1992-07-03"
7654,"albumName7654",4103,"2006-11-23"
7655,"albumName7655",4273,"2068-06-18"
7656,"albumName7656",1775,"2067-09-06"
7657,"albumName7657",3330,"2054-02-22"
7658,"albumName7658",1203,"2005-03-28"
7659,"albumName7659",4691,"2010-11-19"
7660,"albumName7660",3349,"2052-01-03"
7661,"albumName7661",4371,"1998-10-07"
7662,"albumName7662",4266,"1985-11-28"
7663,"albumName7663",3876,"2057-05-17"
7664,"albumName7664",664,"2055-04-06"
7665,"albumName7665",1454,"1994-05-15"
7666,"albumName7666",2292,"2017-06-03"
7667,"albumName7667",2616,"1976-11-18"
7668,"albumName7668",1412,"1970-05-28"
7669,"albumName7669",4328,"1980-06-23"
7670,"albumName7670",2965,"2005-06-09"
7671,"albumName7671",367,"2055-01-04"
7672,"albumName7672",3433,"1978-10-20"
7673,"albumName7673",2375,"2015-11-28"
7674,"albumName7674",2348,"2056-05-25"
7675,"albumName7675",3001,"1983-07-12"
7676,"albumName7676",4767,"1999-08-08"
7677,"albumName7677",1832,"2062-07-22"
7678,"albumName7678",1659,"1995-11-27"
7679,"albumName7679",2172,"2064-02-16"
7680,"albumName7680",883,"2017-04-17"
7681,"albumName7681",1442,"2000-02-20"
7682,"albumName7682",3506,"1982-12-17"
7683,"albumName7683",184,"1974-01-03"
7684,"albumName7684",4464,"2008-08-01"
7685,"albumName7685",2862,"2059-06-21"
7686,"albumName7686",2108,"2010-01-16"
7687,"albumName7687",3292,"1992-07-16"
7688,"albumName7688",454,"2002-11-03"
7689,"albumName7689",1182,"2014-12-13"
7690,"albumName7690",4566,"1987-02-20"
7691,"albumName7691",999,"1994-11-25"
7692,"albumName7692",1506,"2011-12-03"
7693,"albumName7693",2457,"1984-03-18"
7694,"albumName7694",1261,"2012-10-28"
7695,"albumName7695",1995,"1999-12-19"
7696,"albumName7696",4330,"2060-05-24"
7697,"albumName7697",2433,"1981-03-23"
7698,"albumName7698",3736,"2010-05-27"
7699,"albumName7699",4133,"2014-11-11"
7700,"albumName7700",430,"1972-04-10"
7701,"albumName7701",1231,"2018-12-09"
7702,"albumName7702",4241,"2010-08-01"
7703,"albumName7703",2587,"1995-08-18"
7704,"albumName7704",4344,"1998-01-21"
7705,"albumName7705",446,"1978-02-12"
7706,"albumName7706",4822,"2060-08-19"
7707,"albumName7707",4225,"1997-02-06"
7708,"albumName7708",2147,"2019-09-02"
7709,"albumName7709",739,"1994-11-26"
7710,"albumName7710",3149,"2021-03-07"
7711,"albumName7711",3360,"2008-11-19"
7712,"albumName7712",4187,"1979-10-11"
7713,"albumName7713",4702,"1987-02-24"
7714,"albumName7714",4635,"1999-07-25"
7715,"albumName7715",4181,"1993-08-12"
7716,"albumName7716",4458,"1976-12-19"
7717,"albumName7717",904,"2054-09-17"
7718,"albumName7718",764,"2010-05-19"
7719,"albumName7719",3513,"2025-09-06"
7720,"albumName7720",2601,"2069-10-14"
7721,"albumName7721",2541,"2059-02-03"
7722,"albumName7722",3247,"2059-07-20"
7723,"albumName7723",4490,"2064-04-16"
7724,"albumName7724",3585,"1992-02-22"
7725,"albumName7725",1807,"2018-11-25"
7726,"albumName7726",3562,"2020-07-05"
7727,"albumName7727",592,"2024-08-22"
7728,"albumName7728",3112,"2003-05-04"
7729,"albumName7729",2947,"1988-09-10"
7730,"albumName7730",3013,"1990-02-23"
7731,"albumName7731",4741,"2067-08-05"
7732,"albumName7732",4271,"2053-03-19"
7733,"albumName7733",1711,"1988-01-27"
7734,"albumName7734",4665,"1995-02-24"
7735,"albumName7735",4249,"2069-10-07"
7736,"albumName7736",1582,"1975-07-26"
7737,"albumName7737",2379,"1982-07-14"
7738,"albumName7738",4364,"1973-11-07"
7739,"albumName7739",3802,"2000-04-03"
7740,"albumName7740",4048,"1986-07-27"
7741,"albumName7741",4899,"2009-02-06"
7742,"albumName7742",24,"2065-11-06"
7743,"albumName7743",2688,"1979-07-27"
7744,"albumName7744",2709,"1995-02-20"
7745,"albumName7745",2537,"1974-03-01"
7746,"albumName7746",3122,"2018-03-25"
7747,"albumName7747",519,"1978-09-14"
7748,"albumName7748",19,"1994-04-13"
7749,"albumName7749",1091,"2015-11-01"
7750,"albumName7750",3498,"2058-09-01"
7751,"albumName7751",4262,"2065-02-10"
7752,"albumName7752",1631,"2018-10-17"
7753,"albumName7753",1215,"1971-02-24"
7754,"albumName7754",1066,"1998-02-19"
7755,"albumName7755",4864,"2025-12-20"
7756,"albumName7756",193,"1976-02-10"
7757,"albumName7757",1361,"2023-02-22"
7758,"albumName7758",4752,"1974-02-26"
7759,"albumName7759",1845,"2000-07-25"
7760,"albumName7760",2015,"2067-03-26"
7761,"albumName7761",4058,"2023-09-11"
7762,"albumName7762",1444,"1972-12-23"
7763,"albumName7763",4114,"2053-06-07"
7764,"albumName7764",2230,"2022-07-16"
7765,"albumName7765",3287,"1990-08-26"
7766,"albumName7766",3052,"2001-12-08"
7767,"albumName7767",2879,"2054-02-12"
7768,"albumName7768",1633,"2057-03-20"
7769,"albumName7769",3260,"1978-03-24"
7770,"albumName7770",1419,"1996-05-03"
7771,"albumName7771",1427,"2056-08-12"
7772,"albumName7772",3668,"2014-12-12"
7773,"albumName7773",2803,"1992-07-02"
7774,"albumName7774",440,"2057-07-18"
7775,"albumName7775",3398,"2068-01-28"
7776,"albumName7776",4530,"2003-11-03"
7777,"albumName7777",3503,"2025-01-11"
7778,"albumName7778",1826,"1989-06-11"
7779,"albumName7779",3181,"1978-04-23"
7780,"albumName7780",1279,"2009-04-26"
7781,"albumName7781",2794,"1970-05-22"
7782,"albumName7782",1280,"2005-06-24"
7783,"albumName7783",2455,"2058-10-12"
7784,"albumName7784",2044,"2053-10-14"
7785,"albumName7785",3514,"2064-06-17"
7786,"albumName7786",641,"1984-09-15"
7787,"albumName7787",2929,"2056-02-02"
7788,"albumName7788",3406,"1985-07-05"
7789,"albumName7789",391,"2012-04-11"
7790,"albumName7790",3119,"1984-06-04"
7791,"albumName7791",4887,"2025-01-12"
7792,"albumName7792",2289,"1994-10-20"
7793,"albumName7793",2808,"2001-12-09"
7794,"albumName7794",259,"1974-04-01"
7795,"albumName7795",3575,"1976-10-28"
7796,"albumName7796",2077,"1991-06-10"
7797,"albumName7797",1007,"2015-02-15"
7798,"albumName7798",4237,"1981-06-07"
7799,"albumName7799",4253,"2067-04-28"
7800,"albumName7800",1057,"2010-10-15"
7801,"albumName7801",3792,"2069-03-22"
7802,"albumName7802",963,"2000-05-16"
7803,"albumName7803",1573,"2053-04-17"
7804,"albumName7804",4430,"1971-04-12"
7805,"albumName7805",4905,"1982-04-13"
7806,"albumName7806",643,"2018-02-27"
7807,"albumName7807",1196,"2008-05-26"
7808,"albumName7808",4023,"2021-05-21"
7809,"albumName7809",3059,"1995-05-26"
7810,"albumName7810",1797,"1987-04-13"
7811,"albumName7811",998,"2057-11-11"
7812,"albumName7812",808,"1989-12-15"
7813,"albumName7813",828,"1980-06-27"
7814,"albumName7814",2337,"1983-04-07"
7815,"albumName7815",464,"2002-05-07"
7816,"albumName7816",3331,"1987-05-18"
7817,"albumName7817",91,"1988-11-26"
7818,"albumName7818",3012,"2059-11-23"
7819,"albumName7819",857,"2008-02-02"
7820,"albumName7820",339,"1985-08-07"
7821,"albumName7821",1043,"2008-05-02"
7822,"albumName7822",4046,"2061-05-17"
7823,"albumName7823",2725,"1981-01-17"
7824,"albumName7824",4481,"2055-03-22"
7825,"albumName7825",4164,"1997-11-17"
7826,"albumName7826",3048,"2015-01-20"
7827,"albumName7827",241,"2013-07-18"
7828,"albumName7828",4092,"2058-09-18"
7829,"albumName7829",1728,"1983-12-22"
7830,"albumName7830",1021,"2009-10-27"
7831,"albumName7831",1596,"1981-09-24"
7832,"albumName7832",3179,"1995-05-11"
7833,"albumName7833",363,"2063-05-05"
7834,"albumName7834",3094,"2056-06-27"
7835,"albumName7835",1415,"1982-04-08"
7836,"albumName7836",1114,"2055-05-17"
7837,"albumName7837",267,"2057-11-17"
7838,"albumName7838",4442,"2003-09-15"
7839,"albumName7839",3970,"1992-10-27"
7840,"albumName7840",4681,"2066-11-22"
7841,"albumName7841",1180,"2021-12-01"
7842,"albumName7842",341,"1990-10-07"
7843,"albumName7843",4316,"1999-06-12"
7844,"albumName7844",2122,"2023-12-28"
7845,"albumName7845",3661,"1995-06-21"
7846,"albumName7846",713,"1978-01-09"
7847,"albumName7847",2238,"1995-03-09"
7848,"albumName7848",4899,"2052-07-23"
7849,"albumName7849",466,"2061-06-07"
7850,"albumName7850",3657,"2068-12-26"
7851,"albumName7851",2223,"1970-05-03"
7852,"albumName7852",1136,"1993-05-21"
7853,"albumName7853",4689,"1972-08-23"
7854,"albumName7854",3337,"1992-03-22"
7855,"albumName7855",2789,"2052-07-13"
7856,"albumName7856",822,"1985-05-17"
7857,"albumName7857",2376,"2019-09-27"
7858,"albumName7858",4795,"2002-11-24"
7859,"albumName7859",2536,"1994-10-27"
7860,"albumName7860",296,"2017-11-11"
7861,"albumName7861",2891,"1983-06-12"
7862,"albumName7862",4674,"1980-09-22"
7863,"albumName7863",4162,"2064-08-20"
7864,"albumName7864",2832,"2018-06-13"
7865,"albumName7865",202,"1982-06-01"
7866,"albumName7866",3406,"1982-04-04"
7867,"albumName7867",794,"1982-07-25"
7868,"albumName7868",2355,"1976-01-15"
7869,"albumName7869",3345,"2001-06-06"
7870,"albumName7870",2374,"1992-10-06"
7871,"albumName7871",335,"2025-08-19"
7872,"albumName7872",4198,"2014-12-13"
7873,"albumName7873",441,"1972-07-21"
7874,"albumName7874",2359,"1971-11-10"
7875,"albumName7875",2780,"2009-02-05"
7876,"albumName7876",1173,"2016-08-27"
7877,"albumName7877",356,"2007-08-10"
7878,"albumName7878",2074,"1993-03-12"
7879,"albumName7879",3713,"2014-04-24"
7880,"albumName7880",2707,"2060-06-23"
7881,"albumName7881",2091,"1976-08-03"
7882,"albumName7882",2319,"2015-09-01"
7883,"albumName7883",546,"2002-05-11"
7884,"albumName7884",884,"1975-03-21"
7885,"albumName7885",3441,"2025-09-20"
7886,"albumName7886",4140,"1982-04-04"
7887,"albumName7887",1456,"1985-08-09"
7888,"albumName7888",2848,"2051-09-09"
7889,"albumName7889",4892,"2052-11-25"
7890,"albumName7890",3528,"1975-11-23"
7891,"albumName7891",1324,"1980-10-07"
7892,"albumName7892",4661,"2055-06-02"
7893,"albumName7893",1463,"2001-11-06"
7894,"albumName7894",1940,"2021-07-22"
7895,"albumName7895",713,"1979-01-24"
7896,"albumName7896",408,"1989-10-23"
7897,"albumName7897",4018,"2007-08-26"
7898,"albumName7898",2736,"1980-03-23"
7899,"albumName7899",3189,"2004-06-10"
7900,"albumName7900",3469,"1991-02-10"
7901,"albumName7901",4716,"2066-05-11"
7902,"albumName7902",1042,"2056-07-11"
7903,"albumName7903",2182,"1972-10-01"
7904,"albumName7904",624,"1984-12-24"
7905,"albumName7905",4365,"2019-08-15"
7906,"albumName7906",106,"2058-08-20"
7907,"albumName7907",1081,"1978-08-28"
7908,"albumName7908",1881,"2022-03-19"
7909,"albumName7909",2867,"2062-05-14"
7910,"albumName7910",1408,"1979-10-25"
7911,"albumName7911",3306,"1997-03-05"
7912,"albumName7912",2770,"2002-07-16"
7913,"albumName7913",3498,"2054-08-07"
7914,"albumName7914",2978,"2019-09-16"
7915,"albumName7915",2794,"1970-07-10"
7916,"albumName7916",4208,"2017-08-11"
7917,"albumName7917",2458,"1982-07-25"
7918,"albumName7918",2049,"2067-08-07"
7919,"albumName7919",84,"1993-06-27"
7920,"albumName7920",2481,"1989-02-04"
7921,"albumName7921",3586,"2025-01-25"
7922,"albumName7922",3090,"2022-08-27"
7923,"albumName7923",4469,"2008-07-25"
7924,"albumName7924",1125,"2006-11-24"
7925,"albumName7925",3979,"1987-02-03"
7926,"albumName7926",325,"1979-08-13"
7927,"albumName7927",1253,"2066-09-24"
7928,"albumName7928",485,"2023-12-04"
7929,"albumName7929",2289,"1977-08-15"
7930,"albumName7930",398,"2002-08-15"
7931,"albumName7931",14,"2060-07-02"
7932,"albumName7932",2173,"1978-06-03"
7933,"albumName7933",1936,"1989-12-12"
7934,"albumName7934",4456,"2013-08-08"
7935,"albumName7935",4804,"2022-11-25"
7936,"albumName7936",352,"2014-10-10"
7937,"albumName7937",4126,"1980-12-07"
7938,"albumName7938",2309,"2009-08-03"
7939,"albumName7939",4895,"2055-04-26"
7940,"albumName7940",4862,"1974-10-12"
7941,"albumName7941",3592,"2064-02-10"
7942,"albumName7942",1541,"2009-12-16"
7943,"albumName7943",337,"2007-05-28"
7944,"albumName7944",4659,"2025-07-28"
7945,"albumName7945",700,"2059-04-05"
7946,"albumName7946",3102,"1980-01-12"
7947,"albumName7947",2076,"2022-04-24"
7948,"albumName7948",1513,"1997-08-05"
7949,"albumName7949",2165,"2019-03-17"
7950,"albumName7950",1073,"2067-09-18"
7951,"albumName7951",57,"1987-03-14"
7952,"albumName7952",1168,"1990-03-28"
7953,"albumName7953",2617,"2064-09-23"
7954,"albumName7954",1155,"2003-04-28"
7955,"albumName7955",568,"2054-11-11"
7956,"albumName7956",4784,"2006-11-04"
7957,"albumName7957",3330,"1983-08-05"
7958,"albumName7958",4046,"2025-05-08"
7959,"albumName7959",2095,"1989-08-13"
7960,"albumName7960",3114,"2007-12-19"
7961,"albumName7961",1902,"1971-12-10"
7962,"albumName7962",4553,"1984-06-09"
7963,"albumName7963",3483,"2009-10-26"
7964,"albumName7964",4110,"1976-01-12"
7965,"albumName7965",1777,"2019-10-04"
7966,"albumName7966",3921,"2018-02-11"
7967,"albumName7967",2292,"2011-08-16"
7968,"albumName7968",2180,"2004-03-19"
7969,"albumName7969",1708,"1994-08-01"
7970,"albumName7970",2928,"2013-01-03"
7971,"albumName7971",791,"2006-10-07"
7972,"albumName7972",3276,"1985-05-21"
7973,"albumName7973",3791,"2059-03-02"
7974,"albumName7974",2622,"1995-12-07"
7975,"albumName7975",4493,"2021-11-10"
7976,"albumName7976",719,"1971-05-24"
7977,"albumName7977",2320,"2058-10-14"
7978,"albumName7978",3929,"2018-12-22"
7979,"albumName7979",4623,"1996-02-27"
7980,"albumName7980",4132,"1986-02-23"
7981,"albumName7981",2829,"2024-01-24"
7982,"albumName7982",4099,"2053-11-22"
7983,"albumName7983",2604,"2004-09-10"
7984,"albumName7984",3207,"2018-03-13"
7985,"albumName7985",4804,"1979-11-08"
7986,"albumName7986",4822,"1983-03-19"
7987,"albumName7987",4127,"1979-12-08"
7988,"albumName7988",3812,"2007-09-07"
7989,"albumName7989",2928,"2019-08-25"
7990,"albumName7990",543,"2008-02-10"
7991,"albumName7991",4703,"1978-09-06"
7992,"albumName7992",741,"1989-04-21"
7993,"albumName7993",1436,"2053-03-03"
7994,"albumName7994",35,"2010-01-12"
7995,"albumName7995",2784,"2021-04-17"
7996,"albumName7996",4542,"1972-09-03"
7997,"albumName7997",895,"2022-04-15"
7998,"albumName7998",1886,"2058-08-03"
7999,"albumName7999",571,"1993-11-09"
8000,"albumName8000",1111,"1991-05-07"
8001,"albumName8001",4647,"1985-07-25"
8002,"albumName8002",1063,"2054-02-22"
8003,"albumName8003",1059,"2013-11-01"
8004,"albumName8004",4057,"1984-05-19"
8005,"albumName8005",923,"1988-12-27"
8006,"albumName8006",235,"1981-12-16"
8007,"albumName8007",2454,"1975-05-16"
8008,"albumName8008",2138,"2068-04-26"
8009,"albumName8009",2161,"2010-09-01"
8010,"albumName8010",2191,"2006-09-20"
8011,"albumName8011",2059,"1982-02-25"
8012,"albumName8012",1471,"2069-03-28"
8013,"albumName8013",2135,"2057-11-03"
8014,"albumName8014",585,"2008-08-11"
8015,"albumName8015",198,"1988-06-25"
8016,"albumName8016",65,"2004-08-17"
8017,"albumName8017",3722,"2061-01-05"
8018,"albumName8018",2258,"1974-03-05"
8019,"albumName8019",2212,"1972-08-12"
8020,"albumName8020",4638,"2064-04-02"
8021,"albumName8021",862,"2004-06-01"
8022,"albumName8022",47,"2012-12-24"
8023,"albumName8023",635,"2002-03-21"
8024,"albumName8024",750,"2024-03-10"
8025,"albumName8025",197,"2014-06-19"
8026,"albumName8026",3500,"2064-12-01"
8027,"albumName8027",2927,"1994-09-28"
8028,"albumName8028",4545,"2016-01-26"
8029,"albumName8029",924,"1992-07-15"
8030,"albumName8030",1879,"2063-04-23"
8031,"albumName8031",650,"1988-06-16"
8032,"albumName8032",627,"1987-11-12"
8033,"albumName8033",4499,"1970-04-21"
8034,"albumName8034",2804,"1990-04-21"
8035,"albumName8035",2951,"1976-05-06"
8036,"albumName8036",4686,"1976-12-22"
8037,"albumName8037",2030,"2007-10-10"
8038,"albumName8038",912,"2052-03-06"
8039,"albumName8039",4374,"2009-12-23"
8040,"albumName8040",3729,"2060-01-23"
8041,"albumName8041",4458,"2058-06-12"
8042,"albumName8042",4405,"1999-04-09"
8043,"albumName8043",928,"1993-12-06"
8044,"albumName8044",4086,"2000-03-15"
8045,"albumName8045",3205,"2024-10-26"
8046,"albumName8046",3268,"1973-07-27"
8047,"albumName8047",4870,"2016-12-01"
8048,"albumName8048",3221,"2011-05-04"
8049,"albumName8049",3503,"2061-04-09"
8050,"albumName8050",2996,"1971-05-03"
8051,"albumName8051",4264,"1998-10-09"
8052,"albumName8052",4460,"2058-04-10"
8053,"albumName8053",1524,"1975-04-15"
8054,"albumName8054",3550,"1986-12-20"
8055,"albumName8055",2295,"1989-02-24"
8056,"albumName8056",1324,"2017-09-02"
8057,"albumName8057",4576,"2017-10-06"
8058,"albumName8058",2240,"2018-04-19"
8059,"albumName8059",1037,"1997-01-17"
8060,"albumName8060",4548,"1977-06-05"
8061,"albumName8061",641,"1999-04-12"
8062,"albumName8062",1793,"1997-05-17"
8063,"albumName8063",2448,"2055-03-27"
8064,"albumName8064",4907,"1984-04-03"
8065,"albumName8065",3231,"2053-02-02"
8066,"albumName8066",3558,"1996-10-28"
8067,"albumName8067",2264,"2025-07-25"
8068,"albumName8068",1400,"2020-03-13"
8069,"albumName8069",2429,"1977-07-19"
8070,"albumName8070",558,"2012-10-28"
8071,"albumName8071",4238,"2002-01-18"
8072,"albumName8072",1810,"2054-01-11"
8073,"albumName8073",292,"2056-06-14"
8074,"albumName8074",1694,"2023-07-09"
8075,"albumName8075",4605,"1997-12-22"
8076,"albumName8076",33,"2055-01-17"
8077,"albumName8077",436,"1993-07-06"
8078,"albumName8078",4894,"1974-06-20"
8079,"albumName8079",2507,"1993-06-07"
8080,"albumName8080",820,"1979-06-06"
8081,"albumName8081",716,"2006-04-01"
8082,"albumName8082",3892,"1975-04-09"
8083,"albumName8083",3444,"1997-06-26"
8084,"albumName8084",3807,"2013-06-11"
8085,"albumName8085",1664,"1986-04-16"
8086,"albumName8086",4724,"2008-12-15"
8087,"albumName8087",763,"2022-04-27"
8088,"albumName8088",215,"1978-01-08"
8089,"albumName8089",4699,"1986-11-16"
8090,"albumName8090",4717,"2059-07-07"
8091,"albumName8091",2848,"2022-07-05"
8092,"albumName8092",4138,"2052-07-18"
8093,"albumName8093",3373,"2021-12-09"
8094,"albumName8094",301,"1985-06-05"
8095,"albumName8095",156,"2056-06-21"
8096,"albumName8096",520,"2010-04-09"
8097,"albumName8097",4611,"2009-10-06"
8098,"albumName8098",1214,"2068-02-12"
8099,"albumName8099",4272,"1988-02-25"
8100,"albumName8100",2689,"2007-08-07"
8101,"albumName8101",2924,"2059-11-23"
8102,"albumName8102",4716,"2019-05-12"
8103,"albumName8103",1910,"2012-04-22"
8104,"albumName8104",3120,"2068-01-06"
8105,"albumName8105",1364,"2000-03-16"
8106,"albumName8106",1676,"2052-03-20"
8107,"albumName8107",2789,"1998-02-03"
8108,"albumName8108",2957,"1995-11-20"
8109,"albumName8109",1008,"2012-03-23"
8110,"albumName8110",2362,"2009-03-22"
8111,"albumName8111",2682,"1997-10-11"
8112,"albumName8112",265,"2001-02-28"
8113,"albumName8113",4343,"2006-07-04"
8114,"albumName8114",3398,"1988-05-09"
8115,"albumName8115",4661,"2011-06-07"
8116,"albumName8116",1240,"2061-06-10"
8117,"albumName8117",4821,"2002-04-26"
8118,"albumName8118",2144,"2068-03-20"
8119,"albumName8119",1973,"1988-06-18"
8120,"albumName8120",1637,"2014-03-09"
8121,"albumName8121",1861,"2065-04-21"
8122,"albumName8122",3135,"1984-02-13"
8123,"albumName8123",303,"1983-03-10"
8124,"albumName8124",2542,"2020-11-22"
8125,"albumName8125",1311,"1990-04-15"
8126,"albumName8126",425,"1981-05-24"
8127,"albumName8127",3333,"2015-01-15"
8128,"albumName8128",2496,"1975-11-25"
8129,"albumName8129",1160,"2001-02-23"
8130,"albumName8130",2620,"1982-12-19"
8131,"albumName8131",1711,"2012-06-01"
8132,"albumName8132",1474,"1974-10-07"
8133,"albumName8133",1181,"2053-04-12"
8134,"albumName8134",2891,"1986-09-27"
8135,"albumName8135",1831,"1976-11-09"
8136,"albumName8136",963,"2057-07-01"
8137,"albumName8137",4465,"1993-11-21"
8138,"albumName8138",4685,"2017-04-18"
8139,"albumName8139",4569,"1997-07-13"
8140,"albumName8140",3851,"1976-07-11"
8141,"albumName8141",2464,"2021-10-14"
8142,"albumName8142",2897,"2019-04-08"
8143,"albumName8143",890,"2061-08-14"
8144,"albumName8144",4042,"2017-01-14"
8145,"albumName8145",2023,"2055-02-18"
8146,"albumName8146",3574,"1978-10-23"
8147,"albumName8147",4082,"1973-07-16"
8148,"albumName8148",115,"2051-02-27"
8149,"albumName8149",4591,"2021-02-06"
8150,"albumName8150",2447,"2059-05-15"
8151,"albumName8151",1642,"2066-04-11"
8152,"albumName8152",4065,"1990-10-19"
8153,"albumName8153",3301,"2060-03-06"
8154,"albumName8154",3778,"1971-12-20"
8155,"albumName8155",590,"2018-11-02"
8156,"albumName8156",1584,"2018-09-12"
8157,"albumName8157",2391,"1983-12-06"
8158,"albumName8158",2416,"2005-01-15"
8159,"albumName8159",1460,"2064-09-18"
8160,"albumName8160",3622,"2052-07-25"
8161,"albumName8161",885,"1973-06-07"
8162,"albumName8162",328,"2069-05-22"
8163,"albumName8163",4429,"2020-10-04"
8164,"albumName8164",1230,"2008-10-24"
8165,"albumName8165",2471,"1986-03-12"
8166,"albumName8166",2957,"2065-01-27"
8167,"albumName8167",70,"1993-07-06"
8168,"albumName8168",3605,"1977-07-16"
8169,"albumName8169",671,"1993-03-04"
8170,"albumName8170",4738,"1988-06-06"
8171,"albumName8171",4473,"2009-12-25"
8172,"albumName8172",786,"1982-05-19"
8173,"albumName8173",3243,"1999-08-19"
8174,"albumName8174",3081,"1982-11-05"
8175,"albumName8175",3143,"2068-10-18"
8176,"albumName8176",3705,"2023-04-09"
8177,"albumName8177",84,"1998-09-22"
8178,"albumName8178",2215,"2020-07-06"
8179,"albumName8179",3910,"2068-01-27"
8180,"albumName8180",2174,"2016-09-15"
8181,"albumName8181",3241,"1994-03-13"
8182,"albumName8182",3611,"2059-11-10"
8183,"albumName8183",3212,"2018-09-25"
8184,"albumName8184",2152,"2023-06-28"
8185,"albumName8185",326,"1991-05-19"
8186,"albumName8186",3751,"2062-01-09"
8187,"albumName8187",2310,"1973-11-25"
8188,"albumName8188",4793,"2001-01-16"
8189,"albumName8189",3744,"1987-09-28"
8190,"albumName8190",338,"1999-07-05"
8191,"albumName8191",3926,"2051-09-05"
8192,"albumName8192",1812,"2010-10-16"
8193,"albumName8193",837,"2068-05-16"
8194,"albumName8194",482,"2020-02-02"
8195,"albumName8195",3202,"2068-05-13"
8196,"albumName8196",2469,"1983-08-19"
8197,"albumName8197",3641,"2018-06-10"
8198,"albumName8198",794,"2013-07-03"
8199,"albumName8199",3475,"1992-05-14"
8200,"albumName8200",3669,"1994-12-26"
8201,"albumName8201",2399,"2051-06-16"
8202,"albumName8202",123,"2059-04-01"
8203,"albumName8203",3878,"2067-05-15"
8204,"albumName8204",437,"2066-09-15"
8205,"albumName8205",1534,"1991-09-07"
8206,"albumName8206",1481,"2063-08-28"
8207,"albumName8207",749,"2055-01-20"
8208,"albumName8208",1256,"1998-07-03"
8209,"albumName8209",1192,"2017-11-01"
8210,"albumName8210",3403,"1980-09-13"
8211,"albumName8211",64,"2015-12-17"
8212,"albumName8212",199,"1991-10-09"
8213,"albumName8213",3398,"1971-02-09"
8214,"albumName8214",3198,"1999-05-02"
8215,"albumName8215",1922,"2024-02-12"
8216,"albumName8216",1961,"1986-05-25"
8217,"albumName8217",4020,"1977-06-16"
8218,"albumName8218",1039,"2069-12-17"
8219,"albumName8219",292,"2062-03-16"
8220,"albumName8220",4002,"2010-01-14"
8221,"albumName8221",1515,"2068-05-16"
8222,"albumName8222",1758,"2001-10-13"
8223,"albumName8223",3153,"2062-04-16"
8224,"albumName8224",872,"2012-10-09"
8225,"albumName8225",878,"1976-07-10"
8226,"albumName8226",1828,"2058-10-04"
8227,"albumName8227",998,"2053-05-28"
8228,"albumName8228",4289,"2013-08-09"
8229,"albumName8229",747,"1997-02-25"
8230,"albumName8230",3623,"2006-03-13"
8231,"albumName8231",1073,"1978-06-12"
8232,"albumName8232",3139,"2055-01-06"
8233,"albumName8233",4653,"2024-06-24"
8234,"albumName8234",1379,"2062-10-28"
8235,"albumName8235",3467,"2012-07-09"
8236,"albumName8236",4731,"1996-09-16"
8237,"albumName8237",956,"2024-07-14"
8238,"albumName8238",1046,"1980-09-01"
8239,"albumName8239",4812,"2019-10-06"
8240,"albumName8240",3681,"1999-04-21"
8241,"albumName8241",4480,"1979-03-06"
8242,"albumName8242",4740,"1994-04-21"
8243,"albumName8243",2494,"1987-04-17"
8244,"albumName8244",4660,"2060-06-24"
8245,"albumName8245",3001,"2064-11-07"
8246,"albumName8246",848,"2014-12-03"
8247,"albumName8247",3568,"1984-07-13"
8248,"albumName8248",604,"1985-01-13"
8249,"albumName8249",987,"2005-01-28"
8250,"albumName8250",4650,"1986-01-26"
8251,"albumName8251",2742,"2060-08-21"
8252,"albumName8252",4309,"1973-04-22"
8253,"albumName8253",2839,"2056-05-03"
8254,"albumName8254",1596,"2003-12-22"
8255,"albumName8255",3368,"2010-03-19"
8256,"albumName8256",1680,"2062-06-03"
8257,"albumName8257",4373,"2002-08-28"
8258,"albumName8258",712,"2024-04-24"
8259,"albumName8259",3374,"1977-09-27"
8260,"albumName8260",1919,"1978-01-06"
8261,"albumName8261",1947,"2020-01-06"
8262,"albumName8262",3529,"2062-05-14"
8263,"albumName8263",1961,"2008-02-23"
8264,"albumName8264",2341,"2002-12-03"
8265,"albumName8265",2720,"2063-07-01"
8266,"albumName8266",3995,"2020-12-13"
8267,"albumName8267",4289,"2059-05-05"
8268,"albumName8268",1316,"2069-04-21"
8269,"albumName8269",4330,"2025-08-24"
8270,"albumName8270",4301,"2061-09-14"
8271,"albumName8271",1697,"2052-02-15"
8272,"albumName8272",4055,"2006-07-01"
8273,"albumName8273",4557,"2065-06-15"
8274,"albumName8274",809,"1983-06-05"
8275,"albumName8275",3667,"1970-07-21"
8276,"albumName8276",4871,"2064-04-15"
8277,"albumName8277",3523,"1971-03-14"
8278,"albumName8278",3045,"1999-06-01"
8279,"albumName8279",1415,"1998-03-10"
8280,"albumName8280",3558,"1981-12-27"
8281,"albumName8281",4210,"2053-02-27"
8282,"albumName8282",1440,"1973-10-02"
8283,"albumName8283",2558,"2006-08-24"
8284,"albumName8284",1537,"1986-09-24"
8285,"albumName8285",1531,"1991-11-05"
8286,"albumName8286",1148,"1971-07-09"
8287,"albumName8287",1405,"2003-06-14"
8288,"albumName8288",3105,"2023-07-12"
8289,"albumName8289",1576,"2000-04-22"
8290,"albumName8290",1978,"1999-02-18"
8291,"albumName8291",248,"2062-11-19"
8292,"albumName8292",3716,"2066-10-09"
8293,"albumName8293",2661,"1989-09-19"
8294,"albumName8294",1394,"2015-10-27"
8295,"albumName8295",2990,"2009-09-26"
8296,"albumName8296",3929,"1986-05-17"
8297,"albumName8297",2129,"1987-08-19"
8298,"albumName8298",2071,"2019-08-22"
8299,"albumName8299",2188,"2054-09-19"
8300,"albumName8300",4082,"2060-05-19"
8301,"albumName8301",2310,"2065-04-15"
8302,"albumName8302",1143,"2020-12-26"
8303,"albumName8303",4684,"2062-07-03"
8304,"albumName8304",2460,"2018-02-25"
8305,"albumName8305",1882,"2060-11-06"
8306,"albumName8306",224,"1997-02-05"
8307,"albumName8307",3350,"2013-02-02"
8308,"albumName8308",3163,"2021-10-01"
8309,"albumName8309",2672,"1998-07-28"
8310,"albumName8310",1632,"1988-04-27"
8311,"albumName8311",1043,"2022-02-18"
8312,"albumName8312",3613,"2019-01-06"
8313,"albumName8313",1910,"2069-03-08"
8314,"albumName8314",4217,"2009-03-18"
8315,"albumName8315",3337,"2006-05-14"
8316,"albumName8316",1570,"1976-08-13"
8317,"albumName8317",1801,"2022-07-18"
8318,"albumName8318",1706,"2020-08-25"
8319,"albumName8319",1141,"2007-08-10"
8320,"albumName8320",1909,"1983-09-08"
8321,"albumName8321",4901,"1975-11-14"
8322,"albumName8322",3326,"1991-01-04"
8323,"albumName8323",1835,"2025-11-16"
8324,"albumName8324",1323,"2060-07-08"
8325,"albumName8325",3904,"2053-11-18"
8326,"albumName8326",222,"1977-10-20"
8327,"albumName8327",671,"1997-02-10"
8328,"albumName8328",1108,"1990-08-24"
8329,"albumName8329",1067,"1982-09-06"
8330,"albumName8330",2009,"2001-04-17"
8331,"albumName8331",2948,"1973-04-15"
8332,"albumName8332",3476,"1989-04-24"
8333,"albumName8333",3858,"1982-02-01"
8334,"albumName8334",584,"1978-09-04"
8335,"albumName8335",2792,"1990-11-24"
8336,"albumName8336",3267,"2025-07-18"
8337,"albumName8337",1531,"1991-08-13"
8338,"albumName8338",2914,"2008-08-26"
8339,"albumName8339",404,"1998-01-14"
8340,"albumName8340",619,"1979-11-28"
8341,"albumName8341",4510,"2005-11-05"
8342,"albumName8342",2951,"2067-01-06"
8343,"albumName8343",3133,"2002-12-16"
8344,"albumName8344",2948,"1975-10-05"
8345,"albumName8345",4400,"1981-06-13"
8346,"albumName8346",20,"2013-06-02"
8347,"albumName8347",3758,"2001-07-23"
8348,"albumName8348",1978,"1995-01-20"
8349,"albumName8349",4279,"1977-07-17"
8350,"albumName8350",2930,"1971-11-07"
8351,"albumName8351",400,"1986-12-20"
8352,"albumName8352",2141,"2009-05-10"
8353,"albumName8353",3645,"2051-08-11"
8354,"albumName8354",2345,"2054-09-27"
8355,"albumName8355",2336,"2000-10-17"
8356,"albumName8356",1542,"2018-04-09"
8357,"albumName8357",1495,"2018-10-12"
8358,"albumName8358",747,"2052-09-26"
8359,"albumName8359",1360,"2012-11-27"
8360,"albumName8360",2591,"1974-06-06"
8361,"albumName8361",4467,"2057-07-03"
8362,"albumName8362",4414,"1997-01-27"
8363,"albumName8363",1151,"2068-04-13"
8364,"albumName8364",3398,"2019-09-15"
8365,"albumName8365",3968,"2064-11-07"
8366,"albumName8366",4058,"2020-11-04"
8367,"albumName8367",717,"2067-05-06"
8368,"albumName8368",812,"1980-06-04"
8369,"albumName8369",3263,"2010-06-09"
8370,"albumName8370",3177,"1993-05-23"
8371,"albumName8371",3784,"2058-04-21"
8372,"albumName8372",4360,"2013-09-09"
8373,"albumName8373",1805,"1974-11-02"
8374,"albumName8374",4585,"1973-06-20"
8375,"albumName8375",2692,"2054-07-20"
8376,"albumName8376",2078,"2009-02-07"
8377,"albumName8377",4246,"2022-08-22"
8378,"albumName8378",3898,"1977-08-09"
8379,"albumName8379",412,"2017-04-19"
8380,"albumName8380",2797,"2051-02-25"
8381,"albumName8381",946,"2005-11-20"
8382,"albumName8382",3245,"2066-08-07"
8383,"albumName8383",3586,"1992-12-22"
8384,"albumName8384",1336,"2065-10-15"
8385,"albumName8385",4050,"1972-12-02"
8386,"albumName8386",3180,"2003-03-24"
8387,"albumName8387",4579,"2013-03-09"
8388,"albumName8388",3618,"1974-11-17"
8389,"albumName8389",4138,"2002-12-07"
8390,"albumName8390",278,"1983-05-03"
8391,"albumName8391",308,"2018-08-21"
8392,"albumName8392",1812,"2059-04-11"
8393,"albumName8393",1276,"1985-02-04"
8394,"albumName8394",2896,"2004-07-27"
8395,"albumName8395",3936,"1984-07-14"
8396,"albumName8396",3474,"1970-11-07"
8397,"albumName8397",2120,"1990-10-17"
8398,"albumName8398",2244,"1987-02-12"
8399,"albumName8399",168,"1978-11-26"
8400,"albumName8400",278,"2004-12-03"
8401,"albumName8401",2443,"2063-01-08"
8402,"albumName8402",4039,"1977-08-17"
8403,"albumName8403",1662,"1996-10-28"
8404,"albumName8404",1225,"2067-07-24"
8405,"albumName8405",4133,"2060-12-17"
8406,"albumName8406",3839,"2053-01-18"
8407,"albumName8407",1039,"2051-06-07"
8408,"albumName8408",4451,"2007-01-06"
8409,"albumName8409",4808,"2019-01-08"
8410,"albumName8410",2529,"2018-04-19"
8411,"albumName8411",4168,"2063-04-17"
8412,"albumName8412",1132,"2021-01-24"
8413,"albumName8413",3310,"1998-05-02"
8414,"albumName8414",3584,"2024-09-04"
8415,"albumName8415",71,"1994-04-14"
8416,"albumName8416",732,"2056-01-12"
8417,"albumName8417",2690,"1972-04-13"
8418,"albumName8418",692,"1976-05-08"
8419,"albumName8419",1457,"2060-03-02"
8420,"albumName8420",1295,"2013-08-20"
8421,"albumName8421",688,"2016-06-22"
8422,"albumName8422",3678,"1991-10-28"
8423,"albumName8423",2776,"2020-11-26"
8424,"albumName8424",1333,"2067-12-23"
8425,"albumName8425",2032,"2069-05-18"
8426,"albumName8426",1424,"2005-05-18"
8427,"albumName8427",7,"1971-12-22"
8428,"albumName8428",2203,"2004-08-03"
8429,"albumName8429",3987,"2051-06-24"
8430,"albumName8430",312,"1977-08-19"
8431,"albumName8431",3457,"2003-10-22"
8432,"albumName8432",3844,"2058-01-09"
8433,"albumName8433",267,"2053-11-18"
8434,"albumName8434",2408,"1999-08-27"
8435,"albumName8435",3408,"2006-10-22"
8436,"albumName8436",4276,"2001-09-28"
8437,"albumName8437",3605,"1993-03-20"
8438,"albumName8438",2810,"2012-03-01"
8439,"albumName8439",2077,"2054-07-20"
8440,"albumName8440",4602,"1981-08-23"
8441,"albumName8441",4108,"2053-03-19"
8442,"albumName8442",2627,"2055-10-20"
8443,"albumName8443",4566,"2069-10-09"
8444,"albumName8444",2804,"2054-09-21"
8445,"albumName8445",1397,"2021-04-27"
8446,"albumName8446",1408,"2023-07-01"
8447,"albumName8447",413,"2009-07-09"
8448,"albumName8448",1312,"1983-11-09"
8449,"albumName8449",1314,"1977-04-19"
8450,"albumName8450",1434,"2011-03-08"
8451,"albumName8451",3783,"2009-07-20"
8452,"albumName8452",3707,"1988-08-20"
8453,"albumName8453",1445,"2066-03-27"
8454,"albumName8454",3211,"1980-11-17"
8455,"albumName8455",3041,"1983-06-17"
8456,"albumName8456",3588,"2000-03-02"
8457,"albumName8457",209,"2057-04-16"
8458,"albumName8458",2480,"2055-12-09"
8459,"albumName8459",3381,"2056-04-13"
8460,"albumName8460",3360,"2007-03-12"
8461,"albumName8461",1381,"2019-04-13"
8462,"albumName8462",4364,"2063-06-04"
8463,"albumName8463",2645,"1976-10-19"
8464,"albumName8464",628,"1995-09-04"
8465,"albumName8465",820,"1997-02-20"
8466,"albumName8466",3567,"2051-03-20"
8467,"albumName8467",1907,"2010-10-04"
8468,"albumName8468",4784,"1998-07-18"
8469,"albumName8469",2138,"2059-07-19"
8470,"albumName8470",3536,"1977-04-25"
8471,"albumName8471",1153,"1981-11-03"
8472,"albumName8472",3771,"1995-03-18"
8473,"albumName8473",644,"1989-09-07"
8474,"albumName8474",4389,"1993-04-07"
8475,"albumName8475",2291,"2061-01-12"
8476,"albumName8476",920,"2015-01-28"
8477,"albumName8477",1446,"2057-09-27"
8478,"albumName8478",4826,"2065-02-25"
8479,"albumName8479",2575,"1992-05-22"
8480,"albumName8480",4407,"2053-01-04"
8481,"albumName8481",3532,"1978-10-21"
8482,"albumName8482",1069,"1997-08-15"
8483,"albumName8483",147,"1982-07-19"
8484,"albumName8484",287,"1990-12-01"
8485,"albumName8485",2744,"2007-11-16"
8486,"albumName8486",4720,"2053-08-21"
8487,"albumName8487",2414,"2006-07-15"
8488,"albumName8488",2645,"2066-12-04"
8489,"albumName8489",3577,"2009-05-05"
8490,"albumName8490",592,"1999-09-05"
8491,"albumName8491",3272,"1994-04-20"
8492,"albumName8492",3821,"2017-04-28"
8493,"albumName8493",622,"1980-02-06"
8494,"albumName8494",4534,"1997-04-04"
8495,"albumName8495",3037,"1978-04-06"
8496,"albumName8496",1631,"2017-05-03"
8497,"albumName8497",4206,"2064-04-03"
8498,"albumName8498",662,"2013-06-15"
8499,"albumName8499",1508,"2061-08-09"
8500,"albumName8500",4286,"1981-08-19"
8501,"albumName8501",1458,"2017-06-03"
8502,"albumName8502",727,"1971-01-03"
8503,"albumName8503",2146,"2006-07-20"
8504,"albumName8504",3411,"1972-01-03"
8505,"albumName8505",3017,"1974-05-03"
8506,"albumName8506",287,"2053-02-17"
8507,"albumName8507",660,"2017-08-25"
8508,"albumName8508",4130,"2066-09-04"
8509,"albumName8509",4447,"1998-06-23"
8510,"albumName8510",2481,"1996-03-03"
8511,"albumName8511",2001,"2065-05-22"
8512,"albumName8512",2674,"2012-07-20"
8513,"albumName8513",3781,"1995-01-04"
8514,"albumName8514",1268,"2002-07-04"
8515,"albumName8515",4378,"1981-03-25"
8516,"albumName8516",3259,"1997-06-10"
8517,"albumName8517",4335,"1977-01-13"
8518,"albumName8518",1402,"1994-03-11"
8519,"albumName8519",916,"1994-06-17"
8520,"albumName8520",1939,"1985-07-11"
8521,"albumName8521",2716,"2063-10-18"
8522,"albumName8522",4818,"2002-06-26"
8523,"albumName8523",2021,"2060-01-14"
8524,"albumName8524",3033,"2066-07-14"
8525,"albumName8525",3810,"1985-06-07"
8526,"albumName8526",623,"2054-11-01"
8527,"albumName8527",3755,"2019-05-17"
8528,"albumName8528",1787,"1973-05-18"
8529,"albumName8529",549,"2004-05-16"
8530,"albumName8530",4477,"1998-05-24"
8531,"albumName8531",3352,"2067-05-10"
8532,"albumName8532",1573,"1984-05-20"
8533,"albumName8533",3390,"2057-10-10"
8534,"albumName8534",1011,"2002-10-21"
8535,"albumName8535",4653,"2001-11-08"
8536,"albumName8536",1217,"2056-09-04"
8537,"albumName8537",1329,"1970-06-05"
8538,"albumName8538",4152,"2017-08-22"
8539,"albumName8539",1630,"2055-10-12"
8540,"albumName8540",3873,"1975-01-03"
8541,"albumName8541",3471,"1973-02-19"
8542,"albumName8542",3084,"2054-08-14"
8543,"albumName8543",4819,"2012-08-11"
8544,"albumName8544",3806,"2009-12-03"
8545,"albumName8545",1084,"2065-03-14"
8546,"albumName8546",3854,"2060-01-19"
8547,"albumName8547",1568,"2007-01-04"
8548,"albumName8548",2978,"2055-08-02"
8549,"albumName8549",1841,"1993-05-26"
8550,"albumName8550",1009,"1978-04-19"
8551,"albumName8551",2296,"1993-02-08"
8552,"albumName8552",4463,"2004-09-03"
8553,"albumName8553",3532,"2063-07-26"
8554,"albumName8554",2037,"2017-08-25"
8555,"albumName8555",1522,"2002-07-19"
8556,"albumName8556",1233,"2067-01-23"
8557,"albumName8557",1432,"2017-05-25"
8558,"albumName8558",390,"2051-10-16"
8559,"albumName8559",3465,"2005-04-05"
8560,"albumName8560",3839,"1975-11-24"
8561,"albumName8561",2258,"2051-01-15"
8562,"albumName8562",1862,"2006-02-14"
8563,"albumName8563",89,"2021-08-02"
8564,"albumName8564",3665,"2018-05-17"
8565,"albumName8565",4322,"2067-08-26"
8566,"albumName8566",493,"2017-07-05"
8567,"albumName8567",858,"2012-11-05"
8568,"albumName8568",3092,"2001-01-27"
8569,"albumName8569",3865,"2025-03-10"
8570,"albumName8570",4532,"1987-06-20"
8571,"albumName8571",3327,"2069-05-10"
8572,"albumName8572",4488,"2003-10-20"
8573,"albumName8573",1988,"2006-09-16"
8574,"albumName8574",2684,"2056-08-02"
8575,"albumName8575",3463,"2002-12-22"
8576,"albumName8576",3811,"1978-09-19"
8577,"albumName8577",2452,"2003-11-23"
8578,"albumName8578",99,"2025-06-06"
8579,"albumName8579",4401,"1981-06-21"
8580,"albumName8580",2799,"2006-01-14"
8581,"albumName8581",2646,"1970-11-20"
8582,"albumName8582",1578,"2056-11-14"
8583,"albumName8583",495,"2063-01-01"
8584,"albumName8584",4645,"2053-05-08"
8585,"albumName8585",2600,"2064-09-14"
8586,"albumName8586",1175,"2008-11-04"
8587,"albumName8587",4605,"2003-11-17"
8588,"albumName8588",4053,"2007-01-23"
8589,"albumName8589",4660,"2069-07-21"
8590,"albumName8590",3471,"2022-07-11"
8591,"albumName8591",3352,"1973-06-11"
8592,"albumName8592",4403,"2005-06-23"
8593,"albumName8593",2360,"1996-06-24"
8594,"albumName8594",2039,"2066-12-21"
8595,"albumName8595",3077,"1984-11-13"
8596,"albumName8596",3395,"2003-07-07"
8597,"albumName8597",154,"2060-11-03"
8598,"albumName8598",1633,"2057-10-20"
8599,"albumName8599",2036,"2006-04-23"
8600,"albumName8600",1171,"1997-01-08"
8601,"albumName8601",4031,"2061-07-13"
8602,"albumName8602",2068,"2020-12-13"
8603,"albumName8603",4430,"2012-08-05"
8604,"albumName8604",709,"2064-06-19"
8605,"albumName8605",2863,"2014-03-04"
8606,"albumName8606",2935,"2068-07-10"
8607,"albumName8607",1481,"2054-07-19"
8608,"albumName8608",3769,"2016-08-15"
8609,"albumName8609",4188,"2069-01-14"
8610,"albumName8610",2995,"1975-08-06"
8611,"albumName8611",168,"2069-08-15"
8612,"albumName8612",3909,"1973-05-15"
8613,"albumName8613",3965,"1980-06-21"
8614,"albumName8614",1660,"1975-12-01"
8615,"albumName8615",1204,"2065-02-02"
8616,"albumName8616",2873,"2057-02-22"
8617,"albumName8617",2320,"1988-10-14"
8618,"albumName8618",4251,"2021-11-01"
8619,"albumName8619",2270,"2021-02-01"
8620,"albumName8620",4095,"2057-05-14"
8621,"albumName8621",83,"2059-01-28"
8622,"albumName8622",3964,"1987-04-14"
8623,"albumName8623",2246,"1997-11-11"
8624,"albumName8624",4057,"2006-12-12"
8625,"albumName8625",1795,"2012-03-12"
8626,"albumName8626",1472,"1970-12-12"
8627,"albumName8627",1318,"2020-09-15"
8628,"albumName8628",4689,"1997-09-07"
8629,"albumName8629",4154,"2068-10-16"
8630,"albumName8630",4435,"1983-05-02"
8631,"albumName8631",3790,"2023-01-09"
8632,"albumName8632",706,"2021-02-02"
8633,"albumName8633",1790,"2054-09-22"
8634,"albumName8634",4134,"1978-11-25"
8635,"albumName8635",140,"2016-03-14"
8636,"albumName8636",4696,"1974-07-28"
8637,"albumName8637",2274,"2067-08-02"
8638,"albumName8638",2415,"2069-08-28"
8639,"albumName8639",1886,"2058-09-21"
8640,"albumName8640",1302,"1974-07-04"
8641,"albumName8641",4218,"1982-05-23"
8642,"albumName8642",2655,"2065-09-05"
8643,"albumName8643",84,"1992-07-05"
8644,"albumName8644",204,"2055-06-20"
8645,"albumName8645",3898,"2052-10-17"
8646,"albumName8646",1416,"1991-01-14"
8647,"albumName8647",4095,"2008-08-09"
8648,"albumName8648",4331,"1986-02-16"
8649,"albumName8649",4449,"1982-08-27"
8650,"albumName8650",3089,"2000-12-12"
8651,"albumName8651",3672,"2002-03-17"
8652,"albumName8652",3533,"2068-01-21"
8653,"albumName8653",4865,"1982-07-12"
8654,"albumName8654",1589,"2060-10-16"
8655,"albumName8655",1717,"2001-02-21"
8656,"albumName8656",124,"1998-03-06"
8657,"albumName8657",289,"1982-08-10"
8658,"albumName8658",4494,"2010-02-19"
8659,"albumName8659",2385,"2011-05-25"
8660,"albumName8660",4590,"2054-04-10"
8661,"albumName8661",2231,"2004-11-22"
8662,"albumName8662",136,"2023-07-22"
8663,"albumName8663",2104,"2014-02-12"
8664,"albumName8664",1707,"2053-06-03"
8665,"albumName8665",2803,"2002-07-04"
8666,"albumName8666",3611,"1976-06-21"
8667,"albumName8667",4251,"2062-01-09"
8668,"albumName8668",4369,"1990-04-04"
8669,"albumName8669",3919,"2068-10-10"
8670,"albumName8670",145,"1985-07-02"
8671,"albumName8671",2993,"2002-01-22"
8672,"albumName8672",3144,"2014-05-21"
8673,"albumName8673",1551,"2059-10-06"
8674,"albumName8674",4669,"2069-10-27"
8675,"albumName8675",1268,"1980-08-13"
8676,"albumName8676",343,"1974-07-27"
8677,"albumName8677",1407,"1980-02-11"
8678,"albumName8678",2307,"1973-04-06"
8679,"albumName8679",3818,"2005-01-11"
8680,"albumName8680",2504,"1990-03-28"
8681,"albumName8681",1022,"2015-11-18"
8682,"albumName8682",1898,"1988-03-26"
8683,"albumName8683",1378,"2061-11-09"
8684,"albumName8684",1504,"1974-06-03"
8685,"albumName8685",2918,"2007-02-21"
8686,"albumName8686",4035,"2061-11-05"
8687,"albumName8687",3750,"2014-07-01"
8688,"albumName8688",3813,"2069-01-07"
8689,"albumName8689",343,"1973-03-26"
8690,"albumName8690",4414,"2054-02-11"
8691,"albumName8691",860,"2006-09-04"
8692,"albumName8692",4186,"1987-12-02"
8693,"albumName8693",843,"2025-09-05"
8694,"albumName8694",2226,"1986-12-23"
8695,"albumName8695",2671,"1994-02-20"
8696,"albumName8696",3572,"2058-04-12"
8697,"albumName8697",2346,"2001-05-17"
8698,"albumName8698",3651,"1995-05-19"
8699,"albumName8699",1018,"2005-11-25"
8700,"albumName8700",4092,"2003-04-11"
8701,"albumName8701",360,"2066-04-24"
8702,"albumName8702",349,"2054-05-10"
8703,"albumName8703",4085,"1987-09-18"
8704,"albumName8704",3171,"2051-01-08"
8705,"albumName8705",4738,"2020-01-10"
8706,"albumName8706",1227,"2017-07-22"
8707,"albumName8707",4221,"2008-12-09"
8708,"albumName8708",3132,"2009-12-12"
8709,"albumName8709",4266,"1976-10-23"
8710,"albumName8710",3215,"1974-06-16"
8711,"albumName8711",923,"2025-04-12"
8712,"albumName8712",4659,"1997-09-25"
8713,"albumName8713",2408,"2055-06-04"
8714,"albumName8714",1366,"2009-10-22"
8715,"albumName8715",285,"1983-02-06"
8716,"albumName8716",2106,"1971-07-25"
8717,"albumName8717",4527,"2068-01-11"
8718,"albumName8718",4867,"2055-12-11"
8719,"albumName8719",2188,"1988-04-28"
8720,"albumName8720",3815,"2056-09-22"
8721,"albumName8721",2952,"2022-06-17"
8722,"albumName8722",2484,"2063-02-23"
8723,"albumName8723",1249,"2055-03-17"
8724,"albumName8724",2829,"2023-03-26"
8725,"albumName8725",4129,"1997-09-15"
8726,"albumName8726",4617,"2012-07-27"
8727,"albumName8727",4749,"2009-02-21"
8728,"albumName8728",1765,"2009-07-24"
8729,"albumName8729",2637,"1970-02-13"
8730,"albumName8730",1460,"1970-08-06"
8731,"albumName8731",2117,"1981-09-09"
8732,"albumName8732",4342,"2060-10-16"
8733,"albumName8733",2717,"1993-09-19"
8734,"albumName8734",3924,"1989-07-16"
8735,"albumName8735",598,"2005-03-23"
8736,"albumName8736",3375,"2005-02-15"
8737,"albumName8737",2809,"2000-02-26"
8738,"albumName8738",965,"2022-05-02"
8739,"albumName8739",2879,"2020-05-14"
8740,"albumName8740",637,"1974-08-18"
8741,"albumName8741",1645,"1984-05-19"
8742,"albumName8742",348,"1977-04-02"
8743,"albumName8743",2840,"1978-01-18"
8744,"albumName8744",1129,"1994-12-18"
8745,"albumName8745",1855,"2022-06-01"
8746,"albumName8746",1457,"1970-04-20"
8747,"albumName8747",2019,"1971-11-16"
8748,"albumName8748",4448,"2065-01-23"
8749,"albumName8749",1718,"1992-07-12"
8750,"albumName8750",4882,"2056-11-16"
8751,"albumName8751",4675,"2017-08-05"
8752,"albumName8752",768,"2062-09-13"
8753,"albumName8753",3862,"2009-02-13"
8754,"albumName8754",3895,"2061-04-10"
8755,"albumName8755",4504,"2024-08-07"
8756,"albumName8756",1535,"1975-12-03"
8757,"albumName8757",2630,"1974-02-16"
8758,"albumName8758",1626,"1972-09-26"
8759,"albumName8759",3723,"1979-10-25"
8760,"albumName8760",2231,"1994-07-11"
8761,"albumName8761",1053,"2003-11-04"
8762,"albumName8762",3447,"2015-09-07"
8763,"albumName8763",4266,"1998-11-14"
8764,"albumName8764",349,"2060-10-26"
8765,"albumName8765",3017,"1999-10-01"
8766,"albumName8766",4266,"1993-06-13"
8767,"albumName8767",96,"2051-06-13"
8768,"albumName8768",297,"1975-06-14"
8769,"albumName8769",3806,"2059-12-04"
8770,"albumName8770",2131,"2057-02-23"
8771,"albumName8771",2474,"2060-05-07"
8772,"albumName8772",4097,"1983-10-13"
8773,"albumName8773",2386,"2018-01-21"
8774,"albumName8774",2253,"1993-12-02"
8775,"albumName8775",11,"2000-09-03"
8776,"albumName8776",257,"1984-03-16"
8777,"albumName8777",3174,"1982-01-04"
8778,"albumName8778",1297,"1981-10-04"
8779,"albumName8779",657,"2001-07-18"
8780,"albumName8780",3828,"2018-12-13"
8781,"albumName8781",2518,"1981-10-04"
8782,"albumName8782",3387,"1972-10-21"
8783,"albumName8783",3084,"2058-06-23"
8784,"albumName8784",4674,"1982-07-21"
8785,"albumName8785",2736,"2014-02-09"
8786,"albumName8786",240,"2063-08-07"
8787,"albumName8787",4158,"2012-01-16"
8788,"albumName8788",4121,"2008-03-17"
8789,"albumName8789",2186,"2014-04-21"
8790,"albumName8790",3592,"2011-03-05"
8791,"albumName8791",1249,"2060-02-22"
8792,"albumName8792",992,"1982-10-07"
8793,"albumName8793",2279,"2068-12-20"
8794,"albumName8794",1511,"1975-11-01"
8795,"albumName8795",4680,"1984-03-09"
8796,"albumName8796",1603,"2008-06-18"
8797,"albumName8797",281,"2018-08-11"
8798,"albumName8798",2473,"2024-03-15"
8799,"albumName8799",3818,"2011-07-23"
8800,"albumName8800",4231,"1978-11-26"
8801,"albumName8801",76,"2066-03-22"
8802,"albumName8802",3677,"1982-07-07"
8803,"albumName8803",2083,"1980-02-09"
8804,"albumName8804",3813,"1992-02-15"
8805,"albumName8805",1638,"1970-11-12"
8806,"albumName8806",1616,"2005-05-28"
8807,"albumName8807",2692,"1976-05-19"
8808,"albumName8808",350,"2009-09-27"
8809,"albumName8809",3556,"2066-12-12"
8810,"albumName8810",1817,"1997-11-04"
8811,"albumName8811",2098,"2025-03-14"
8812,"albumName8812",384,"2013-04-01"
8813,"albumName8813",4057,"2025-04-09"
8814,"albumName8814",3390,"1999-03-07"
8815,"albumName8815",509,"2004-11-14"
8816,"albumName8816",2972,"2001-07-06"
8817,"albumName8817",2397,"2056-09-08"
8818,"albumName8818",4473,"1977-02-23"
8819,"albumName8819",3701,"2007-01-20"
8820,"albumName8820",773,"1985-02-07"
8821,"albumName8821",837,"1973-07-22"
8822,"albumName8822",2687,"1996-10-24"
8823,"albumName8823",325,"2059-01-27"
8824,"albumName8824",1557,"2059-10-03"
8825,"albumName8825",4429,"1985-07-26"
8826,"albumName8826",192,"2006-07-20"
8827,"albumName8827",285,"1972-01-13"
8828,"albumName8828",2685,"2015-09-19"
8829,"albumName8829",1826,"2022-09-23"
8830,"albumName8830",3750,"1980-07-05"
8831,"albumName8831",254,"1980-11-22"
8832,"albumName8832",486,"1995-02-27"
8833,"albumName8833",1656,"1999-11-26"
8834,"albumName8834",1231,"1989-08-27"
8835,"albumName8835",38,"1971-11-14"
8836,"albumName8836",4826,"2060-06-20"
8837,"albumName8837",275,"1992-01-06"
8838,"albumName8838",3967,"2017-05-08"
8839,"albumName8839",4158,"2013-06-19"
8840,"albumName8840",3282,"2057-02-13"
8841,"albumName8841",4727,"1974-01-13"
8842,"albumName8842",2520,"1978-03-11"
8843,"albumName8843",2758,"2056-02-19"
8844,"albumName8844",4820,"2007-01-09"
8845,"albumName8845",3270,"2006-06-11"
8846,"albumName8846",4633,"2017-07-21"
8847,"albumName8847",1458,"2058-05-06"
8848,"albumName8848",3027,"2020-09-07"
8849,"albumName8849",2632,"2022-10-20"
8850,"albumName8850",4753,"1994-07-05"
8851,"albumName8851",1854,"1971-08-19"
8852,"albumName8852",1904,"2053-12-06"
8853,"albumName8853",3225,"2068-10-25"
8854,"albumName8854",186,"2002-04-18"
8855,"albumName8855",4688,"1989-08-11"
8856,"albumName8856",167,"2060-03-08"
8857,"albumName8857",1013,"2059-01-26"
8858,"albumName8858",359,"1975-08-25"
8859,"albumName8859",2269,"2054-03-20"
8860,"albumName8860",1173,"1991-09-23"
8861,"albumName8861",2283,"2054-09-24"
8862,"albumName8862",3964,"1996-12-09"
8863,"albumName8863",547,"2063-10-18"
8864,"albumName8864",3353,"2067-04-17"
8865,"albumName8865",950,"2007-07-28"
8866,"albumName8866",658,"1978-08-07"
8867,"albumName8867",2276,"2007-06-14"
8868,"albumName8868",3100,"2056-06-04"
8869,"albumName8869",1944,"2069-02-17"
8870,"albumName8870",403,"1977-12-19"
8871,"albumName8871",2052,"2054-09-22"
8872,"albumName8872",3426,"1995-05-10"
8873,"albumName8873",2648,"2010-12-14"
8874,"albumName8874",3300,"1993-06-08"
8875,"albumName8875",768,"2023-05-06"
8876,"albumName8876",3512,"2025-09-15"
8877,"albumName8877",2261,"2014-07-25"
8878,"albumName8878",3986,"2052-02-28"
8879,"albumName8879",1378,"1977-02-25"
8880,"albumName8880",3751,"2007-04-22"
8881,"albumName8881",1631,"2018-12-27"
8882,"albumName8882",4051,"2055-03-04"
8883,"albumName8883",922,"2063-04-22"
8884,"albumName8884",3493,"2005-02-23"
8885,"albumName8885",629,"1999-09-24"
8886,"albumName8886",2670,"1988-04-05"
8887,"albumName8887",3132,"2023-10-26"
8888,"albumName8888",2313,"1988-08-15"
8889,"albumName8889",1676,"2056-04-03"
8890,"albumName8890",3461,"1993-04-21"
8891,"albumName8891",4395,"2002-04-06"
8892,"albumName8892",240,"2009-07-13"
8893,"albumName8893",3761,"1975-01-19"
8894,"albumName8894",3016,"1972-02-03"
8895,"albumName8895",313,"2003-06-18"
8896,"albumName8896",1650,"2009-08-15"
8897,"albumName8897",3727,"2060-05-28"
8898,"albumName8898",4806,"2014-11-09"
8899,"albumName8899",4401,"1989-11-05"
8900,"albumName8900",624,"1983-05-24"
8901,"albumName8901",3675,"2065-05-22"
8902,"albumName8902",2568,"2055-05-04"
8903,"albumName8903",160,"2067-04-15"
8904,"albumName8904",1716,"1979-11-17"
8905,"albumName8905",4820,"2061-12-20"
8906,"albumName8906",4457,"2052-03-14"
8907,"albumName8907",1174,"2051-04-11"
8908,"albumName8908",3461,"2012-05-10"
8909,"albumName8909",3274,"2010-11-04"
8910,"albumName8910",3504,"2006-05-13"
8911,"albumName8911",4902,"2022-08-16"
8912,"albumName8912",901,"2001-01-19"
8913,"albumName8913",4675,"1976-06-16"
8914,"albumName8914",611,"1983-02-16"
8915,"albumName8915",53,"2006-11-19"
8916,"albumName8916",3460,"2001-03-04"
8917,"albumName8917",581,"2062-11-28"
8918,"albumName8918",1629,"2021-09-17"
8919,"albumName8919",2681,"2057-05-06"
8920,"albumName8920",1358,"1980-01-19"
8921,"albumName8921",2248,"2063-10-17"
8922,"albumName8922",1496,"1992-02-09"
8923,"albumName8923",460,"1987-01-08"
8924,"albumName8924",820,"1973-05-11"
8925,"albumName8925",2770,"2060-07-06"
8926,"albumName8926",2371,"2012-08-17"
8927,"albumName8927",334,"1984-09-08"
8928,"albumName8928",424,"1973-04-12"
8929,"albumName8929",1184,"2012-06-20"
8930,"albumName8930",3344,"1993-09-23"
8931,"albumName8931",3779,"2009-01-19"
8932,"albumName8932",3531,"2060-11-15"
8933,"albumName8933",767,"1970-11-01"
8934,"albumName8934",1046,"2000-11-25"
8935,"albumName8935",161,"1972-07-04"
8936,"albumName8936",316,"2056-01-11"
8937,"albumName8937",3646,"1978-01-26"
8938,"albumName8938",4108,"2012-12-10"
8939,"albumName8939",3862,"1998-08-25"
8940,"albumName8940",3810,"2061-07-25"
8941,"albumName8941",4894,"1994-10-05"
8942,"albumName8942",3809,"2058-12-16"
8943,"albumName8943",3567,"1972-05-23"
8944,"albumName8944",3068,"2054-10-26"
8945,"albumName8945",124,"1975-01-21"
8946,"albumName8946",4406,"1977-11-14"
8947,"albumName8947",3154,"1996-01-19"
8948,"albumName8948",796,"2022-03-26"
8949,"albumName8949",4807,"2068-08-09"
8950,"albumName8950",513,"1983-07-27"
8951,"albumName8951",1563,"1992-01-04"
8952,"albumName8952",4306,"2012-09-27"
8953,"albumName8953",4387,"1987-02-22"
8954,"albumName8954",3616,"2025-09-20"
8955,"albumName8955",2562,"2013-05-28"
8956,"albumName8956",31,"2056-03-23"
8957,"albumName8957",1861,"2061-04-10"
8958,"albumName8958",612,"2021-01-20"
8959,"albumName8959",3596,"1983-05-13"
8960,"albumName8960",2970,"1998-09-06"
8961,"albumName8961",4345,"2056-11-02"
8962,"albumName8962",1365,"1984-06-06"
8963,"albumName8963",3473,"1983-02-21"
8964,"albumName8964",1281,"2006-01-09"
8965,"albumName8965",1140,"1992-12-14"
8966,"albumName8966",251,"2057-06-09"
8967,"albumName8967",733,"2000-02-12"
8968,"albumName8968",4090,"2006-11-05"
8969,"albumName8969",3969,"1974-04-21"
8970,"albumName8970",2447,"1978-04-20"
8971,"albumName8971",3800,"2007-01-17"
8972,"albumName8972",2949,"2008-02-20"
8973,"albumName8973",1387,"2006-11-21"
8974,"albumName8974",562,"2025-11-04"
8975,"albumName8975",72,"2060-03-28"
8976,"albumName8976",1344,"2013-05-01"
8977,"albumName8977",2120,"2015-08-23"
8978,"albumName8978",4395,"1988-08-27"
8979,"albumName8979",3904,"2020-05-16"
8980,"albumName8980",1062,"1979-12-23"
8981,"albumName8981",3131,"1985-10-20"
8982,"albumName8982",1983,"1997-05-11"
8983,"albumName8983",2068,"2013-04-24"
8984,"albumName8984",3629,"1973-03-22"
8985,"albumName8985",1045,"1972-06-08"
8986,"albumName8986",3133,"1977-10-02"
8987,"albumName8987",2672,"2058-10-17"
8988,"albumName8988",887,"2017-04-10"
8989,"albumName8989",2065,"2016-05-23"
8990,"albumName8990",4485,"1980-07-15"
8991,"albumName8991",2017,"2006-02-03"
8992,"albumName8992",1296,"1973-01-13"
8993,"albumName8993",444,"2020-04-08"
8994,"albumName8994",3022,"1972-08-17"
8995,"albumName8995",1338,"1982-03-10"
8996,"albumName8996",4669,"1997-10-21"
8997,"albumName8997",4693,"1995-06-17"
8998,"albumName8998",506,"2068-08-05"
8999,"albumName8999",3588,"2060-05-12"
9000,"albumName9000",2757,"1971-02-20"
9001,"albumName9001",3540,"1997-08-27"
9002,"albumName9002",1046,"1996-09-04"
9003,"albumName9003",1985,"1977-09-21"
9004,"albumName9004",2143,"1976-03-02"
9005,"albumName9005",3004,"2067-03-19"
9006,"albumName9006",3965,"1973-01-18"
9007,"albumName9007",2307,"1994-06-23"
9008,"albumName9008",1975,"2054-02-11"
9009,"albumName9009",1292,"2064-10-11"
9010,"albumName9010",81,"2063-10-16"
9011,"albumName9011",3703,"1970-10-05"
9012,"albumName9012",3860,"2007-12-07"
9013,"albumName9013",3152,"2065-08-01"
9014,"albumName9014",3961,"2065-04-25"
9015,"albumName9015",1197,"2053-08-01"
9016,"albumName9016",2551,"2018-12-21"
9017,"albumName9017",4818,"2008-09-26"
9018,"albumName9018",3182,"2062-11-06"
9019,"albumName9019",3270,"1991-07-05"
9020,"albumName9020",3757,"2017-12-04"
9021,"albumName9021",2995,"1998-03-19"
9022,"albumName9022",2358,"2062-09-20"
9023,"albumName9023",2818,"2017-04-02"
9024,"albumName9024",4021,"2051-12-06"
9025,"albumName9025",2296,"1990-08-11"
9026,"albumName9026",3369,"2069-11-14"
9027,"albumName9027",1567,"2058-04-21"
9028,"albumName9028",2952,"2021-11-08"
9029,"albumName9029",4533,"1996-12-25"
9030,"albumName9030",1233,"2004-06-14"
9031,"albumName9031",4801,"2002-07-15"
9032,"albumName9032",1255,"1999-07-01"
9033,"albumName9033",4706,"1988-01-10"
9034,"albumName9034",1008,"1990-05-10"
9035,"albumName9035",428,"2016-11-13"
9036,"albumName9036",540,"1974-10-04"
9037,"albumName9037",3734,"2061-05-09"
9038,"albumName9038",1109,"2020-02-28"
9039,"albumName9039",3661,"2052-05-22"
9040,"albumName9040",1222,"2058-10-20"
9041,"albumName9041",3913,"1973-10-04"
9042,"albumName9042",2194,"1993-12-02"
9043,"albumName9043",4115,"2001-04-15"
9044,"albumName9044",1418,"2012-10-05"
9045,"albumName9045",1119,"1986-09-06"
9046,"albumName9046",2582,"1984-07-27"
9047,"albumName9047",122,"2015-05-26"
9048,"albumName9048",2033,"2021-12-23"
9049,"albumName9049",4115,"2058-10-03"
9050,"albumName9050",490,"1988-09-10"
9051,"albumName9051",2947,"2024-02-11"
9052,"albumName9052",806,"1987-06-17"
9053,"albumName9053",4522,"1995-03-10"
9054,"albumName9054",4285,"2054-06-17"
9055,"albumName9055",3055,"2052-10-12"
9056,"albumName9056",3783,"2069-12-07"
9057,"albumName9057",2827,"1992-11-26"
9058,"albumName9058",1601,"2060-07-07"
9059,"albumName9059",3903,"2067-09-26"
9060,"albumName9060",4312,"2067-08-18"
9061,"albumName9061",4861,"1973-12-13"
9062,"albumName9062",1182,"2008-11-27"
9063,"albumName9063",2549,"2067-05-01"
9064,"albumName9064",3128,"2052-07-21"
9065,"albumName9065",3783,"2005-02-17"
9066,"albumName9066",2043,"2062-12-28"
9067,"albumName9067",522,"2024-05-06"
9068,"albumName9068",3151,"2004-10-09"
9069,"albumName9069",3213,"1988-12-20"
9070,"albumName9070",1892,"1984-08-21"
9071,"albumName9071",3300,"2010-03-20"
9072,"albumName9072",4231,"2062-04-19"
9073,"albumName9073",602,"1974-03-28"
9074,"albumName9074",3782,"2007-11-12"
9075,"albumName9075",3340,"2007-05-17"
9076,"albumName9076",2611,"2066-06-28"
9077,"albumName9077",4666,"1970-12-26"
9078,"albumName9078",4501,"2068-09-01"
9079,"albumName9079",3927,"2061-01-04"
9080,"albumName9080",914,"2018-06-23"
9081,"albumName9081",2707,"2014-07-18"
9082,"albumName9082",547,"2067-12-01"
9083,"albumName9083",1937,"2023-07-21"
9084,"albumName9084",511,"1976-06-14"
9085,"albumName9085",4428,"1987-10-12"
9086,"albumName9086",1300,"1976-04-20"
9087,"albumName9087",3855,"2058-09-17"
9088,"albumName9088",2372,"1996-08-11"
9089,"albumName9089",2735,"1984-03-16"
9090,"albumName9090",2511,"2001-11-28"
9091,"albumName9091",620,"1971-12-10"
9092,"albumName9092",4519,"2056-01-11"
9093,"albumName9093",2718,"2017-03-13"
9094,"albumName9094",4444,"1988-05-20"
9095,"albumName9095",1888,"2067-03-03"
9096,"albumName9096",15,"2018-02-11"
9097,"albumName9097",2391,"2008-09-09"
9098,"albumName9098",2129,"2058-12-12"
9099,"albumName9099",2102,"2001-11-06"
9100,"albumName9100",821,"2008-02-15"
9101,"albumName9101",2421,"2066-07-20"
9102,"albumName9102",2946,"2002-05-02"
9103,"albumName9103",4685,"2005-11-21"
9104,"albumName9104",1634,"1980-07-03"
9105,"albumName9105",4479,"1990-07-23"
9106,"albumName9106",4445,"2054-07-23"
9107,"albumName9107",4838,"2069-07-03"
9108,"albumName9108",236,"2068-01-16"
9109,"albumName9109",2666,"2051-09-07"
9110,"albumName9110",3525,"2021-12-26"
9111,"albumName9111",2638,"2025-08-03"
9112,"albumName9112",3082,"2025-02-16"
9113,"albumName9113",1487,"1982-01-01"
9114,"albumName9114",3179,"2057-06-12"
9115,"albumName9115",106,"2066-05-26"
9116,"albumName9116",4848,"1979-11-26"
9117,"albumName9117",3817,"1985-07-10"
9118,"albumName9118",1334,"2065-10-14"
9119,"albumName9119",4888,"2052-04-18"
9120,"albumName9120",1353,"1977-07-23"
9121,"albumName9121",2572,"2068-08-08"
9122,"albumName9122",1057,"2060-08-25"
9123,"albumName9123",3836,"2065-07-06"
9124,"albumName9124",3710,"2023-12-26"
9125,"albumName9125",1323,"1975-09-24"
9126,"albumName9126",4201,"2013-09-28"
9127,"albumName9127",2270,"2012-02-08"
9128,"albumName9128",4813,"1997-06-16"
9129,"albumName9129",2043,"2019-03-11"
9130,"albumName9130",1466,"1977-04-08"
9131,"albumName9131",4904,"1971-10-27"
9132,"albumName9132",732,"2016-05-10"
9133,"albumName9133",3689,"2064-05-23"
9134,"albumName9134",2304,"2003-08-03"
9135,"albumName9135",4523,"2014-03-23"
9136,"albumName9136",3650,"2059-07-07"
9137,"albumName9137",1248,"1985-02-24"
9138,"albumName9138",1326,"2000-07-16"
9139,"albumName9139",2034,"1970-12-02"
9140,"albumName9140",4342,"1995-10-05"
9141,"albumName9141",1925,"2007-05-27"
9142,"albumName9142",3620,"1982-03-10"
9143,"albumName9143",2514,"2007-05-14"
9144,"albumName9144",1111,"2060-05-12"
9145,"albumName9145",578,"2064-09-25"
9146,"albumName9146",1744,"2065-09-03"
9147,"albumName9147",4212,"1990-02-07"
9148,"albumName9148",77,"1996-08-28"
9149,"albumName9149",2478,"1995-09-25"
9150,"albumName9150",4195,"2054-09-14"
9151,"albumName9151",3162,"1975-11-11"
9152,"albumName9152",2721,"1981-07-12"
9153,"albumName9153",319,"2063-06-12"
9154,"albumName9154",4639,"1979-09-22"
9155,"albumName9155",1640,"2006-03-11"
9156,"albumName9156",3786,"2067-07-06"
9157,"albumName9157",3572,"2003-06-19"
9158,"albumName9158",269,"1992-09-26"
9159,"albumName9159",2760,"2025-08-16"
9160,"albumName9160",614,"2004-11-27"
9161,"albumName9161",4117,"2005-12-01"
9162,"albumName9162",3133,"2005-07-08"
9163,"albumName9163",692,"2017-02-26"
9164,"albumName9164",4132,"1985-05-04"
9165,"albumName9165",3680,"2000-07-19"
9166,"albumName9166",3771,"2064-03-16"
9167,"albumName9167",1226,"2001-06-03"
9168,"albumName9168",3832,"1976-12-28"
9169,"albumName9169",3023,"2009-01-14"
9170,"albumName9170",396,"2025-06-04"
9171,"albumName9171",712,"2062-10-05"
9172,"albumName9172",772,"2054-04-22"
9173,"albumName9173",4861,"2012-12-07"
9174,"albumName9174",1685,"2058-03-09"
9175,"albumName9175",3541,"1992-12-14"
9176,"albumName9176",2153,"2067-04-06"
9177,"albumName9177",1041,"2051-05-27"
9178,"albumName9178",1987,"1970-01-14"
9179,"albumName9179",4540,"2006-10-02"
9180,"albumName9180",10,"2006-12-10"
9181,"albumName9181",2712,"1970-06-18"
9182,"albumName9182",4272,"2011-07-19"
9183,"albumName9183",824,"1982-08-10"
9184,"albumName9184",563,"1983-09-05"
9185,"albumName9185",2917,"2069-06-01"
9186,"albumName9186",1441,"1982-02-23"
9187,"albumName9187",3107,"1996-07-08"
9188,"albumName9188",3757,"2013-10-24"
9189,"albumName9189",3995,"2056-07-17"
9190,"albumName9190",2099,"2007-01-10"
9191,"albumName9191",1999,"2013-02-24"
9192,"albumName9192",1380,"1984-05-28"
9193,"albumName9193",1614,"1982-01-15"
9194,"albumName9194",4204,"1973-12-05"
9195,"albumName9195",43,"1997-01-27"
9196,"albumName9196",3430,"2020-03-09"
9197,"albumName9197",335,"2003-09-08"
9198,"albumName9198",4728,"2009-04-28"
9199,"albumName9199",2515,"2054-02-07"
9200,"albumName9200",2709,"2025-10-26"
9201,"albumName9201",271,"2068-02-14"
9202,"albumName9202",3802,"2015-07-27"
9203,"albumName9203",628,"1996-12-03"
9204,"albumName9204",2841,"2012-03-02"
9205,"albumName9205",2685,"1994-06-01"
9206,"albumName9206",3426,"1991-06-08"
9207,"albumName9207",1213,"1971-03-11"
9208,"albumName9208",1922,"1983-07-21"
9209,"albumName9209",2923,"2023-06-21"
9210,"albumName9210",681,"2015-05-01"
9211,"albumName9211",1057,"2008-06-07"
9212,"albumName9212",291,"2057-06-04"
9213,"albumName9213",2583,"1995-03-22"
9214,"albumName9214",2364,"1982-12-09"
9215,"albumName9215",471,"2022-08-19"
9216,"albumName9216",3785,"1998-06-13"
9217,"albumName9217",139,"1973-09-12"
9218,"albumName9218",1502,"1999-06-11"
9219,"albumName9219",1627,"2067-04-11"
9220,"albumName9220",453,"2054-03-19"
9221,"albumName9221",3478,"2006-06-14"
9222,"albumName9222",3352,"2064-01-11"
9223,"albumName9223",3042,"1999-09-06"
9224,"albumName9224",2427,"2025-11-07"
9225,"albumName9225",3985,"2024-08-12"
9226,"albumName9226",449,"2064-08-13"
9227,"albumName9227",807,"2010-05-08"
9228,"albumName9228",3903,"2051-05-18"
9229,"albumName9229",1443,"2060-09-09"
9230,"albumName9230",2755,"1971-01-26"
9231,"albumName9231",3489,"2003-08-07"
9232,"albumName9232",146,"1998-03-21"
9233,"albumName9233",3066,"1981-04-27"
9234,"albumName9234",4825,"2061-02-04"
9235,"albumName9235",3477,"2001-06-01"
9236,"albumName9236",2086,"2057-06-24"
9237,"albumName9237",2006,"2013-12-23"
9238,"albumName9238",855,"2024-08-04"
9239,"albumName9239",4006,"2023-12-24"
9240,"albumName9240",4301,"2051-09-07"
9241,"albumName9241",4606,"1990-02-11"
9242,"albumName9242",641,"1999-09-20"
9243,"albumName9243",4638,"1998-02-12"
9244,"albumName9244",2659,"1998-01-10"
9245,"albumName9245",4484,"1995-11-14"
9246,"albumName9246",132,"1988-04-13"
9247,"albumName9247",275,"1971-08-28"
9248,"albumName9248",1389,"2051-11-02"
9249,"albumName9249",4289,"1996-07-13"
9250,"albumName9250",303,"1988-08-08"
9251,"albumName9251",2124,"1980-04-01"
9252,"albumName9252",3725,"2004-05-07"
9253,"albumName9253",1310,"1997-04-11"
9254,"albumName9254",4262,"2059-11-24"
9255,"albumName9255",380,"1987-03-24"
9256,"albumName9256",3726,"1981-08-24"
9257,"albumName9257",3975,"1993-03-11"
9258,"albumName9258",2360,"1975-04-26"
9259,"albumName9259",1458,"2013-04-23"
9260,"albumName9260",1073,"1988-05-25"
9261,"albumName9261",2297,"1999-02-20"
9262,"albumName9262",4194,"2013-06-13"
9263,"albumName9263",4270,"1976-04-15"
9264,"albumName9264",1452,"2003-10-22"
9265,"albumName9265",4282,"2055-04-21"
9266,"albumName9266",15,"2068-08-18"
9267,"albumName9267",1244,"1984-10-11"
9268,"albumName9268",3427,"1990-01-09"
9269,"albumName9269",1931,"1985-12-02"
9270,"albumName9270",3605,"2000-12-05"
9271,"albumName9271",1016,"1974-09-04"
9272,"albumName9272",2146,"1977-11-01"
9273,"albumName9273",2405,"2009-03-23"
9274,"albumName9274",868,"1984-03-26"
9275,"albumName9275",4435,"2000-04-13"
9276,"albumName9276",3531,"2011-01-22"
9277,"albumName9277",18,"2005-03-02"
9278,"albumName9278",4081,"1995-11-25"
9279,"albumName9279",2586,"2008-10-13"
9280,"albumName9280",2323,"1989-12-15"
9281,"albumName9281",3895,"1991-08-13"
9282,"albumName9282",4337,"1977-12-25"
9283,"albumName9283",2741,"2002-11-13"
9284,"albumName9284",2159,"1970-10-13"
9285,"albumName9285",3530,"2025-08-07"
9286,"albumName9286",2807,"2066-09-26"
9287,"albumName9287",1825,"1997-09-06"
9288,"albumName9288",2804,"2066-10-11"
9289,"albumName9289",3966,"1979-10-16"
9290,"albumName9290",1292,"1990-06-14"
9291,"albumName9291",476,"2016-10-22"
9292,"albumName9292",1347,"2006-02-14"
9293,"albumName9293",3965,"1995-05-15"
9294,"albumName9294",1717,"2015-05-11"
9295,"albumName9295",3346,"2059-10-17"
9296,"albumName9296",4332,"2021-05-21"
9297,"albumName9297",221,"1983-08-05"
9298,"albumName9298",3102,"1980-10-22"
9299,"albumName9299",2447,"1990-09-23"
9300,"albumName9300",1673,"2015-11-25"
9301,"albumName9301",31,"2058-03-14"
9302,"albumName9302",3365,"2054-11-24"
9303,"albumName9303",4781,"1981-02-28"
9304,"albumName9304",103,"1995-10-20"
9305,"albumName9305",637,"2060-03-21"
9306,"albumName9306",4704,"1975-06-02"
9307,"albumName9307",3238,"2001-04-20"
9308,"albumName9308",4307,"1990-02-26"
9309,"albumName9309",4408,"2002-02-08"
9310,"albumName9310",768,"2017-11-09"
9311,"albumName9311",1983,"1980-05-06"
9312,"albumName9312",3035,"2068-01-23"
9313,"albumName9313",4663,"2020-03-27"
9314,"albumName9314",1747,"2069-07-04"
9315,"albumName9315",967,"2011-04-21"
9316,"albumName9316",4096,"2005-06-23"
9317,"albumName9317",133,"1978-10-28"
9318,"albumName9318",2130,"1989-07-17"
9319,"albumName9319",4311,"2017-08-20"
9320,"albumName9320",929,"1987-03-23"
9321,"albumName9321",1920,"2066-12-03"
9322,"albumName9322",4002,"2012-01-28"
9323,"albumName9323",2918,"1998-11-16"
9324,"albumName9324",998,"1984-12-26"
9325,"albumName9325",4119,"2024-05-18"
9326,"albumName9326",241,"2058-12-17"
9327,"albumName9327",2112,"2005-02-20"
9328,"albumName9328",1239,"1988-02-11"
9329,"albumName9329",4704,"2058-11-25"
9330,"albumName9330",481,"2062-11-26"
9331,"albumName9331",3608,"2063-09-25"
9332,"albumName9332",329,"2065-02-16"
9333,"albumName9333",4678,"2067-10-05"
9334,"albumName9334",4872,"2022-03-23"
9335,"albumName9335",503,"1995-09-22"
9336,"albumName9336",39,"1979-08-24"
9337,"albumName9337",3134,"2062-10-08"
9338,"albumName9338",4526,"1982-11-11"
9339,"albumName9339",3725,"2009-11-27"
9340,"albumName9340",1059,"2069-01-15"
9341,"albumName9341",4314,"2058-05-25"
9342,"albumName9342",2149,"1986-08-07"
9343,"albumName9343",4203,"1991-04-26"
9344,"albumName9344",459,"1992-09-17"
9345,"albumName9345",2221,"2063-02-05"
9346,"albumName9346",840,"2000-09-18"
9347,"albumName9347",2159,"2013-10-07"
9348,"albumName9348",4585,"2023-01-12"
9349,"albumName9349",696,"1978-04-03"
9350,"albumName9350",3190,"1971-01-11"
9351,"albumName9351",1973,"2062-04-02"
9352,"albumName9352",4417,"1991-04-04"
9353,"albumName9353",558,"1974-07-10"
9354,"albumName9354",646,"2011-08-21"
9355,"albumName9355",3060,"2053-01-17"
9356,"albumName9356",2272,"2060-11-06"
9357,"albumName9357",3730,"1999-06-17"
9358,"albumName9358",970,"1994-02-12"
9359,"albumName9359",516,"1978-12-11"
9360,"albumName9360",4164,"2008-01-02"
9361,"albumName9361",948,"1977-07-19"
9362,"albumName9362",3475,"1977-07-16"
9363,"albumName9363",1708,"2021-08-27"
9364,"albumName9364",3922,"1994-07-16"
9365,"albumName9365",3379,"1994-10-27"
9366,"albumName9366",4334,"1976-12-07"
9367,"albumName9367",43,"2065-02-12"
9368,"albumName9368",3548,"1976-12-04"
9369,"albumName9369",2709,"2010-11-07"
9370,"albumName9370",1120,"2025-02-16"
9371,"albumName9371",3944,"2024-09-09"
9372,"albumName9372",10,"1988-08-08"
9373,"albumName9373",4602,"2059-04-04"
9374,"albumName9374",1691,"2000-03-10"
9375,"albumName9375",1077,"2015-01-02"
9376,"albumName9376",2423,"1994-02-22"
9377,"albumName9377",3426,"2001-09-12"
9378,"albumName9378",1827,"1992-12-22"
9379,"albumName9379",3530,"2066-09-16"
9380,"albumName9380",1723,"1982-10-07"
9381,"albumName9381",911,"1989-09-14"
9382,"albumName9382",604,"2016-05-04"
9383,"albumName9383",3291,"2060-02-06"
9384,"albumName9384",4115,"1975-03-23"
9385,"albumName9385",4259,"2059-08-22"
9386,"albumName9386",4411,"2021-02-23"
9387,"albumName9387",1693,"2005-09-07"
9388,"albumName9388",1703,"2062-08-22"
9389,"albumName9389",81,"2024-08-03"
9390,"albumName9390",3742,"1995-03-14"
9391,"albumName9391",1561,"1974-08-02"
9392,"albumName9392",535,"1977-07-18"
9393,"albumName9393",1320,"2001-04-03"
9394,"albumName9394",3142,"2025-10-01"
9395,"albumName9395",1572,"2024-06-22"
9396,"albumName9396",1562,"2010-06-25"
9397,"albumName9397",1164,"2065-05-23"
9398,"albumName9398",2548,"1979-01-28"
9399,"albumName9399",3894,"1994-05-26"
9400,"albumName9400",4482,"2060-03-16"
9401,"albumName9401",4766,"2061-10-01"
9402,"albumName9402",3192,"2024-02-05"
9403,"albumName9403",2689,"2008-12-22"
9404,"albumName9404",4875,"2058-12-09"
9405,"albumName9405",4376,"1990-05-02"
9406,"albumName9406",2590,"2064-10-18"
9407,"albumName9407",187,"2055-01-14"
9408,"albumName9408",3353,"2015-06-02"
9409,"albumName9409",3642,"2020-08-06"
9410,"albumName9410",3246,"1982-11-24"
9411,"albumName9411",3965,"2005-10-06"
9412,"albumName9412",2319,"2055-01-11"
9413,"albumName9413",1574,"1990-09-24"
9414,"albumName9414",1788,"2051-11-09"
9415,"albumName9415",4589,"2025-06-04"
9416,"albumName9416",976,"2063-03-02"
9417,"albumName9417",2564,"1985-11-24"
9418,"albumName9418",4037,"1998-12-20"
9419,"albumName9419",901,"1971-10-01"
9420,"albumName9420",3690,"2009-07-22"
9421,"albumName9421",3022,"2061-05-11"
9422,"albumName9422",3708,"2007-07-24"
9423,"albumName9423",1435,"2054-12-03"
9424,"albumName9424",1097,"2009-04-13"
9425,"albumName9425",2459,"1983-04-18"
9426,"albumName9426",2208,"1998-03-16"
9427,"albumName9427",1690,"1987-01-12"
9428,"albumName9428",3646,"2015-03-06"
9429,"albumName9429",3111,"1999-06-03"
9430,"albumName9430",2595,"1975-03-12"
9431,"albumName9431",2679,"2013-04-22"
9432,"albumName9432",2317,"2064-03-06"
9433,"albumName9433",70,"2064-07-26"
9434,"albumName9434",2151,"2058-05-10"
9435,"albumName9435",592,"2023-06-25"
9436,"albumName9436",2585,"2009-09-15"
9437,"albumName9437",4003,"2003-03-17"
9438,"albumName9438",948,"2051-02-18"
9439,"albumName9439",392,"1975-02-08"
9440,"albumName9440",847,"1978-11-23"
9441,"albumName9441",765,"2054-01-27"
9442,"albumName9442",1438,"2003-05-04"
9443,"albumName9443",4543,"2016-05-26"
9444,"albumName9444",3778,"2058-09-06"
9445,"albumName9445",3995,"2054-05-12"
9446,"albumName9446",4526,"1983-04-25"
9447,"albumName9447",986,"2068-09-16"
9448,"albumName9448",4410,"1987-09-21"
9449,"albumName9449",325,"2067-07-27"
9450,"albumName9450",3715,"2019-11-03"
9451,"albumName9451",3550,"2062-11-16"
9452,"albumName9452",2909,"2000-09-05"
9453,"albumName9453",116,"2019-10-02"
9454,"albumName9454",914,"1984-08-26"
9455,"albumName9455",2531,"2056-02-14"
9456,"albumName9456",855,"1983-05-23"
9457,"albumName9457",824,"1982-08-21"
9458,"albumName9458",4725,"1971-02-09"
9459,"albumName9459",877,"2001-05-21"
9460,"albumName9460",1423,"2016-07-23"
9461,"albumName9461",2056,"2019-05-15"
9462,"albumName9462",542,"2069-08-25"
9463,"albumName9463",3339,"2060-03-14"
9464,"albumName9464",3972,"1974-06-05"
9465,"albumName9465",3724,"2008-01-19"
9466,"albumName9466",1945,"2065-06-05"
9467,"albumName9467",3570,"2017-09-25"
9468,"albumName9468",2757,"2060-04-09"
9469,"albumName9469",1782,"2001-01-03"
9470,"albumName9470",522,"2025-01-18"
9471,"albumName9471",2300,"1971-11-26"
9472,"albumName9472",807,"2010-07-20"
9473,"albumName9473",3637,"2006-11-10"
9474,"albumName9474",3328,"1990-10-17"
9475,"albumName9475",1094,"1972-07-25"
9476,"albumName9476",1640,"2056-12-14"
9477,"albumName9477",696,"1997-06-08"
9478,"albumName9478",2718,"2020-07-24"
9479,"albumName9479",4013,"2019-01-25"
9480,"albumName9480",4890,"1985-03-09"
9481,"albumName9481",1384,"2025-04-09"
9482,"albumName9482",2860,"2006-04-14"
9483,"albumName9483",1248,"2013-03-18"
9484,"albumName9484",3360,"2008-11-12"
9485,"albumName9485",3972,"2002-11-24"
9486,"albumName9486",2046,"2067-04-21"
9487,"albumName9487",2095,"1995-01-14"
9488,"albumName9488",2085,"2024-06-10"
9489,"albumName9489",365,"2007-08-15"
9490,"albumName9490",3395,"2010-07-24"
9491,"albumName9491",182,"1999-10-08"
9492,"albumName9492",4612,"1997-12-13"
9493,"albumName9493",3294,"2010-07-06"
9494,"albumName9494",2877,"1981-01-15"
9495,"albumName9495",2783,"1992-05-08"
9496,"albumName9496",4789,"2008-08-27"
9497,"albumName9497",2531,"1977-02-06"
9498,"albumName9498",1099,"1976-01-24"
9499,"albumName9499",4513,"2014-02-26"
9500,"albumName9500",587,"1977-04-26"
9501,"albumName9501",3166,"1996-02-04"
9502,"albumName9502",4831,"2008-09-25"
9503,"albumName9503",1914,"2010-01-24"
9504,"albumName9504",1977,"2053-11-24"
9505,"albumName9505",3984,"2005-05-04"
9506,"albumName9506",3159,"2003-01-10"
9507,"albumName9507",1688,"1997-03-05"
9508,"albumName9508",946,"2025-10-10"
9509,"albumName9509",367,"1980-02-19"
9510,"albumName9510",1380,"1979-11-12"
9511,"albumName9511",1781,"2003-06-26"
9512,"albumName9512",3820,"2063-12-22"
9513,"albumName9513",2096,"1993-10-16"
9514,"albumName9514",4453,"1990-04-18"
9515,"albumName9515",3042,"1976-11-20"
9516,"albumName9516",4227,"2021-10-26"
9517,"albumName9517",2941,"2015-09-28"
9518,"albumName9518",1269,"2021-04-03"
9519,"albumName9519",69,"1978-06-12"
9520,"albumName9520",3709,"2021-05-24"
9521,"albumName9521",716,"1971-04-22"
9522,"albumName9522",2807,"2025-01-08"
9523,"albumName9523",3554,"2005-02-25"
9524,"albumName9524",3391,"2017-03-08"
9525,"albumName9525",2984,"1971-04-09"
9526,"albumName9526",1632,"2055-12-09"
9527,"albumName9527",4830,"2007-04-16"
9528,"albumName9528",3052,"2052-11-23"
9529,"albumName9529",2639,"1981-12-01"
9530,"albumName9530",1504,"1970-05-22"
9531,"albumName9531",4353,"1992-11-17"
9532,"albumName9532",1943,"2013-03-03"
9533,"albumName9533",2485,"2051-03-26"
9534,"albumName9534",3379,"2067-12-03"
9535,"albumName9535",4681,"2008-03-15"
9536,"albumName9536",4627,"2000-08-04"
9537,"albumName9537",2884,"2053-06-23"
9538,"albumName9538",2599,"2059-11-23"
9539,"albumName9539",923,"2011-05-16"
9540,"albumName9540",3565,"2020-02-11"
9541,"albumName9541",4042,"1996-10-26"
9542,"albumName9542",324,"2014-12-07"
9543,"albumName9543",3558,"2066-02-07"
9544,"albumName9544",4822,"1995-08-08"
9545,"albumName9545",1291,"1985-05-14"
9546,"albumName9546",723,"2020-03-02"
9547,"albumName9547",253,"2017-03-11"
9548,"albumName9548",550,"2063-03-04"
9549,"albumName9549",2309,"2021-06-10"
9550,"albumName9550",1145,"1986-05-21"
9551,"albumName9551",2793,"1973-06-17"
9552,"albumName9552",3100,"1977-07-08"
9553,"albumName9553",1798,"1978-12-17"
9554,"albumName9554",3911,"1980-02-16"
9555,"albumName9555",2059,"1979-12-07"
9556,"albumName9556",2693,"2021-01-08"
9557,"albumName9557",1445,"2011-01-05"
9558,"albumName9558",912,"2066-10-19"
9559,"albumName9559",2941,"2003-11-20"
9560,"albumName9560",2049,"2023-11-18"
9561,"albumName9561",2625,"2059-06-11"
9562,"albumName9562",188,"1997-04-19"
9563,"albumName9563",1960,"1987-02-15"
9564,"albumName9564",3439,"1978-07-17"
9565,"albumName9565",2612,"1990-06-12"
9566,"albumName9566",1596,"2051-09-26"
9567,"albumName9567",4855,"2001-03-08"
9568,"albumName9568",1864,"1977-10-02"
9569,"albumName9569",4816,"1981-06-03"
9570,"albumName9570",3855,"2059-12-08"
9571,"albumName9571",4732,"2066-05-21"
9572,"albumName9572",1240,"1994-06-02"
9573,"albumName9573",986,"1991-02-23"
9574,"albumName9574",4227,"1997-01-13"
9575,"albumName9575",4714,"2060-06-04"
9576,"albumName9576",4073,"1975-02-06"
9577,"albumName9577",455,"2000-11-06"
9578,"albumName9578",1560,"1974-08-11"
9579,"albumName9579",2143,"2068-04-22"
9580,"albumName9580",1034,"1981-03-07"
9581,"albumName9581",1828,"1994-04-13"
9582,"albumName9582",4898,"2056-08-06"
9583,"albumName9583",2738,"2055-07-07"
9584,"albumName9584",3000,"2008-09-03"
9585,"albumName9585",2478,"2066-02-24"
9586,"albumName9586",525,"2014-03-27"
9587,"albumName9587",1557,"1992-01-02"
9588,"albumName9588",2620,"2017-05-14"
9589,"albumName9589",3571,"1973-12-27"
9590,"albumName9590",2061,"2053-07-14"
9591,"albumName9591",2510,"2018-02-13"
9592,"albumName9592",4540,"1974-07-16"
9593,"albumName9593",823,"2022-07-21"
9594,"albumName9594",3664,"2011-11-15"
9595,"albumName9595",3649,"2000-07-18"
9596,"albumName9596",987,"2065-10-02"
9597,"albumName9597",3316,"1976-11-09"
9598,"albumName9598",425,"2001-03-28"
9599,"albumName9599",484,"2000-12-09"
9600,"albumName9600",1045,"2054-02-12"
9601,"albumName9601",1814,"2010-12-06"
9602,"albumName9602",1228,"2005-02-26"
9603,"albumName9603",1517,"2019-10-18"
9604,"albumName9604",1151,"2010-10-18"
9605,"albumName9605",1303,"1980-03-21"
9606,"albumName9606",1919,"2017-01-26"
9607,"albumName9607",2586,"2020-12-27"
9608,"albumName9608",178,"2051-05-01"
9609,"albumName9609",612,"1971-07-21"
9610,"albumName9610",341,"2001-12-19"
9611,"albumName9611",3803,"2001-12-26"
9612,"albumName9612",3444,"1985-03-02"
9613,"albumName9613",3189,"1977-04-21"
9614,"albumName9614",1522,"2059-05-02"
9615,"albumName9615",2832,"1984-01-15"
9616,"albumName9616",747,"2068-10-18"
9617,"albumName9617",56,"1983-09-02"
9618,"albumName9618",4804,"2004-06-06"
9619,"albumName9619",1097,"2056-01-01"
9620,"albumName9620",2401,"2013-11-05"
9621,"albumName9621",2115,"2006-03-18"
9622,"albumName9622",2380,"2014-08-03"
9623,"albumName9623",4484,"1981-12-18"
9624,"albumName9624",2628,"1979-07-17"
9625,"albumName9625",2175,"1989-11-15"
9626,"albumName9626",2629,"1998-03-24"
9627,"albumName9627",3738,"1982-04-08"
9628,"albumName9628",3687,"1975-04-09"
9629,"albumName9629",2828,"1991-06-02"
9630,"albumName9630",3265,"2065-10-11"
9631,"albumName9631",4724,"2020-04-10"
9632,"albumName9632",1726,"2069-02-13"
9633,"albumName9633",1673,"1978-03-09"
9634,"albumName9634",500,"2014-11-24"
9635,"albumName9635",2538,"1988-02-23"
9636,"albumName9636",2584,"2062-06-11"
9637,"albumName9637",1520,"2059-05-28"
9638,"albumName9638",2557,"1981-04-20"
9639,"albumName9639",1955,"2060-05-18"
9640,"albumName9640",1955,"2066-05-02"
9641,"albumName9641",3115,"1972-10-11"
9642,"albumName9642",4596,"2052-12-28"
9643,"albumName9643",1194,"1995-01-24"
9644,"albumName9644",1043,"2051-11-23"
9645,"albumName9645",170,"1981-10-03"
9646,"albumName9646",4518,"2053-04-07"
9647,"albumName9647",3998,"2001-11-20"
9648,"albumName9648",1890,"2066-06-18"
9649,"albumName9649",2504,"2062-04-26"
9650,"albumName9650",1268,"2068-04-10"
9651,"albumName9651",3642,"1974-12-09"
9652,"albumName9652",3824,"2052-04-10"
9653,"albumName9653",3805,"2013-02-25"
9654,"albumName9654",4780,"1987-11-26"
9655,"albumName9655",3461,"2011-07-06"
9656,"albumName9656",2847,"2060-07-23"
9657,"albumName9657",4564,"1991-11-13"
9658,"albumName9658",3942,"2064-04-13"
9659,"albumName9659",1067,"2011-02-07"
9660,"albumName9660",4387,"2014-08-05"
9661,"albumName9661",531,"1988-01-03"
9662,"albumName9662",233,"1999-03-03"
9663,"albumName9663",885,"2002-09-15"
9664,"albumName9664",694,"2025-12-09"
9665,"albumName9665",1573,"2013-11-02"
9666,"albumName9666",1062,"2008-10-19"
9667,"albumName9667",4240,"2054-06-25"
9668,"albumName9668",434,"1990-09-12"
9669,"albumName9669",2342,"2069-11-02"
9670,"albumName9670",2692,"1995-11-24"
9671,"albumName9671",973,"1984-06-15"
9672,"albumName9672",1309,"1990-08-03"
9673,"albumName9673",2953,"1981-06-15"
9674,"albumName9674",3717,"1988-07-13"
9675,"albumName9675",4075,"2053-12-12"
9676,"albumName9676",2612,"1985-03-18"
9677,"albumName9677",2296,"2023-12-24"
9678,"albumName9678",349,"1989-02-14"
9679,"albumName9679",1454,"1976-08-05"
9680,"albumName9680",1092,"1998-05-13"
9681,"albumName9681",523,"1993-07-16"
9682,"albumName9682",129,"2021-11-02"
9683,"albumName9683",1809,"2011-11-20"
9684,"albumName9684",1740,"1981-11-04"
9685,"albumName9685",3648,"2023-10-13"
9686,"albumName9686",2039,"1998-06-03"
9687,"albumName9687",1418,"2004-07-22"
9688,"albumName9688",1655,"2055-07-05"
9689,"albumName9689",3229,"2053-09-22"
9690,"albumName9690",2704,"2017-03-06"
9691,"albumName9691",1361,"1993-03-07"
9692,"albumName9692",1837,"2013-03-27"
9693,"albumName9693",625,"2066-06-23"
9694,"albumName9694",3513,"1995-07-06"
9695,"albumName9695",1163,"2017-08-23"
9696,"albumName9696",2350,"2060-10-11"
9697,"albumName9697",2969,"2003-06-28"
9698,"albumName9698",4204,"2001-06-10"
9699,"albumName9699",547,"2013-10-03"
9700,"albumName9700",1851,"1978-07-02"
9701,"albumName9701",2423,"2056-03-01"
9702,"albumName9702",474,"1998-11-20"
9703,"albumName9703",2212,"1976-04-04"
9704,"albumName9704",1265,"2025-09-04"
9705,"albumName9705",3640,"1970-07-16"
9706,"albumName9706",4608,"2007-08-20"
9707,"albumName9707",1105,"1995-12-13"
9708,"albumName9708",872,"1990-10-09"
9709,"albumName9709",996,"2060-04-14"
9710,"albumName9710",3748,"2017-12-07"
9711,"albumName9711",2242,"2056-04-23"
9712,"albumName9712",560,"2015-06-16"
9713,"albumName9713",3656,"2058-09-11"
9714,"albumName9714",199,"2008-10-15"
9715,"albumName9715",1813,"2063-01-04"
9716,"albumName9716",577,"1996-04-22"
9717,"albumName9717",3887,"1989-08-11"
9718,"albumName9718",1679,"2007-06-13"
9719,"albumName9719",1725,"2068-05-10"
9720,"albumName9720",4162,"1988-08-11"
9721,"albumName9721",4027,"1987-02-19"
9722,"albumName9722",2053,"1980-11-06"
9723,"albumName9723",2917,"1987-01-22"
9724,"albumName9724",53,"2025-04-08"
9725,"albumName9725",3732,"2053-01-18"
9726,"albumName9726",562,"1976-05-15"
9727,"albumName9727",781,"2066-05-23"
9728,"albumName9728",2505,"2007-12-27"
9729,"albumName9729",3363,"2068-12-06"
9730,"albumName9730",4302,"1979-06-25"
9731,"albumName9731",2293,"2005-11-12"
9732,"albumName9732",465,"2000-10-25"
9733,"albumName9733",1516,"1973-09-05"
9734,"albumName9734",2760,"2069-08-08"
9735,"albumName9735",1395,"2060-01-19"
9736,"albumName9736",1258,"1980-07-04"
9737,"albumName9737",2790,"1989-08-24"
9738,"albumName9738",2161,"2012-08-17"
9739,"albumName9739",1216,"2009-07-06"
9740,"albumName9740",4599,"2062-04-03"
9741,"albumName9741",4319,"1990-09-23"
9742,"albumName9742",3401,"1990-06-22"
9743,"albumName9743",4325,"2058-05-12"
9744,"albumName9744",532,"2064-08-16"
9745,"albumName9745",4849,"2052-04-18"
9746,"albumName9746",144,"2025-05-22"
9747,"albumName9747",3842,"2062-02-03"
9748,"albumName9748",1928,"1988-05-15"
9749,"albumName9749",1362,"2016-06-17"
9750,"albumName9750",4898,"2007-04-24"
9751,"albumName9751",4041,"2002-02-27"
9752,"albumName9752",4298,"1979-04-18"
9753,"albumName9753",699,"1999-01-05"
9754,"albumName9754",3061,"1999-12-18"
9755,"albumName9755",1368,"2051-08-10"
9756,"albumName9756",1821,"1977-08-01"
9757,"albumName9757",3089,"2061-11-08"
9758,"albumName9758",947,"2024-04-12"
9759,"albumName9759",880,"2067-11-26"
9760,"albumName9760",3452,"2009-05-11"
9761,"albumName9761",3094,"1977-06-16"
9762,"albumName9762",4096,"2065-10-13"
9763,"albumName9763",1052,"2066-12-22"
9764,"albumName9764",3048,"2000-12-16"
9765,"albumName9765",551,"2019-03-07"
9766,"albumName9766",3138,"2010-01-07"
9767,"albumName9767",1489,"2018-10-19"
9768,"albumName9768",804,"2021-06-16"
9769,"albumName9769",1327,"2015-12-04"
9770,"albumName9770",210,"2053-12-15"
9771,"albumName9771",4232,"1995-05-28"
9772,"albumName9772",902,"2061-04-13"
9773,"albumName9773",4364,"2062-06-07"
9774,"albumName9774",4179,"1986-11-01"
9775,"albumName9775",3929,"2024-02-26"
9776,"albumName9776",2635,"1973-02-11"
9777,"albumName9777",1382,"1973-12-15"
9778,"albumName9778",4518,"2056-04-12"
9779,"albumName9779",967,"1995-01-08"
9780,"albumName9780",7,"2011-11-23"
9781,"albumName9781",3293,"1990-08-07"
9782,"albumName9782",3255,"2067-11-15"
9783,"albumName9783",3667,"1979-05-08"
9784,"albumName9784",4416,"1977-12-23"
9785,"albumName9785",4358,"2053-02-21"
9786,"albumName9786",1725,"2059-04-06"
9787,"albumName9787",1752,"1997-05-15"
9788,"albumName9788",1496,"2061-08-20"
9789,"albumName9789",2392,"2015-04-12"
9790,"albumName9790",4125,"1972-08-06"
9791,"albumName9791",2816,"2009-06-02"
9792,"albumName9792",717,"2065-11-27"
9793,"albumName9793",2635,"1978-09-15"
9794,"albumName9794",1614,"2067-08-24"
9795,"albumName9795",2117,"2016-09-26"
9796,"albumName9796",751,"2008-05-18"
9797,"albumName9797",1111,"2057-09-02"
9798,"albumName9798",4722,"2025-11-15"
9799,"albumName9799",3628,"1990-10-01"
9800,"albumName9800",3183,"2062-06-05"
9801,"albumName9801",3211,"2053-11-19"
9802,"albumName9802",720,"2010-01-19"
9803,"albumName9803",2263,"2059-07-11"
9804,"albumName9804",2527,"1971-09-23"
9805,"albumName9805",3386,"2054-09-20"
9806,"albumName9806",3716,"2024-10-22"
9807,"albumName9807",2357,"1998-09-07"
9808,"albumName9808",3277,"2069-11-28"
9809,"albumName9809",2385,"1999-01-06"
9810,"albumName9810",1485,"1995-11-03"
9811,"albumName9811",3694,"1994-08-23"
9812,"albumName9812",1752,"2023-03-20"
9813,"albumName9813",780,"1982-11-02"
9814,"albumName9814",1326,"2019-09-27"
9815,"albumName9815",3949,"1987-04-24"
9816,"albumName9816",3674,"1984-11-01"
9817,"albumName9817",1635,"1981-02-07"
9818,"albumName9818",4884,"2057-08-13"
9819,"albumName9819",1185,"1977-10-02"
9820,"albumName9820",108,"2058-06-13"
9821,"albumName9821",2496,"1970-12-06"
9822,"albumName9822",2151,"1992-06-11"
9823,"albumName9823",1225,"2020-08-05"
9824,"albumName9824",2638,"1987-02-05"
9825,"albumName9825",785,"1984-03-26"
9826,"albumName9826",3431,"2054-10-19"
9827,"albumName9827",1883,"1977-11-13"
9828,"albumName9828",2176,"1999-02-17"
9829,"albumName9829",3022,"2051-10-08"
9830,"albumName9830",3739,"1997-11-04"
9831,"albumName9831",449,"2009-11-24"
9832,"albumName9832",1526,"2055-06-16"
9833,"albumName9833",2118,"1977-10-14"
9834,"albumName9834",711,"2011-03-06"
9835,"albumName9835",2043,"1980-01-06"
9836,"albumName9836",4736,"2019-07-24"
9837,"albumName9837",2072,"1976-02-11"
9838,"albumName9838",4217,"1977-06-02"
9839,"albumName9839",1220,"1994-07-27"
9840,"albumName9840",3759,"2007-03-22"
9841,"albumName9841",4273,"1990-07-13"
9842,"albumName9842",125,"1994-07-17"
9843,"albumName9843",3715,"2009-08-15"
9844,"albumName9844",3513,"2062-05-15"
9845,"albumName9845",2277,"2069-05-14"
9846,"albumName9846",2302,"2011-12-03"
9847,"albumName9847",413,"2066-01-02"
9848,"albumName9848",2640,"2057-12-28"
9849,"albumName9849",4278,"2064-06-17"
9850,"albumName9850",1786,"2017-01-05"
9851,"albumName9851",4581,"2025-04-27"
9852,"albumName9852",2669,"2016-05-28"
9853,"albumName9853",1376,"2017-09-06"
9854,"albumName9854",195,"2017-04-04"
9855,"albumName9855",4766,"2024-08-28"
9856,"albumName9856",3793,"1994-10-17"
9857,"albumName9857",2973,"2014-06-20"
9858,"albumName9858",4583,"1973-03-20"
9859,"albumName9859",4370,"1980-07-28"
9860,"albumName9860",1898,"1983-03-25"
9861,"albumName9861",1855,"2023-07-21"
9862,"albumName9862",3618,"1989-02-13"
9863,"albumName9863",1915,"1971-03-11"
9864,"albumName9864",4785,"2000-06-17"
9865,"albumName9865",825,"2011-12-11"
9866,"albumName9866",3077,"1973-01-13"
9867,"albumName9867",1406,"2000-10-28"
9868,"albumName9868",4527,"2005-06-02"
9869,"albumName9869",3130,"1983-03-27"
9870,"albumName9870",497,"2017-05-15"
9871,"albumName9871",2409,"2021-09-20"
9872,"albumName9872",26,"2063-09-24"
9873,"albumName9873",1821,"2019-03-05"
9874,"albumName9874",552,"2051-07-09"
9875,"albumName9875",1691,"1987-07-27"
9876,"albumName9876",4579,"2069-11-10"
9877,"albumName9877",1080,"2056-11-23"
9878,"albumName9878",1701,"2017-11-19"
9879,"albumName9879",3256,"1976-07-11"
9880,"albumName9880",4693,"2000-06-10"
9881,"albumName9881",4645,"2055-03-05"
9882,"albumName9882",1915,"1983-02-09"
9883,"albumName9883",4504,"2017-06-26"
9884,"albumName9884",4125,"2062-04-14"
9885,"albumName9885",1708,"1994-09-12"
9886,"albumName9886",3189,"2051-12-02"
9887,"albumName9887",2307,"1972-06-23"
9888,"albumName9888",1143,"2025-02-16"
9889,"albumName9889",4508,"1984-09-08"
9890,"albumName9890",3945,"2025-04-03"
9891,"albumName9891",419,"1995-09-04"
9892,"albumName9892",3338,"1982-04-27"
9893,"albumName9893",2521,"1980-01-19"
9894,"albumName9894",1802,"1991-03-24"
9895,"albumName9895",4452,"2008-05-22"
9896,"albumName9896",4781,"2010-02-14"
9897,"albumName9897",1870,"2010-10-04"
9898,"albumName9898",950,"2054-11-11"
9899,"albumName9899",3093,"1988-05-25"
9900,"albumName9900",4688,"1971-04-08"
9901,"albumName9901",2805,"2010-02-03"
9902,"albumName9902",1422,"2004-05-12"
9903,"albumName9903",1880,"1998-09-21"
9904,"albumName9904",4783,"2021-11-26"
9905,"albumName9905",1749,"2024-05-27"
9906,"albumName9906",2135,"2019-02-02"
9907,"albumName9907",2641,"1994-05-19"
9908,"albumName9908",3660,"2059-09-05"
9909,"albumName9909",1012,"1971-11-11"
9910,"albumName9910",3954,"2009-05-20"
9911,"albumName9911",1885,"2016-05-20"
9912,"albumName9912",3183,"1972-06-20"
9913,"albumName9913",2264,"2017-02-24"
9914,"albumName9914",2657,"1977-11-27"
9915,"albumName9915",4903,"1990-08-12"
9916,"albumName9916",2434,"2006-03-02"
9917,"albumName9917",3883,"2065-04-03"
9918,"albumName9918",4053,"1977-06-18"
9919,"albumName9919",2233,"2007-04-26"
9920,"albumName9920",4423,"1983-03-07"
9921,"albumName9921",3958,"2057-04-19"
9922,"albumName9922",1778,"1996-06-04"
9923,"albumName9923",4756,"2017-08-11"
9924,"albumName9924",2286,"2060-12-03"
9925,"albumName9925",3999,"2067-06-06"
9926,"albumName9926",3620,"1995-05-27"
9927,"albumName9927",3771,"2001-02-03"
9928,"albumName9928",2405,"2000-07-18"
9929,"albumName9929",28,"2012-04-16"
9930,"albumName9930",721,"2007-01-02"
9931,"albumName9931",4325,"2064-01-11"
9932,"albumName9932",2841,"1980-10-10"
9933,"albumName9933",2850,"2062-12-12"
9934,"albumName9934",1384,"2001-05-24"
9935,"albumName9935",406,"2054-06-27"
9936,"albumName9936",1175,"1978-01-04"
9937,"albumName9937",1568,"2064-02-15"
9938,"albumName9938",569,"1978-07-27"
9939,"albumName9939",2359,"1994-03-07"
9940,"albumName9940",1586,"2006-01-01"
9941,"albumName9941",876,"2063-09-03"
9942,"albumName9942",4888,"1975-06-18"
9943,"albumName9943",994,"1989-01-03"
9944,"albumName9944",1013,"2019-04-14"
9945,"albumName9945",883,"2058-10-23"
9946,"albumName9946",2934,"1984-05-09"
9947,"albumName9947",2303,"2005-05-19"
9948,"albumName9948",4075,"2055-07-23"
9949,"albumName9949",2968,"2060-03-15"
9950,"albumName9950",2556,"1993-10-07"
9951,"albumName9951",2141,"1972-04-08"
9952,"albumName9952",2640,"1971-11-19"
9953,"albumName9953",746,"1992-06-13"
9954,"albumName9954",724,"2003-11-23"
9955,"albumName9955",2685,"1983-04-26"
9956,"albumName9956",2390,"1988-06-26"
9957,"albumName9957",2681,"1988-05-11"
9958,"albumName9958",3366,"2018-09-01"
9959,"albumName9959",2407,"1987-08-10"
9960,"albumName9960",4465,"2000-05-04"
9961,"albumName9961",3651,"1972-11-05"
9962,"albumName9962",3528,"1981-04-17"
9963,"albumName9963",3075,"2009-08-18"
9964,"albumName9964",264,"2059-06-28"
9965,"albumName9965",2295,"1994-07-26"
9966,"albumName9966",329,"1999-10-04"
9967,"albumName9967",2593,"2021-11-21"
9968,"albumName9968",1026,"1982-06-16"
9969,"albumName9969",732,"2020-11-20"
9970,"albumName9970",1181,"2000-04-04"
9971,"albumName9971",2795,"2061-09-20"
9972,"albumName9972",557,"2007-02-05"
9973,"albumName9973",4786,"1985-06-21"
9974,"albumName9974",4507,"2065-10-23"
9975,"albumName9975",855,"1970-09-24"
9976,"albumName9976",275,"1992-01-11"
9977,"albumName9977",3791,"1972-01-28"
9978,"albumName9978",3955,"2001-10-24"
9979,"albumName9979",1491,"1984-05-01"
9980,"albumName9980",4691,"2066-11-06"
9981,"albumName9981",4009,"1989-11-21"
9982,"albumName9982",2436,"1973-07-24"
9983,"albumName9983",1829,"2069-03-17"
9984,"albumName9984",2895,"2062-02-24"
9985,"albumName9985",590,"2060-01-07"
9986,"albumName9986",700,"2025-03-10"
9987,"albumName9987",1596,"2066-02-14"
9988,"albumName9988",3631,"2016-05-20"
9989,"albumName9989",2661,"1987-12-14"
9990,"albumName9990",2459,"1978-02-03"
9991,"albumName9991",797,"1972-03-23"
9992,"albumName9992",3595,"2068-09-20"
9993,"albumName9993",1784,"2009-06-12"
9994,"albumName9994",1587,"2018-07-24"
9995,"albumName9995",1986,"1973-05-01"
9996,"albumName9996",214,"1977-03-25"
9997,"albumName9997",763,"1993-09-14"
9998,"albumName9998",406,"2069-07-12"
9999,"albumName9999",2360,"1996-01-22"
