"a_artistid","a_artistname","a_country","a_genre","a_userid"
1,"artistName1","CANADA","Jazz",1
2,"artistName2","USA","Classical",5
3,"artistName3","CANADA","Electronic",6
4,"artistName4","CHINA","Pop",7
5,"artistName5","RUSSIA","Rock",9
6,"artistName6","CHINA","Metal",11
7,"artistName7","CANADA","Hip Hop",15
8,"artistName8","CANADA","Rock",19
9,"artistName9","MEXICO","Reggae",20
10,"artistName10","CANADA","Pop",22
11,"artistName11","CANADA","Hip Hop",24
12,"artistName12","CHINA","Rock",27
13,"artistName13","CANADA","Jazz",29
14,"artistName14","GERMANY","Classical",30
15,"artistName15","CHINA","Classical",34
16,"artistName16","USA","Pop",36
17,"artistName17","CHINA","Jazz",38
18,"artistName18","CHINA","Blues",41
19,"artistName19","CHINA","Country",43
20,"artistName20","CHINA","Pop",44
21,"artistName21","CHINA","Rock",45
22,"artistName22","USA","Pop",47
23,"artistName23","CANADA","Rock",50
24,"artistName24","GERMANY","Rock",52
25,"artistName25","AUSTRALIA","Electronic",55
26,"artistName26","MEXICO","Blues",57
27,"artistName27","CANADA","Metal",60
28,"artistName28","AUSTRALIA","Metal",61
29,"artistName29","RUSSIA","Blues",64
30,"artistName30","GERMANY","Reggae",65
31,"artistName31","GERMANY","Metal",70
32,"artistName32","MEXICO","Pop",71
33,"artistName33","USA","Reggae",82
34,"artistName34","AUSTRALIA","Reggae",84
35,"artistName35","GERMANY","Blues",87
36,"artistName36","AUSTRALIA","Jazz",88
37,"artistName37","USA","Classical",90
38,"artistName38","RUSSIA","Rock",91
39,"artistName39","CHINA","Classical",92
40,"artistName40","CHINA","Reggae",93
41,"artistName41","AUSTRALIA","Hip Hop",95
42,"artistName42","CHINA","Country",96
43,"artistName43","AUSTRALIA","Reggae",98
44,"artistName44","AUSTRALIA","Metal",99
45,"artistName45","AUSTRALIA","Pop",100
46,"artistName46","GERMANY","Blues",101
47,"artistName47","RUSSIA","Country",103
48,"artistName48","AUSTRALIA","Blues",104
49,"artistName49","AUSTRALIA","Metal",105
50,"artistName50","CANADA","Hip Hop",106
51,"artistName51","MEXICO","Metal",109
52,"artistName52","AUSTRALIA","Blues",110
53,"artistName53","RUSSIA","Pop",111
54,"artistName54","CANADA","Blues",114
55,"artistName55","CANADA","Blues",121
56,"artistName56","CHINA","Electronic",123
57,"artistName57","CHINA","Classical",125
58,"artistName58","CANADA","Rock",126
59,"artistName59","CHINA","Blues",127
60,"artistName60","USA","Jazz",132
61,"artistName61","MEXICO","Hip Hop",133
62,"artistName62","CHINA","Metal",134
63,"artistName63","CHINA","Metal",135
64,"artistName64","GERMANY","Rock",138
65,"artistName65","GERMANY","Metal",141
66,"artistName66","MEXICO","Country",145
67,"artistName67","MEXICO","Reggae",149
68,"artistName68","CHINA","Classical",150
69,"artistName69","RUSSIA","Country",151
70,"artistName70","MEXICO","Rock",154
71,"artistName71","RUSSIA","Metal",159
72,"artistName72","CHINA","Blues",161
73,"artistName73","CANADA","Country",162
74,"artistName74","USA","Reggae",163
75,"artistName75","MEXICO","Electronic",164
76,"artistName76","CANADA","Country",165
77,"artistName77","USA","Country",170
78,"artistName78","CANADA","Reggae",172
79,"artistName79","GERMANY","Jazz",177
80,"artistName80","AUSTRALIA","Jazz",178
81,"artistName81","AUSTRALIA","Classical",182
82,"artistName82","RUSSIA","Metal",188
83,"artistName83","MEXICO","Hip Hop",191
84,"artistName84","USA","Classical",192
85,"artistName85","MEXICO","Jazz",193
86,"artistName86","RUSSIA","Jazz",194
87,"artistName87","GERMANY","Pop",199
88,"artistName88","GERMANY","Electronic",201
89,"artistName89","CANADA","Hip Hop",202
90,"artistName90","CANADA","Reggae",209
91,"artistName91","RUSSIA","Rock",211
92,"artistName92","CHINA","Classical",214
93,"artistName93","GERMANY","Blues",215
94,"artistName94","RUSSIA","Country",216
95,"artistName95","AUSTRALIA","Electronic",217
96,"artistName96","CHINA","Electronic",219
97,"artistName97","AUSTRALIA","Metal",220
98,"artistName98","CHINA","Reggae",224
99,"artistName99","CANADA","Classical",229
100,"artistName100","AUSTRALIA","Reggae",230
101,"artistName101","CHINA","Rock",232
102,"artistName102","CANADA","Metal",233
103,"artistName103","GERMANY","Classical",234
104,"artistName104","MEXICO","Hip Hop",238
105,"artistName105","RUSSIA","Metal",239
106,"artistName106","CHINA","Reggae",241
107,"artistName107","CHINA","Rock",242
108,"artistName108","GERMANY","Metal",245
109,"artistName109","RUSSIA","Reggae",249
110,"artistName110","CANADA","Metal",251
111,"artistName111","GERMANY","Electronic",255
112,"artistName112","CHINA","Jazz",256
113,"artistName113","USA","Rock",260
114,"artistName114","AUSTRALIA","Metal",261
115,"artistName115","CHINA","Rock",266
116,"artistName116","USA","Blues",268
117,"artistName117","CHINA","Pop",270
118,"artistName118","AUSTRALIA","Blues",271
119,"artistName119","CANADA","Rock",274
120,"artistName120","CANADA","Reggae",275
121,"artistName121","AUSTRALIA","Blues",279
122,"artistName122","AUSTRALIA","Metal",281
123,"artistName123","CHINA","Country",283
124,"artistName124","CHINA","Blues",284
125,"artistName125","AUSTRALIA","Reggae",285
126,"artistName126","CANADA","Rock",287
127,"artistName127","CANADA","Blues",288
128,"artistName128","AUSTRALIA","Metal",289
129,"artistName129","CHINA","Pop",291
130,"artistName130","MEXICO","Reggae",293
131,"artistName131","GERMANY","Electronic",295
132,"artistName132","AUSTRALIA","Classical",298
133,"artistName133","AUSTRALIA","Rock",301
134,"artistName134","RUSSIA","Pop",306
135,"artistName135","MEXICO","Jazz",307
136,"artistName136","RUSSIA","Jazz",308
137,"artistName137","MEXICO","Reggae",309
138,"artistName138","CANADA","Blues",310
139,"artistName139","CHINA","Reggae",311
140,"artistName140","CHINA","Blues",313
141,"artistName141","USA","Country",317
142,"artistName142","MEXICO","Jazz",318
143,"artistName143","AUSTRALIA","Hip Hop",322
144,"artistName144","CHINA","Rock",325
145,"artistName145","RUSSIA","Hip Hop",326
146,"artistName146","CANADA","Jazz",327
147,"artistName147","CANADA","Country",330
148,"artistName148","MEXICO","Jazz",331
149,"artistName149","USA","Pop",334
150,"artistName150","AUSTRALIA","Rock",337
151,"artistName151","USA","Pop",338
152,"artistName152","CANADA","Reggae",340
153,"artistName153","USA","Blues",341
154,"artistName154","AUSTRALIA","Jazz",345
155,"artistName155","CHINA","Reggae",346
156,"artistName156","CHINA","Reggae",348
157,"artistName157","AUSTRALIA","Electronic",352
158,"artistName158","CHINA","Metal",355
159,"artistName159","GERMANY","Jazz",357
160,"artistName160","RUSSIA","Jazz",358
161,"artistName161","CHINA","Electronic",359
162,"artistName162","CHINA","Pop",360
163,"artistName163","AUSTRALIA","Classical",364
164,"artistName164","USA","Jazz",365
165,"artistName165","AUSTRALIA","Jazz",366
166,"artistName166","MEXICO","Electronic",367
167,"artistName167","RUSSIA","Hip Hop",368
168,"artistName168","USA","Rock",369
169,"artistName169","GERMANY","Rock",371
170,"artistName170","AUSTRALIA","Jazz",372
171,"artistName171","GERMANY","Rock",373
172,"artistName172","CHINA","Jazz",374
173,"artistName173","GERMANY","Rock",376
174,"artistName174","GERMANY","Rock",377
175,"artistName175","CANADA","Pop",379
176,"artistName176","CHINA","Blues",384
177,"artistName177","GERMANY","Rock",388
178,"artistName178","CANADA","Reggae",392
179,"artistName179","GERMANY","Country",400
180,"artistName180","CANADA","Rock",402
181,"artistName181","GERMANY","Hip Hop",403
182,"artistName182","GERMANY","Jazz",404
183,"artistName183","MEXICO","Pop",407
184,"artistName184","AUSTRALIA","Rock",409
185,"artistName185","USA","Reggae",410
186,"artistName186","AUSTRALIA","Electronic",411
187,"artistName187","RUSSIA","Jazz",413
188,"artistName188","CANADA","Pop",419
189,"artistName189","AUSTRALIA","Blues",422
190,"artistName190","RUSSIA","Pop",425
191,"artistName191","MEXICO","Rock",427
192,"artistName192","AUSTRALIA","Reggae",428
193,"artistName193","MEXICO","Hip Hop",429
194,"artistName194","USA","Electronic",431
195,"artistName195","USA","Rock",436
196,"artistName196","CANADA","Hip Hop",438
197,"artistName197","MEXICO","Jazz",440
198,"artistName198","CANADA","Metal",444
199,"artistName199","CHINA","Classical",447
200,"artistName200","GERMANY","Electronic",448
201,"artistName201","GERMANY","Pop",451
202,"artistName202","GERMANY","Hip Hop",455
203,"artistName203","GERMANY","Classical",457
204,"artistName204","RUSSIA","Hip Hop",458
205,"artistName205","USA","Country",459
206,"artistName206","GERMANY","Hip Hop",460
207,"artistName207","CANADA","Rock",462
208,"artistName208","USA","Hip Hop",463
209,"artistName209","CANADA","Hip Hop",465
210,"artistName210","CHINA","Classical",467
211,"artistName211","GERMANY","Metal",471
212,"artistName212","GERMANY","Classical",474
213,"artistName213","CHINA","Rock",475
214,"artistName214","AUSTRALIA","Rock",479
215,"artistName215","CHINA","Country",481
216,"artistName216","CHINA","Metal",482
217,"artistName217","MEXICO","Metal",488
218,"artistName218","RUSSIA","Country",489
219,"artistName219","RUSSIA","Country",490
220,"artistName220","USA","Jazz",494
221,"artistName221","CANADA","Classical",496
222,"artistName222","GERMANY","Country",498
223,"artistName223","AUSTRALIA","Hip Hop",499
224,"artistName224","CHINA","Jazz",500
225,"artistName225","USA","Hip Hop",506
226,"artistName226","MEXICO","Blues",507
227,"artistName227","CANADA","Blues",508
228,"artistName228","RUSSIA","Jazz",511
229,"artistName229","CANADA","Reggae",512
230,"artistName230","RUSSIA","Rock",514
231,"artistName231","CHINA","Rock",515
232,"artistName232","CHINA","Pop",516
233,"artistName233","CANADA","Reggae",517
234,"artistName234","USA","Classical",518
235,"artistName235","RUSSIA","Rock",519
236,"artistName236","USA","Hip Hop",520
237,"artistName237","RUSSIA","Rock",523
238,"artistName238","CANADA","Blues",524
239,"artistName239","CANADA","Metal",525
240,"artistName240","USA","Electronic",528
241,"artistName241","RUSSIA","Pop",532
242,"artistName242","CANADA","Jazz",534
243,"artistName243","CHINA","Country",535
244,"artistName244","USA","Electronic",540
245,"artistName245","MEXICO","Electronic",541
246,"artistName246","RUSSIA","Jazz",542
247,"artistName247","GERMANY","Blues",545
248,"artistName248","GERMANY","Pop",546
249,"artistName249","AUSTRALIA","Blues",550
250,"artistName250","GERMANY","Classical",551
251,"artistName251","MEXICO","Classical",552
252,"artistName252","CHINA","Metal",554
253,"artistName253","AUSTRALIA","Country",556
254,"artistName254","RUSSIA","Blues",557
255,"artistName255","AUSTRALIA","Country",563
256,"artistName256","RUSSIA","Country",565
257,"artistName257","CANADA","Reggae",566
258,"artistName258","CANADA","Pop",570
259,"artistName259","CHINA","Classical",578
260,"artistName260","CANADA","Country",579
261,"artistName261","AUSTRALIA","Hip Hop",580
262,"artistName262","USA","Blues",582
263,"artistName263","AUSTRALIA","Metal",583
264,"artistName264","CANADA","Hip Hop",584
265,"artistName265","USA","Electronic",588
266,"artistName266","AUSTRALIA","Classical",589
267,"artistName267","AUSTRALIA","Hip Hop",590
268,"artistName268","AUSTRALIA","Reggae",593
269,"artistName269","USA","Rock",596
270,"artistName270","CANADA","Rock",597
271,"artistName271","AUSTRALIA","Electronic",600
272,"artistName272","AUSTRALIA","Classical",608
273,"artistName273","USA","Jazz",609
274,"artistName274","GERMANY","Rock",611
275,"artistName275","AUSTRALIA","Jazz",612
276,"artistName276","GERMANY","Jazz",613
277,"artistName277","USA","Pop",615
278,"artistName278","AUSTRALIA","Rock",617
279,"artistName279","AUSTRALIA","Blues",619
280,"artistName280","CANADA","Classical",620
281,"artistName281","RUSSIA","Country",625
282,"artistName282","MEXICO","Pop",627
283,"artistName283","USA","Metal",628
284,"artistName284","CHINA","Hip Hop",635
285,"artistName285","GERMANY","Reggae",637
286,"artistName286","GERMANY","Jazz",639
287,"artistName287","CHINA","Electronic",640
288,"artistName288","MEXICO","Pop",642
289,"artistName289","CHINA","Classical",643
290,"artistName290","CHINA","Reggae",645
291,"artistName291","RUSSIA","Country",646
292,"artistName292","AUSTRALIA","Electronic",648
293,"artistName293","CANADA","Rock",649
294,"artistName294","USA","Jazz",652
295,"artistName295","CHINA","Reggae",653
296,"artistName296","CANADA","Country",654
297,"artistName297","CHINA","Pop",655
298,"artistName298","USA","Pop",656
299,"artistName299","CANADA","Country",658
300,"artistName300","CHINA","Blues",660
301,"artistName301","MEXICO","Hip Hop",662
302,"artistName302","RUSSIA","Blues",663
303,"artistName303","GERMANY","Metal",664
304,"artistName304","CHINA","Reggae",669
305,"artistName305","CHINA","Hip Hop",670
306,"artistName306","CHINA","Country",673
307,"artistName307","CHINA","Rock",675
308,"artistName308","CHINA","Classical",683
309,"artistName309","CANADA","Blues",685
310,"artistName310","GERMANY","Blues",687
311,"artistName311","CANADA","Jazz",691
312,"artistName312","RUSSIA","Metal",692
313,"artistName313","AUSTRALIA","Electronic",693
314,"artistName314","USA","Country",695
315,"artistName315","RUSSIA","Rock",698
316,"artistName316","CANADA","Reggae",699
317,"artistName317","CHINA","Rock",701
318,"artistName318","CANADA","Classical",702
319,"artistName319","AUSTRALIA","Rock",703
320,"artistName320","MEXICO","Jazz",704
321,"artistName321","CANADA","Pop",706
322,"artistName322","AUSTRALIA","Electronic",707
323,"artistName323","MEXICO","Jazz",709
324,"artistName324","RUSSIA","Electronic",711
325,"artistName325","CHINA","Classical",712
326,"artistName326","AUSTRALIA","Metal",714
327,"artistName327","RUSSIA","Jazz",719
328,"artistName328","GERMANY","Jazz",720
329,"artistName329","USA","Metal",726
330,"artistName330","MEXICO","Metal",729
331,"artistName331","CHINA","Blues",734
332,"artistName332","AUSTRALIA","Rock",737
333,"artistName333","GERMANY","Pop",740
334,"artistName334","CANADA","Hip Hop",741
335,"artistName335","MEXICO","Metal",743
336,"artistName336","AUSTRALIA","Metal",747
337,"artistName337","RUSSIA","Reggae",748
338,"artistName338","RUSSIA","Classical",749
339,"artistName339","CANADA","Metal",750
340,"artistName340","AUSTRALIA","Country",752
341,"artistName341","USA","Blues",754
342,"artistName342","RUSSIA","Metal",755
343,"artistName343","USA","Reggae",757
344,"artistName344","USA","Pop",758
345,"artistName345","CHINA","Classical",759
346,"artistName346","RUSSIA","Metal",760
347,"artistName347","GERMANY","Metal",761
348,"artistName348","CANADA","Classical",762
349,"artistName349","CANADA","Pop",763
350,"artistName350","USA","Jazz",764
351,"artistName351","AUSTRALIA","Country",771
352,"artistName352","MEXICO","Hip Hop",772
353,"artistName353","CANADA","Country",773
354,"artistName354","GERMANY","Classical",774
355,"artistName355","CANADA","Reggae",775
356,"artistName356","CHINA","Electronic",779
357,"artistName357","MEXICO","Pop",781
358,"artistName358","AUSTRALIA","Blues",782
359,"artistName359","AUSTRALIA","Blues",784
360,"artistName360","USA","Blues",786
361,"artistName361","USA","Rock",787
362,"artistName362","MEXICO","Blues",788
363,"artistName363","MEXICO","Blues",789
364,"artistName364","RUSSIA","Hip Hop",790
365,"artistName365","MEXICO","Jazz",791
366,"artistName366","USA","Jazz",792
367,"artistName367","USA","Electronic",794
368,"artistName368","USA","Classical",797
369,"artistName369","CANADA","Hip Hop",798
370,"artistName370","MEXICO","Hip Hop",799
371,"artistName371","USA","Metal",800
372,"artistName372","AUSTRALIA","Electronic",801
373,"artistName373","MEXICO","Hip Hop",802
374,"artistName374","GERMANY","Pop",805
375,"artistName375","CHINA","Rock",806
376,"artistName376","USA","Pop",807
377,"artistName377","CHINA","Jazz",809
378,"artistName378","GERMANY","Pop",812
379,"artistName379","CHINA","Jazz",813
380,"artistName380","MEXICO","Classical",814
381,"artistName381","AUSTRALIA","Blues",818
382,"artistName382","RUSSIA","Rock",822
383,"artistName383","GERMANY","Classical",826
384,"artistName384","RUSSIA","Blues",827
385,"artistName385","MEXICO","Jazz",828
386,"artistName386","CANADA","Blues",833
387,"artistName387","GERMANY","Metal",834
388,"artistName388","USA","Blues",837
389,"artistName389","GERMANY","Electronic",838
390,"artistName390","USA","Reggae",841
391,"artistName391","CHINA","Pop",842
392,"artistName392","CANADA","Metal",843
393,"artistName393","USA","Electronic",844
394,"artistName394","CHINA","Blues",846
395,"artistName395","CHINA","Blues",847
396,"artistName396","GERMANY","Metal",849
397,"artistName397","MEXICO","Rock",850
398,"artistName398","RUSSIA","Rock",852
399,"artistName399","CHINA","Classical",853
400,"artistName400","MEXICO","Reggae",854
401,"artistName401","USA","Metal",856
402,"artistName402","GERMANY","Blues",858
403,"artistName403","CANADA","Classical",859
404,"artistName404","RUSSIA","Pop",860
405,"artistName405","CHINA","Country",862
406,"artistName406","GERMANY","Blues",864
407,"artistName407","CANADA","Blues",865
408,"artistName408","CHINA","Classical",867
409,"artistName409","MEXICO","Jazz",870
410,"artistName410","AUSTRALIA","Classical",872
411,"artistName411","MEXICO","Rock",878
412,"artistName412","MEXICO","Hip Hop",879
413,"artistName413","GERMANY","Blues",880
414,"artistName414","GERMANY","Pop",882
415,"artistName415","USA","Pop",883
416,"artistName416","MEXICO","Metal",884
417,"artistName417","CHINA","Blues",885
418,"artistName418","CHINA","Electronic",887
419,"artistName419","CHINA","Electronic",888
420,"artistName420","USA","Blues",889
421,"artistName421","RUSSIA","Hip Hop",891
422,"artistName422","GERMANY","Blues",892
423,"artistName423","CANADA","Electronic",894
424,"artistName424","GERMANY","Rock",895
425,"artistName425","RUSSIA","Blues",896
426,"artistName426","AUSTRALIA","Metal",898
427,"artistName427","AUSTRALIA","Pop",899
428,"artistName428","RUSSIA","Electronic",900
429,"artistName429","CANADA","Jazz",905
430,"artistName430","MEXICO","Reggae",911
431,"artistName431","USA","Country",912
432,"artistName432","RUSSIA","Reggae",913
433,"artistName433","AUSTRALIA","Electronic",915
434,"artistName434","AUSTRALIA","Country",916
435,"artistName435","USA","Reggae",919
436,"artistName436","USA","Pop",920
437,"artistName437","USA","Hip Hop",922
438,"artistName438","CANADA","Blues",924
439,"artistName439","USA","Rock",925
440,"artistName440","RUSSIA","Country",926
441,"artistName441","RUSSIA","Blues",928
442,"artistName442","USA","Rock",929
443,"artistName443","USA","Jazz",930
444,"artistName444","MEXICO","Classical",933
445,"artistName445","CHINA","Rock",934
446,"artistName446","CANADA","Blues",935
447,"artistName447","USA","Metal",937
448,"artistName448","GERMANY","Pop",938
449,"artistName449","RUSSIA","Classical",941
450,"artistName450","MEXICO","Jazz",942
451,"artistName451","GERMANY","Country",943
452,"artistName452","AUSTRALIA","Country",945
453,"artistName453","CHINA","Rock",946
454,"artistName454","GERMANY","Pop",947
455,"artistName455","CANADA","Pop",948
456,"artistName456","CHINA","Reggae",949
457,"artistName457","GERMANY","Classical",954
458,"artistName458","MEXICO","Electronic",957
459,"artistName459","CANADA","Reggae",958
460,"artistName460","AUSTRALIA","Hip Hop",959
461,"artistName461","GERMANY","Rock",960
462,"artistName462","RUSSIA","Pop",961
463,"artistName463","USA","Blues",962
464,"artistName464","MEXICO","Classical",963
465,"artistName465","GERMANY","Jazz",964
466,"artistName466","CANADA","Country",969
467,"artistName467","GERMANY","Hip Hop",971
468,"artistName468","CANADA","Pop",974
469,"artistName469","CHINA","Hip Hop",975
470,"artistName470","MEXICO","Classical",977
471,"artistName471","GERMANY","Blues",979
472,"artistName472","CHINA","Metal",980
473,"artistName473","MEXICO","Metal",983
474,"artistName474","USA","Blues",984
475,"artistName475","RUSSIA","Hip Hop",985
476,"artistName476","CHINA","Rock",987
477,"artistName477","USA","Pop",988
478,"artistName478","RUSSIA","Country",989
479,"artistName479","AUSTRALIA","Blues",990
480,"artistName480","USA","Blues",992
481,"artistName481","RUSSIA","Classical",1000
482,"artistName482","CHINA","Pop",1001
483,"artistName483","AUSTRALIA","Metal",1003
484,"artistName484","AUSTRALIA","Electronic",1004
485,"artistName485","MEXICO","Jazz",1007
486,"artistName486","USA","Rock",1010
487,"artistName487","AUSTRALIA","Country",1011
488,"artistName488","RUSSIA","Metal",1013
489,"artistName489","AUSTRALIA","Blues",1015
490,"artistName490","GERMANY","Country",1016
491,"artistName491","GERMANY","Classical",1018
492,"artistName492","CANADA","Jazz",1019
493,"artistName493","RUSSIA","Classical",1020
494,"artistName494","USA","Rock",1021
495,"artistName495","CANADA","Country",1024
496,"artistName496","CHINA","Metal",1025
497,"artistName497","MEXICO","Pop",1026
498,"artistName498","RUSSIA","Pop",1027
499,"artistName499","RUSSIA","Jazz",1028
500,"artistName500","RUSSIA","Pop",1029
501,"artistName501","MEXICO","Reggae",1030
502,"artistName502","AUSTRALIA","Blues",1032
503,"artistName503","CHINA","Country",1037
504,"artistName504","RUSSIA","Country",1038
505,"artistName505","GERMANY","Rock",1041
506,"artistName506","USA","Blues",1043
507,"artistName507","GERMANY","Blues",1046
508,"artistName508","AUSTRALIA","Classical",1048
509,"artistName509","CANADA","Metal",1050
510,"artistName510","AUSTRALIA","Pop",1052
511,"artistName511","AUSTRALIA","Pop",1056
512,"artistName512","USA","Pop",1062
513,"artistName513","GERMANY","Pop",1063
514,"artistName514","GERMANY","Classical",1064
515,"artistName515","GERMANY","Electronic",1065
516,"artistName516","GERMANY","Electronic",1070
517,"artistName517","CHINA","Hip Hop",1073
518,"artistName518","RUSSIA","Classical",1075
519,"artistName519","CHINA","Jazz",1078
520,"artistName520","RUSSIA","Electronic",1080
521,"artistName521","RUSSIA","Hip Hop",1081
522,"artistName522","AUSTRALIA","Jazz",1082
523,"artistName523","RUSSIA","Country",1083
524,"artistName524","MEXICO","Blues",1085
525,"artistName525","MEXICO","Classical",1086
526,"artistName526","USA","Classical",1092
527,"artistName527","MEXICO","Blues",1095
528,"artistName528","AUSTRALIA","Electronic",1096
529,"artistName529","USA","Country",1100
530,"artistName530","RUSSIA","Country",1101
531,"artistName531","RUSSIA","Reggae",1103
532,"artistName532","GERMANY","Reggae",1104
533,"artistName533","CANADA","Metal",1107
534,"artistName534","RUSSIA","Rock",1108
535,"artistName535","MEXICO","Classical",1109
536,"artistName536","CANADA","Rock",1112
537,"artistName537","CHINA","Blues",1113
538,"artistName538","CANADA","Electronic",1114
539,"artistName539","GERMANY","Pop",1116
540,"artistName540","RUSSIA","Blues",1119
541,"artistName541","MEXICO","Electronic",1120
542,"artistName542","CHINA","Pop",1121
543,"artistName543","CANADA","Rock",1122
544,"artistName544","MEXICO","Rock",1124
545,"artistName545","MEXICO","Electronic",1127
546,"artistName546","MEXICO","Electronic",1129
547,"artistName547","AUSTRALIA","Electronic",1130
548,"artistName548","GERMANY","Electronic",1131
549,"artistName549","AUSTRALIA","Metal",1133
550,"artistName550","AUSTRALIA","Blues",1134
551,"artistName551","RUSSIA","Rock",1136
552,"artistName552","AUSTRALIA","Classical",1138
553,"artistName553","CHINA","Jazz",1145
554,"artistName554","GERMANY","Classical",1146
555,"artistName555","CHINA","Pop",1152
556,"artistName556","CHINA","Country",1154
557,"artistName557","MEXICO","Jazz",1156
558,"artistName558","RUSSIA","Rock",1158
559,"artistName559","RUSSIA","Country",1159
560,"artistName560","CHINA","Metal",1160
561,"artistName561","MEXICO","Classical",1161
562,"artistName562","CHINA","Country",1164
563,"artistName563","RUSSIA","Hip Hop",1165
564,"artistName564","AUSTRALIA","Blues",1166
565,"artistName565","GERMANY","Hip Hop",1168
566,"artistName566","GERMANY","Metal",1169
567,"artistName567","GERMANY","Blues",1170
568,"artistName568","CANADA","Rock",1171
569,"artistName569","AUSTRALIA","Blues",1172
570,"artistName570","MEXICO","Electronic",1173
571,"artistName571","RUSSIA","Reggae",1175
572,"artistName572","GERMANY","Rock",1177
573,"artistName573","AUSTRALIA","Pop",1178
574,"artistName574","RUSSIA","Country",1179
575,"artistName575","MEXICO","Jazz",1180
576,"artistName576","CHINA","Electronic",1183
577,"artistName577","AUSTRALIA","Reggae",1184
578,"artistName578","CHINA","Reggae",1187
579,"artistName579","MEXICO","Pop",1188
580,"artistName580","CANADA","Classical",1189
581,"artistName581","MEXICO","Metal",1191
582,"artistName582","GERMANY","Metal",1192
583,"artistName583","MEXICO","Rock",1193
584,"artistName584","AUSTRALIA","Reggae",1194
585,"artistName585","USA","Electronic",1197
586,"artistName586","CHINA","Blues",1198
587,"artistName587","AUSTRALIA","Country",1199
588,"artistName588","CHINA","Reggae",1200
589,"artistName589","AUSTRALIA","Blues",1201
590,"artistName590","RUSSIA","Hip Hop",1202
591,"artistName591","RUSSIA","Jazz",1203
592,"artistName592","RUSSIA","Classical",1204
593,"artistName593","AUSTRALIA","Rock",1205
594,"artistName594","AUSTRALIA","Rock",1208
595,"artistName595","AUSTRALIA","Country",1213
596,"artistName596","AUSTRALIA","Pop",1214
597,"artistName597","RUSSIA","Metal",1220
598,"artistName598","RUSSIA","Blues",1228
599,"artistName599","AUSTRALIA","Metal",1235
600,"artistName600","RUSSIA","Metal",1238
601,"artistName601","CANADA","Metal",1240
602,"artistName602","USA","Jazz",1241
603,"artistName603","RUSSIA","Classical",1244
604,"artistName604","MEXICO","Pop",1249
605,"artistName605","RUSSIA","Classical",1250
606,"artistName606","CANADA","Reggae",1252
607,"artistName607","RUSSIA","Blues",1253
608,"artistName608","AUSTRALIA","Reggae",1254
609,"artistName609","AUSTRALIA","Reggae",1255
610,"artistName610","CANADA","Hip Hop",1256
611,"artistName611","AUSTRALIA","Rock",1257
612,"artistName612","AUSTRALIA","Hip Hop",1258
613,"artistName613","AUSTRALIA","Pop",1260
614,"artistName614","MEXICO","Blues",1266
615,"artistName615","CHINA","Blues",1268
616,"artistName616","AUSTRALIA","Hip Hop",1269
617,"artistName617","GERMANY","Reggae",1270
618,"artistName618","GERMANY","Electronic",1271
619,"artistName619","GERMANY","Hip Hop",1272
620,"artistName620","MEXICO","Reggae",1273
621,"artistName621","USA","Classical",1276
622,"artistName622","RUSSIA","Pop",1277
623,"artistName623","GERMANY","Reggae",1278
624,"artistName624","CANADA","Blues",1281
625,"artistName625","USA","Classical",1282
626,"artistName626","GERMANY","Jazz",1283
627,"artistName627","AUSTRALIA","Metal",1284
628,"artistName628","MEXICO","Pop",1287
629,"artistName629","RUSSIA","Electronic",1289
630,"artistName630","AUSTRALIA","Jazz",1290
631,"artistName631","GERMANY","Classical",1291
632,"artistName632","RUSSIA","Electronic",1292
633,"artistName633","CANADA","Rock",1294
634,"artistName634","CHINA","Country",1295
635,"artistName635","CHINA","Classical",1298
636,"artistName636","MEXICO","Jazz",1300
637,"artistName637","GERMANY","Pop",1302
638,"artistName638","USA","Pop",1304
639,"artistName639","RUSSIA","Classical",1306
640,"artistName640","RUSSIA","Hip Hop",1307
641,"artistName641","AUSTRALIA","Blues",1308
642,"artistName642","RUSSIA","Reggae",1309
643,"artistName643","AUSTRALIA","Reggae",1311
644,"artistName644","CHINA","Classical",1314
645,"artistName645","CANADA","Reggae",1318
646,"artistName646","USA","Jazz",1320
647,"artistName647","RUSSIA","Jazz",1324
648,"artistName648","CHINA","Jazz",1325
649,"artistName649","USA","Jazz",1327
650,"artistName650","USA","Rock",1328
651,"artistName651","MEXICO","Metal",1329
652,"artistName652","CHINA","Electronic",1330
653,"artistName653","GERMANY","Pop",1334
654,"artistName654","RUSSIA","Jazz",1335
655,"artistName655","USA","Hip Hop",1336
656,"artistName656","CHINA","Country",1338
657,"artistName657","CANADA","Hip Hop",1339
658,"artistName658","CANADA","Reggae",1342
659,"artistName659","USA","Classical",1343
660,"artistName660","AUSTRALIA","Classical",1345
661,"artistName661","CANADA","Classical",1346
662,"artistName662","USA","Metal",1348
663,"artistName663","MEXICO","Pop",1351
664,"artistName664","CHINA","Rock",1352
665,"artistName665","MEXICO","Pop",1353
666,"artistName666","CHINA","Jazz",1354
667,"artistName667","CANADA","Electronic",1355
668,"artistName668","MEXICO","Hip Hop",1357
669,"artistName669","AUSTRALIA","Jazz",1359
670,"artistName670","USA","Metal",1360
671,"artistName671","USA","Country",1361
672,"artistName672","AUSTRALIA","Pop",1366
673,"artistName673","CANADA","Pop",1369
674,"artistName674","USA","Blues",1371
675,"artistName675","USA","Rock",1373
676,"artistName676","USA","Metal",1374
677,"artistName677","RUSSIA","Electronic",1375
678,"artistName678","GERMANY","Metal",1376
679,"artistName679","USA","Blues",1381
680,"artistName680","AUSTRALIA","Reggae",1382
681,"artistName681","USA","Rock",1384
682,"artistName682","AUSTRALIA","Country",1386
683,"artistName683","CHINA","Pop",1387
684,"artistName684","MEXICO","Hip Hop",1388
685,"artistName685","GERMANY","Hip Hop",1389
686,"artistName686","GERMANY","Blues",1390
687,"artistName687","CHINA","Rock",1394
688,"artistName688","AUSTRALIA","Country",1397
689,"artistName689","MEXICO","Jazz",1401
690,"artistName690","CANADA","Blues",1402
691,"artistName691","CANADA","Classical",1403
692,"artistName692","AUSTRALIA","Rock",1404
693,"artistName693","RUSSIA","Rock",1406
694,"artistName694","MEXICO","Hip Hop",1409
695,"artistName695","MEXICO","Hip Hop",1410
696,"artistName696","RUSSIA","Jazz",1412
697,"artistName697","USA","Hip Hop",1414
698,"artistName698","CHINA","Country",1416
699,"artistName699","CHINA","Jazz",1418
700,"artistName700","MEXICO","Pop",1420
701,"artistName701","CANADA","Hip Hop",1422
702,"artistName702","AUSTRALIA","Classical",1423
703,"artistName703","GERMANY","Classical",1426
704,"artistName704","MEXICO","Rock",1427
705,"artistName705","RUSSIA","Electronic",1428
706,"artistName706","CHINA","Reggae",1431
707,"artistName707","CHINA","Jazz",1432
708,"artistName708","USA","Rock",1433
709,"artistName709","MEXICO","Electronic",1434
710,"artistName710","AUSTRALIA","Hip Hop",1435
711,"artistName711","RUSSIA","Rock",1437
712,"artistName712","USA","Metal",1443
713,"artistName713","USA","Jazz",1444
714,"artistName714","CANADA","Reggae",1446
715,"artistName715","AUSTRALIA","Hip Hop",1448
716,"artistName716","RUSSIA","Blues",1449
717,"artistName717","AUSTRALIA","Country",1450
718,"artistName718","RUSSIA","Rock",1451
719,"artistName719","GERMANY","Pop",1454
720,"artistName720","AUSTRALIA","Reggae",1455
721,"artistName721","CANADA","Classical",1456
722,"artistName722","USA","Country",1457
723,"artistName723","CHINA","Jazz",1459
724,"artistName724","GERMANY","Reggae",1460
725,"artistName725","CANADA","Jazz",1461
726,"artistName726","CANADA","Jazz",1462
727,"artistName727","GERMANY","Country",1463
728,"artistName728","CANADA","Hip Hop",1464
729,"artistName729","CHINA","Classical",1465
730,"artistName730","AUSTRALIA","Hip Hop",1466
731,"artistName731","CHINA","Pop",1469
732,"artistName732","AUSTRALIA","Hip Hop",1470
733,"artistName733","RUSSIA","Rock",1472
734,"artistName734","USA","Reggae",1473
735,"artistName735","GERMANY","Metal",1475
736,"artistName736","CANADA","Metal",1478
737,"artistName737","CHINA","Jazz",1480
738,"artistName738","CANADA","Jazz",1481
739,"artistName739","MEXICO","Jazz",1482
740,"artistName740","USA","Blues",1486
741,"artistName741","USA","Metal",1489
742,"artistName742","MEXICO","Country",1490
743,"artistName743","GERMANY","Blues",1492
744,"artistName744","RUSSIA","Reggae",1493
745,"artistName745","CHINA","Classical",1497
746,"artistName746","GERMANY","Electronic",1499
747,"artistName747","GERMANY","Pop",1500
748,"artistName748","GERMANY","Hip Hop",1501
749,"artistName749","GERMANY","Classical",1504
750,"artistName750","USA","Electronic",1507
751,"artistName751","RUSSIA","Hip Hop",1508
752,"artistName752","GERMANY","Reggae",1509
753,"artistName753","USA","Electronic",1510
754,"artistName754","RUSSIA","Country",1515
755,"artistName755","GERMANY","Metal",1516
756,"artistName756","CHINA","Classical",1517
757,"artistName757","AUSTRALIA","Jazz",1518
758,"artistName758","GERMANY","Electronic",1519
759,"artistName759","RUSSIA","Reggae",1520
760,"artistName760","CANADA","Hip Hop",1521
761,"artistName761","RUSSIA","Electronic",1522
762,"artistName762","MEXICO","Electronic",1524
763,"artistName763","GERMANY","Rock",1525
764,"artistName764","USA","Classical",1526
765,"artistName765","CANADA","Jazz",1528
766,"artistName766","USA","Metal",1530
767,"artistName767","AUSTRALIA","Hip Hop",1531
768,"artistName768","AUSTRALIA","Classical",1532
769,"artistName769","CHINA","Country",1535
770,"artistName770","CANADA","Jazz",1536
771,"artistName771","AUSTRALIA","Reggae",1537
772,"artistName772","MEXICO","Blues",1538
773,"artistName773","MEXICO","Pop",1542
774,"artistName774","RUSSIA","Hip Hop",1546
775,"artistName775","USA","Hip Hop",1547
776,"artistName776","CHINA","Classical",1552
777,"artistName777","USA","Country",1553
778,"artistName778","RUSSIA","Pop",1556
779,"artistName779","AUSTRALIA","Classical",1557
780,"artistName780","RUSSIA","Reggae",1558
781,"artistName781","AUSTRALIA","Country",1560
782,"artistName782","RUSSIA","Rock",1561
783,"artistName783","MEXICO","Country",1564
784,"artistName784","CHINA","Blues",1567
785,"artistName785","MEXICO","Pop",1568
786,"artistName786","AUSTRALIA","Pop",1569
787,"artistName787","AUSTRALIA","Jazz",1570
788,"artistName788","CHINA","Classical",1571
789,"artistName789","USA","Electronic",1572
790,"artistName790","MEXICO","Classical",1573
791,"artistName791","RUSSIA","Country",1575
792,"artistName792","AUSTRALIA","Pop",1579
793,"artistName793","RUSSIA","Jazz",1581
794,"artistName794","CHINA","Rock",1582
795,"artistName795","AUSTRALIA","Pop",1585
796,"artistName796","RUSSIA","Jazz",1586
797,"artistName797","CHINA","Country",1589
798,"artistName798","RUSSIA","Pop",1592
799,"artistName799","CHINA","Metal",1596
800,"artistName800","MEXICO","Jazz",1597
801,"artistName801","MEXICO","Metal",1598
802,"artistName802","USA","Hip Hop",1601
803,"artistName803","RUSSIA","Electronic",1602
804,"artistName804","MEXICO","Classical",1603
805,"artistName805","AUSTRALIA","Classical",1604
806,"artistName806","CHINA","Hip Hop",1608
807,"artistName807","RUSSIA","Pop",1610
808,"artistName808","CHINA","Rock",1611
809,"artistName809","RUSSIA","Jazz",1613
810,"artistName810","CHINA","Rock",1614
811,"artistName811","RUSSIA","Electronic",1615
812,"artistName812","AUSTRALIA","Blues",1616
813,"artistName813","MEXICO","Country",1617
814,"artistName814","MEXICO","Electronic",1619
815,"artistName815","CHINA","Metal",1622
816,"artistName816","CANADA","Classical",1623
817,"artistName817","USA","Blues",1624
818,"artistName818","CANADA","Country",1625
819,"artistName819","CANADA","Electronic",1626
820,"artistName820","CHINA","Country",1627
821,"artistName821","MEXICO","Metal",1629
822,"artistName822","AUSTRALIA","Electronic",1631
823,"artistName823","GERMANY","Classical",1632
824,"artistName824","GERMANY","Electronic",1633
825,"artistName825","RUSSIA","Country",1635
826,"artistName826","CHINA","Reggae",1637
827,"artistName827","MEXICO","Metal",1639
828,"artistName828","MEXICO","Hip Hop",1646
829,"artistName829","CANADA","Classical",1653
830,"artistName830","RUSSIA","Jazz",1654
831,"artistName831","CHINA","Reggae",1659
832,"artistName832","RUSSIA","Country",1660
833,"artistName833","MEXICO","Country",1662
834,"artistName834","MEXICO","Pop",1669
835,"artistName835","RUSSIA","Classical",1670
836,"artistName836","AUSTRALIA","Classical",1674
837,"artistName837","CANADA","Country",1675
838,"artistName838","CHINA","Reggae",1677
839,"artistName839","USA","Hip Hop",1678
840,"artistName840","RUSSIA","Pop",1682
841,"artistName841","CHINA","Reggae",1683
842,"artistName842","USA","Metal",1684
843,"artistName843","CANADA","Metal",1686
844,"artistName844","CHINA","Pop",1687
845,"artistName845","MEXICO","Rock",1693
846,"artistName846","CANADA","Hip Hop",1694
847,"artistName847","CHINA","Classical",1695
848,"artistName848","USA","Reggae",1701
849,"artistName849","MEXICO","Electronic",1702
850,"artistName850","CANADA","Country",1703
851,"artistName851","RUSSIA","Metal",1709
852,"artistName852","GERMANY","Jazz",1711
853,"artistName853","CANADA","Blues",1712
854,"artistName854","CANADA","Blues",1713
855,"artistName855","GERMANY","Reggae",1714
856,"artistName856","USA","Hip Hop",1715
857,"artistName857","AUSTRALIA","Electronic",1716
858,"artistName858","CANADA","Country",1717
859,"artistName859","CHINA","Reggae",1719
860,"artistName860","CHINA","Reggae",1724
861,"artistName861","GERMANY","Rock",1726
862,"artistName862","AUSTRALIA","Classical",1727
863,"artistName863","CHINA","Blues",1729
864,"artistName864","CHINA","Blues",1730
865,"artistName865","USA","Blues",1731
866,"artistName866","USA","Country",1733
867,"artistName867","MEXICO","Pop",1737
868,"artistName868","CANADA","Rock",1741
869,"artistName869","USA","Country",1744
870,"artistName870","CANADA","Jazz",1745
871,"artistName871","GERMANY","Rock",1746
872,"artistName872","GERMANY","Reggae",1747
873,"artistName873","USA","Hip Hop",1751
874,"artistName874","CANADA","Rock",1753
875,"artistName875","MEXICO","Rock",1758
876,"artistName876","MEXICO","Pop",1761
877,"artistName877","AUSTRALIA","Rock",1762
878,"artistName878","GERMANY","Rock",1765
879,"artistName879","RUSSIA","Jazz",1766
880,"artistName880","CANADA","Electronic",1768
881,"artistName881","CANADA","Blues",1770
882,"artistName882","AUSTRALIA","Hip Hop",1771
883,"artistName883","RUSSIA","Blues",1773
884,"artistName884","CHINA","Hip Hop",1775
885,"artistName885","AUSTRALIA","Electronic",1777
886,"artistName886","USA","Pop",1778
887,"artistName887","RUSSIA","Hip Hop",1779
888,"artistName888","MEXICO","Metal",1782
889,"artistName889","USA","Electronic",1786
890,"artistName890","AUSTRALIA","Blues",1787
891,"artistName891","CHINA","Metal",1789
892,"artistName892","AUSTRALIA","Rock",1791
893,"artistName893","AUSTRALIA","Blues",1793
894,"artistName894","AUSTRALIA","Jazz",1796
895,"artistName895","GERMANY","Classical",1799
896,"artistName896","USA","Reggae",1800
897,"artistName897","CHINA","Pop",1802
898,"artistName898","GERMANY","Reggae",1804
899,"artistName899","USA","Classical",1808
900,"artistName900","USA","Country",1809
901,"artistName901","CANADA","Jazz",1813
902,"artistName902","CANADA","Reggae",1815
903,"artistName903","USA","Blues",1816
904,"artistName904","CHINA","Hip Hop",1817
905,"artistName905","CANADA","Hip Hop",1818
906,"artistName906","AUSTRALIA","Hip Hop",1819
907,"artistName907","USA","Electronic",1820
908,"artistName908","GERMANY","Metal",1822
909,"artistName909","MEXICO","Reggae",1823
910,"artistName910","AUSTRALIA","Country",1825
911,"artistName911","CANADA","Metal",1828
912,"artistName912","AUSTRALIA","Electronic",1829
913,"artistName913","CANADA","Blues",1830
914,"artistName914","USA","Country",1835
915,"artistName915","CANADA","Electronic",1837
916,"artistName916","USA","Jazz",1838
917,"artistName917","CHINA","Rock",1839
918,"artistName918","RUSSIA","Rock",1841
919,"artistName919","RUSSIA","Metal",1844
920,"artistName920","MEXICO","Pop",1845
921,"artistName921","RUSSIA","Country",1849
922,"artistName922","CANADA","Rock",1850
923,"artistName923","CANADA","Jazz",1851
924,"artistName924","CHINA","Country",1855
925,"artistName925","CHINA","Hip Hop",1858
926,"artistName926","GERMANY","Country",1859
927,"artistName927","AUSTRALIA","Blues",1860
928,"artistName928","AUSTRALIA","Rock",1866
929,"artistName929","CANADA","Classical",1867
930,"artistName930","GERMANY","Rock",1868
931,"artistName931","RUSSIA","Blues",1870
932,"artistName932","CHINA","Rock",1871
933,"artistName933","GERMANY","Pop",1872
934,"artistName934","RUSSIA","Blues",1873
935,"artistName935","MEXICO","Blues",1878
936,"artistName936","CHINA","Rock",1879
937,"artistName937","CHINA","Pop",1881
938,"artistName938","USA","Electronic",1884
939,"artistName939","GERMANY","Jazz",1885
940,"artistName940","CHINA","Reggae",1886
941,"artistName941","RUSSIA","Jazz",1887
942,"artistName942","CHINA","Rock",1888
943,"artistName943","CANADA","Reggae",1889
944,"artistName944","USA","Metal",1890
945,"artistName945","CANADA","Classical",1893
946,"artistName946","AUSTRALIA","Hip Hop",1894
947,"artistName947","MEXICO","Country",1895
948,"artistName948","AUSTRALIA","Hip Hop",1897
949,"artistName949","RUSSIA","Reggae",1898
950,"artistName950","CHINA","Reggae",1899
951,"artistName951","CHINA","Jazz",1900
952,"artistName952","CHINA","Rock",1902
953,"artistName953","AUSTRALIA","Classical",1903
954,"artistName954","GERMANY","Hip Hop",1904
955,"artistName955","RUSSIA","Classical",1907
956,"artistName956","GERMANY","Metal",1908
957,"artistName957","CANADA","Country",1909
958,"artistName958","CANADA","Country",1910
959,"artistName959","RUSSIA","Pop",1911
960,"artistName960","RUSSIA","Metal",1916
961,"artistName961","RUSSIA","Rock",1917
962,"artistName962","GERMANY","Rock",1918
963,"artistName963","RUSSIA","Blues",1922
964,"artistName964","MEXICO","Electronic",1925
965,"artistName965","USA","Reggae",1928
966,"artistName966","CHINA","Rock",1929
967,"artistName967","MEXICO","Metal",1935
968,"artistName968","CANADA","Pop",1936
969,"artistName969","MEXICO","Blues",1937
970,"artistName970","CANADA","Classical",1938
971,"artistName971","GERMANY","Blues",1939
972,"artistName972","RUSSIA","Blues",1941
973,"artistName973","GERMANY","Metal",1942
974,"artistName974","USA","Hip Hop",1943
975,"artistName975","CHINA","Electronic",1948
976,"artistName976","AUSTRALIA","Jazz",1949
977,"artistName977","AUSTRALIA","Hip Hop",1950
978,"artistName978","GERMANY","Electronic",1951
979,"artistName979","CANADA","Rock",1952
980,"artistName980","RUSSIA","Pop",1953
981,"artistName981","MEXICO","Jazz",1955
982,"artistName982","AUSTRALIA","Electronic",1961
983,"artistName983","CHINA","Jazz",1962
984,"artistName984","MEXICO","Metal",1967
985,"artistName985","GERMANY","Reggae",1968
986,"artistName986","CANADA","Metal",1970
987,"artistName987","GERMANY","Country",1971
988,"artistName988","USA","Blues",1972
989,"artistName989","CHINA","Reggae",1973
990,"artistName990","GERMANY","Jazz",1975
991,"artistName991","AUSTRALIA","Hip Hop",1976
992,"artistName992","GERMANY","Jazz",1981
993,"artistName993","USA","Reggae",1982
994,"artistName994","CHINA","Hip Hop",1984
995,"artistName995","MEXICO","Electronic",1985
996,"artistName996","RUSSIA","Electronic",1986
997,"artistName997","MEXICO","Reggae",1991
998,"artistName998","MEXICO","Classical",1992
999,"artistName999","AUSTRALIA","Reggae",1993
1000,"artistName1000","AUSTRALIA","Hip Hop",1995
1001,"artistName1001","RUSSIA","Classical",2001
1002,"artistName1002","USA","Hip Hop",2003
1003,"artistName1003","USA","Jazz",2006
1004,"artistName1004","AUSTRALIA","Rock",2009
1005,"artistName1005","MEXICO","Country",2012
1006,"artistName1006","USA","Reggae",2019
1007,"artistName1007","CHINA","Hip Hop",2026
1008,"artistName1008","MEXICO","Metal",2029
1009,"artistName1009","RUSSIA","Country",2030
1010,"artistName1010","CANADA","Blues",2031
1011,"artistName1011","GERMANY","Pop",2033
1012,"artistName1012","CHINA","Hip Hop",2038
1013,"artistName1013","USA","Reggae",2039
1014,"artistName1014","AUSTRALIA","Electronic",2040
1015,"artistName1015","CHINA","Jazz",2041
1016,"artistName1016","MEXICO","Rock",2043
1017,"artistName1017","USA","Rock",2045
1018,"artistName1018","AUSTRALIA","Electronic",2046
1019,"artistName1019","AUSTRALIA","Classical",2048
1020,"artistName1020","CANADA","Reggae",2049
1021,"artistName1021","MEXICO","Hip Hop",2050
1022,"artistName1022","RUSSIA","Pop",2051
1023,"artistName1023","GERMANY","Reggae",2058
1024,"artistName1024","USA","Country",2059
1025,"artistName1025","GERMANY","Electronic",2060
1026,"artistName1026","GERMANY","Country",2064
1027,"artistName1027","RUSSIA","Blues",2065
1028,"artistName1028","CANADA","Reggae",2066
1029,"artistName1029","MEXICO","Hip Hop",2068
1030,"artistName1030","CANADA","Pop",2069
1031,"artistName1031","CHINA","Rock",2072
1032,"artistName1032","MEXICO","Rock",2073
1033,"artistName1033","RUSSIA","Rock",2074
1034,"artistName1034","MEXICO","Blues",2076
1035,"artistName1035","AUSTRALIA","Rock",2077
1036,"artistName1036","CANADA","Blues",2079
1037,"artistName1037","CANADA","Electronic",2081
1038,"artistName1038","GERMANY","Reggae",2085
1039,"artistName1039","RUSSIA","Classical",2088
1040,"artistName1040","CANADA","Country",2092
1041,"artistName1041","CANADA","Metal",2095
1042,"artistName1042","AUSTRALIA","Reggae",2096
1043,"artistName1043","RUSSIA","Classical",2099
1044,"artistName1044","USA","Electronic",2100
1045,"artistName1045","GERMANY","Electronic",2101
1046,"artistName1046","AUSTRALIA","Hip Hop",2102
1047,"artistName1047","CANADA","Country",2104
1048,"artistName1048","GERMANY","Classical",2111
1049,"artistName1049","MEXICO","Hip Hop",2113
1050,"artistName1050","USA","Classical",2115
1051,"artistName1051","GERMANY","Metal",2117
1052,"artistName1052","USA","Electronic",2121
1053,"artistName1053","MEXICO","Jazz",2124
1054,"artistName1054","USA","Reggae",2125
1055,"artistName1055","AUSTRALIA","Classical",2127
1056,"artistName1056","GERMANY","Pop",2130
1057,"artistName1057","MEXICO","Electronic",2131
1058,"artistName1058","MEXICO","Electronic",2132
1059,"artistName1059","CANADA","Metal",2135
1060,"artistName1060","GERMANY","Rock",2136
1061,"artistName1061","CHINA","Classical",2139
1062,"artistName1062","USA","Country",2142
1063,"artistName1063","AUSTRALIA","Jazz",2143
1064,"artistName1064","CHINA","Hip Hop",2146
1065,"artistName1065","USA","Blues",2147
1066,"artistName1066","AUSTRALIA","Jazz",2149
1067,"artistName1067","MEXICO","Pop",2150
1068,"artistName1068","CHINA","Pop",2151
1069,"artistName1069","USA","Jazz",2153
1070,"artistName1070","CHINA","Country",2155
1071,"artistName1071","CHINA","Jazz",2158
1072,"artistName1072","AUSTRALIA","Rock",2163
1073,"artistName1073","USA","Country",2164
1074,"artistName1074","MEXICO","Metal",2165
1075,"artistName1075","USA","Electronic",2169
1076,"artistName1076","GERMANY","Blues",2171
1077,"artistName1077","MEXICO","Classical",2172
1078,"artistName1078","GERMANY","Rock",2174
1079,"artistName1079","RUSSIA","Blues",2177
1080,"artistName1080","USA","Country",2178
1081,"artistName1081","USA","Blues",2179
1082,"artistName1082","USA","Classical",2186
1083,"artistName1083","GERMANY","Pop",2187
1084,"artistName1084","AUSTRALIA","Hip Hop",2190
1085,"artistName1085","CANADA","Blues",2192
1086,"artistName1086","CHINA","Pop",2193
1087,"artistName1087","MEXICO","Jazz",2195
1088,"artistName1088","RUSSIA","Classical",2196
1089,"artistName1089","CHINA","Pop",2197
1090,"artistName1090","CHINA","Pop",2201
1091,"artistName1091","CANADA","Rock",2202
1092,"artistName1092","CANADA","Blues",2203
1093,"artistName1093","MEXICO","Reggae",2205
1094,"artistName1094","MEXICO","Reggae",2206
1095,"artistName1095","USA","Metal",2207
1096,"artistName1096","GERMANY","Jazz",2208
1097,"artistName1097","CANADA","Pop",2209
1098,"artistName1098","GERMANY","Rock",2211
1099,"artistName1099","AUSTRALIA","Rock",2214
1100,"artistName1100","CHINA","Reggae",2220
1101,"artistName1101","USA","Jazz",2221
1102,"artistName1102","USA","Metal",2223
1103,"artistName1103","AUSTRALIA","Hip Hop",2227
1104,"artistName1104","MEXICO","Pop",2228
1105,"artistName1105","RUSSIA","Hip Hop",2231
1106,"artistName1106","RUSSIA","Reggae",2233
1107,"artistName1107","CHINA","Rock",2234
1108,"artistName1108","RUSSIA","Metal",2241
1109,"artistName1109","CANADA","Metal",2242
1110,"artistName1110","AUSTRALIA","Metal",2245
1111,"artistName1111","MEXICO","Metal",2246
1112,"artistName1112","RUSSIA","Jazz",2248
1113,"artistName1113","CHINA","Rock",2253
1114,"artistName1114","RUSSIA","Country",2254
1115,"artistName1115","CANADA","Hip Hop",2258
1116,"artistName1116","RUSSIA","Blues",2261
1117,"artistName1117","CANADA","Country",2262
1118,"artistName1118","CHINA","Rock",2263
1119,"artistName1119","USA","Reggae",2264
1120,"artistName1120","CHINA","Blues",2266
1121,"artistName1121","CANADA","Country",2268
1122,"artistName1122","AUSTRALIA","Metal",2269
1123,"artistName1123","AUSTRALIA","Hip Hop",2270
1124,"artistName1124","CANADA","Electronic",2272
1125,"artistName1125","RUSSIA","Pop",2275
1126,"artistName1126","CHINA","Classical",2278
1127,"artistName1127","RUSSIA","Classical",2279
1128,"artistName1128","MEXICO","Metal",2283
1129,"artistName1129","RUSSIA","Rock",2288
1130,"artistName1130","CHINA","Reggae",2290
1131,"artistName1131","USA","Electronic",2291
1132,"artistName1132","GERMANY","Classical",2292
1133,"artistName1133","RUSSIA","Hip Hop",2293
1134,"artistName1134","CHINA","Country",2294
1135,"artistName1135","CANADA","Classical",2295
1136,"artistName1136","RUSSIA","Rock",2298
1137,"artistName1137","GERMANY","Blues",2299
1138,"artistName1138","GERMANY","Jazz",2301
1139,"artistName1139","GERMANY","Hip Hop",2302
1140,"artistName1140","CANADA","Metal",2304
1141,"artistName1141","MEXICO","Country",2309
1142,"artistName1142","GERMANY","Classical",2313
1143,"artistName1143","MEXICO","Electronic",2314
1144,"artistName1144","MEXICO","Pop",2315
1145,"artistName1145","CHINA","Reggae",2320
1146,"artistName1146","MEXICO","Reggae",2321
1147,"artistName1147","USA","Metal",2323
1148,"artistName1148","RUSSIA","Metal",2325
1149,"artistName1149","CHINA","Pop",2327
1150,"artistName1150","CANADA","Blues",2329
1151,"artistName1151","CHINA","Electronic",2331
1152,"artistName1152","CHINA","Metal",2332
1153,"artistName1153","USA","Electronic",2335
1154,"artistName1154","MEXICO","Pop",2336
1155,"artistName1155","CHINA","Country",2337
1156,"artistName1156","MEXICO","Hip Hop",2338
1157,"artistName1157","CHINA","Country",2343
1158,"artistName1158","CHINA","Hip Hop",2345
1159,"artistName1159","CANADA","Rock",2347
1160,"artistName1160","USA","Blues",2350
1161,"artistName1161","GERMANY","Reggae",2351
1162,"artistName1162","RUSSIA","Rock",2352
1163,"artistName1163","USA","Metal",2354
1164,"artistName1164","AUSTRALIA","Pop",2355
1165,"artistName1165","RUSSIA","Country",2356
1166,"artistName1166","CHINA","Jazz",2358
1167,"artistName1167","CANADA","Electronic",2361
1168,"artistName1168","CHINA","Blues",2362
1169,"artistName1169","RUSSIA","Electronic",2363
1170,"artistName1170","GERMANY","Pop",2365
1171,"artistName1171","AUSTRALIA","Electronic",2370
1172,"artistName1172","AUSTRALIA","Electronic",2373
1173,"artistName1173","CANADA","Electronic",2374
1174,"artistName1174","CANADA","Hip Hop",2379
1175,"artistName1175","CHINA","Metal",2382
1176,"artistName1176","USA","Blues",2383
1177,"artistName1177","USA","Blues",2384
1178,"artistName1178","AUSTRALIA","Electronic",2388
1179,"artistName1179","CANADA","Jazz",2389
1180,"artistName1180","USA","Electronic",2390
1181,"artistName1181","AUSTRALIA","Blues",2391
1182,"artistName1182","USA","Jazz",2393
1183,"artistName1183","RUSSIA","Electronic",2397
1184,"artistName1184","MEXICO","Country",2398
1185,"artistName1185","RUSSIA","Metal",2404
1186,"artistName1186","AUSTRALIA","Country",2406
1187,"artistName1187","MEXICO","Classical",2407
1188,"artistName1188","CANADA","Electronic",2410
1189,"artistName1189","GERMANY","Metal",2411
1190,"artistName1190","MEXICO","Hip Hop",2412
1191,"artistName1191","USA","Hip Hop",2414
1192,"artistName1192","CHINA","Pop",2416
1193,"artistName1193","GERMANY","Jazz",2417
1194,"artistName1194","GERMANY","Hip Hop",2420
1195,"artistName1195","CANADA","Metal",2422
1196,"artistName1196","CHINA","Country",2423
1197,"artistName1197","CHINA","Electronic",2424
1198,"artistName1198","AUSTRALIA","Hip Hop",2425
1199,"artistName1199","CHINA","Metal",2426
1200,"artistName1200","CHINA","Country",2428
1201,"artistName1201","MEXICO","Classical",2432
1202,"artistName1202","CANADA","Pop",2433
1203,"artistName1203","AUSTRALIA","Reggae",2435
1204,"artistName1204","MEXICO","Pop",2436
1205,"artistName1205","RUSSIA","Reggae",2441
1206,"artistName1206","AUSTRALIA","Classical",2442
1207,"artistName1207","CANADA","Rock",2443
1208,"artistName1208","RUSSIA","Hip Hop",2446
1209,"artistName1209","USA","Pop",2447
1210,"artistName1210","RUSSIA","Country",2448
1211,"artistName1211","CANADA","Rock",2451
1212,"artistName1212","AUSTRALIA","Country",2452
1213,"artistName1213","AUSTRALIA","Classical",2455
1214,"artistName1214","AUSTRALIA","Pop",2456
1215,"artistName1215","CANADA","Pop",2457
1216,"artistName1216","USA","Rock",2458
1217,"artistName1217","RUSSIA","Blues",2463
1218,"artistName1218","MEXICO","Country",2467
1219,"artistName1219","RUSSIA","Country",2469
1220,"artistName1220","CHINA","Electronic",2471
1221,"artistName1221","CANADA","Metal",2474
1222,"artistName1222","USA","Country",2475
1223,"artistName1223","RUSSIA","Blues",2477
1224,"artistName1224","CANADA","Classical",2478
1225,"artistName1225","CHINA","Classical",2480
1226,"artistName1226","CHINA","Reggae",2481
1227,"artistName1227","RUSSIA","Metal",2482
1228,"artistName1228","USA","Country",2485
1229,"artistName1229","MEXICO","Reggae",2486
1230,"artistName1230","MEXICO","Classical",2487
1231,"artistName1231","GERMANY","Hip Hop",2491
1232,"artistName1232","CHINA","Metal",2492
1233,"artistName1233","CANADA","Classical",2493
1234,"artistName1234","USA","Pop",2495
1235,"artistName1235","GERMANY","Jazz",2497
1236,"artistName1236","GERMANY","Rock",2500
1237,"artistName1237","USA","Blues",2501
1238,"artistName1238","USA","Hip Hop",2502
1239,"artistName1239","MEXICO","Metal",2503
1240,"artistName1240","RUSSIA","Jazz",2504
1241,"artistName1241","GERMANY","Classical",2508
1242,"artistName1242","MEXICO","Reggae",2512
1243,"artistName1243","GERMANY","Country",2515
1244,"artistName1244","MEXICO","Reggae",2516
1245,"artistName1245","USA","Country",2521
1246,"artistName1246","CHINA","Metal",2524
1247,"artistName1247","RUSSIA","Rock",2526
1248,"artistName1248","MEXICO","Country",2527
1249,"artistName1249","MEXICO","Hip Hop",2528
1250,"artistName1250","MEXICO","Jazz",2529
1251,"artistName1251","CHINA","Classical",2533
1252,"artistName1252","CANADA","Reggae",2535
1253,"artistName1253","MEXICO","Hip Hop",2541
1254,"artistName1254","USA","Hip Hop",2542
1255,"artistName1255","CANADA","Hip Hop",2543
1256,"artistName1256","CHINA","Jazz",2544
1257,"artistName1257","RUSSIA","Pop",2545
1258,"artistName1258","RUSSIA","Rock",2547
1259,"artistName1259","AUSTRALIA","Pop",2548
1260,"artistName1260","RUSSIA","Hip Hop",2551
1261,"artistName1261","GERMANY","Reggae",2552
1262,"artistName1262","USA","Pop",2554
1263,"artistName1263","AUSTRALIA","Reggae",2555
1264,"artistName1264","CHINA","Classical",2556
1265,"artistName1265","CANADA","Pop",2557
1266,"artistName1266","CHINA","Jazz",2558
1267,"artistName1267","USA","Country",2561
1268,"artistName1268","AUSTRALIA","Pop",2563
1269,"artistName1269","AUSTRALIA","Electronic",2564
1270,"artistName1270","MEXICO","Electronic",2567
1271,"artistName1271","GERMANY","Electronic",2570
1272,"artistName1272","GERMANY","Reggae",2573
1273,"artistName1273","AUSTRALIA","Rock",2575
1274,"artistName1274","CANADA","Electronic",2577
1275,"artistName1275","AUSTRALIA","Pop",2578
1276,"artistName1276","CANADA","Electronic",2582
1277,"artistName1277","GERMANY","Country",2583
1278,"artistName1278","AUSTRALIA","Pop",2584
1279,"artistName1279","USA","Metal",2589
1280,"artistName1280","CANADA","Hip Hop",2590
1281,"artistName1281","CHINA","Blues",2591
1282,"artistName1282","GERMANY","Metal",2597
1283,"artistName1283","USA","Pop",2598
1284,"artistName1284","RUSSIA","Metal",2601
1285,"artistName1285","USA","Hip Hop",2603
1286,"artistName1286","RUSSIA","Electronic",2605
1287,"artistName1287","USA","Electronic",2606
1288,"artistName1288","CHINA","Rock",2607
1289,"artistName1289","AUSTRALIA","Metal",2608
1290,"artistName1290","USA","Country",2611
1291,"artistName1291","GERMANY","Hip Hop",2612
1292,"artistName1292","RUSSIA","Blues",2613
1293,"artistName1293","USA","Classical",2619
1294,"artistName1294","CANADA","Rock",2620
1295,"artistName1295","CANADA","Metal",2621
1296,"artistName1296","MEXICO","Rock",2622
1297,"artistName1297","GERMANY","Jazz",2629
1298,"artistName1298","CANADA","Electronic",2631
1299,"artistName1299","MEXICO","Classical",2633
1300,"artistName1300","CANADA","Blues",2634
1301,"artistName1301","USA","Hip Hop",2635
1302,"artistName1302","USA","Metal",2636
1303,"artistName1303","CHINA","Hip Hop",2637
1304,"artistName1304","AUSTRALIA","Rock",2638
1305,"artistName1305","AUSTRALIA","Reggae",2639
1306,"artistName1306","AUSTRALIA","Metal",2640
1307,"artistName1307","AUSTRALIA","Electronic",2641
1308,"artistName1308","MEXICO","Jazz",2642
1309,"artistName1309","MEXICO","Pop",2643
1310,"artistName1310","RUSSIA","Metal",2646
1311,"artistName1311","MEXICO","Reggae",2651
1312,"artistName1312","CANADA","Reggae",2653
1313,"artistName1313","USA","Jazz",2655
1314,"artistName1314","USA","Country",2658
1315,"artistName1315","AUSTRALIA","Country",2662
1316,"artistName1316","CHINA","Reggae",2663
1317,"artistName1317","CANADA","Hip Hop",2669
1318,"artistName1318","GERMANY","Jazz",2671
1319,"artistName1319","CHINA","Electronic",2672
1320,"artistName1320","CANADA","Pop",2673
1321,"artistName1321","GERMANY","Electronic",2674
1322,"artistName1322","CANADA","Electronic",2675
1323,"artistName1323","CHINA","Jazz",2677
1324,"artistName1324","MEXICO","Metal",2679
1325,"artistName1325","AUSTRALIA","Hip Hop",2683
1326,"artistName1326","CHINA","Country",2684
1327,"artistName1327","CANADA","Rock",2685
1328,"artistName1328","RUSSIA","Hip Hop",2687
1329,"artistName1329","AUSTRALIA","Hip Hop",2688
1330,"artistName1330","RUSSIA","Electronic",2690
1331,"artistName1331","MEXICO","Reggae",2696
1332,"artistName1332","MEXICO","Electronic",2703
1333,"artistName1333","CHINA","Electronic",2704
1334,"artistName1334","USA","Metal",2705
1335,"artistName1335","GERMANY","Hip Hop",2706
1336,"artistName1336","CANADA","Country",2708
1337,"artistName1337","MEXICO","Classical",2709
1338,"artistName1338","AUSTRALIA","Blues",2712
1339,"artistName1339","GERMANY","Hip Hop",2714
1340,"artistName1340","MEXICO","Reggae",2716
1341,"artistName1341","AUSTRALIA","Jazz",2717
1342,"artistName1342","RUSSIA","Rock",2721
1343,"artistName1343","MEXICO","Rock",2722
1344,"artistName1344","RUSSIA","Jazz",2723
1345,"artistName1345","AUSTRALIA","Pop",2726
1346,"artistName1346","CANADA","Pop",2727
1347,"artistName1347","MEXICO","Jazz",2730
1348,"artistName1348","CHINA","Metal",2731
1349,"artistName1349","RUSSIA","Metal",2732
1350,"artistName1350","USA","Country",2733
1351,"artistName1351","AUSTRALIA","Blues",2735
1352,"artistName1352","CANADA","Jazz",2741
1353,"artistName1353","CANADA","Metal",2744
1354,"artistName1354","CANADA","Pop",2746
1355,"artistName1355","CANADA","Metal",2747
1356,"artistName1356","CHINA","Jazz",2749
1357,"artistName1357","CHINA","Country",2750
1358,"artistName1358","USA","Electronic",2751
1359,"artistName1359","GERMANY","Hip Hop",2753
1360,"artistName1360","GERMANY","Blues",2754
1361,"artistName1361","CHINA","Classical",2762
1362,"artistName1362","CHINA","Reggae",2763
1363,"artistName1363","CANADA","Blues",2764
1364,"artistName1364","MEXICO","Blues",2766
1365,"artistName1365","GERMANY","Hip Hop",2768
1366,"artistName1366","MEXICO","Blues",2770
1367,"artistName1367","AUSTRALIA","Metal",2772
1368,"artistName1368","GERMANY","Country",2773
1369,"artistName1369","USA","Jazz",2774
1370,"artistName1370","RUSSIA","Pop",2775
1371,"artistName1371","CHINA","Metal",2776
1372,"artistName1372","RUSSIA","Blues",2777
1373,"artistName1373","RUSSIA","Classical",2781
1374,"artistName1374","RUSSIA","Rock",2783
1375,"artistName1375","MEXICO","Hip Hop",2784
1376,"artistName1376","MEXICO","Jazz",2785
1377,"artistName1377","RUSSIA","Electronic",2786
1378,"artistName1378","GERMANY","Electronic",2787
1379,"artistName1379","AUSTRALIA","Hip Hop",2789
1380,"artistName1380","RUSSIA","Hip Hop",2790
1381,"artistName1381","RUSSIA","Jazz",2793
1382,"artistName1382","MEXICO","Classical",2794
1383,"artistName1383","MEXICO","Blues",2795
1384,"artistName1384","AUSTRALIA","Electronic",2797
1385,"artistName1385","MEXICO","Classical",2798
1386,"artistName1386","MEXICO","Classical",2800
1387,"artistName1387","USA","Blues",2801
1388,"artistName1388","USA","Electronic",2802
1389,"artistName1389","MEXICO","Electronic",2803
1390,"artistName1390","GERMANY","Classical",2804
1391,"artistName1391","RUSSIA","Pop",2805
1392,"artistName1392","GERMANY","Classical",2806
1393,"artistName1393","USA","Classical",2807
1394,"artistName1394","AUSTRALIA","Jazz",2810
1395,"artistName1395","USA","Electronic",2811
1396,"artistName1396","GERMANY","Classical",2813
1397,"artistName1397","CHINA","Reggae",2816
1398,"artistName1398","CHINA","Jazz",2818
1399,"artistName1399","USA","Metal",2821
1400,"artistName1400","AUSTRALIA","Reggae",2824
1401,"artistName1401","RUSSIA","Blues",2825
1402,"artistName1402","GERMANY","Pop",2827
1403,"artistName1403","MEXICO","Jazz",2832
1404,"artistName1404","GERMANY","Rock",2833
1405,"artistName1405","CHINA","Hip Hop",2836
1406,"artistName1406","AUSTRALIA","Rock",2842
1407,"artistName1407","GERMANY","Metal",2843
1408,"artistName1408","MEXICO","Metal",2844
1409,"artistName1409","AUSTRALIA","Country",2846
1410,"artistName1410","AUSTRALIA","Reggae",2848
1411,"artistName1411","MEXICO","Classical",2849
1412,"artistName1412","USA","Hip Hop",2850
1413,"artistName1413","GERMANY","Hip Hop",2854
1414,"artistName1414","AUSTRALIA","Hip Hop",2857
1415,"artistName1415","MEXICO","Hip Hop",2861
1416,"artistName1416","MEXICO","Blues",2862
1417,"artistName1417","USA","Classical",2865
1418,"artistName1418","GERMANY","Country",2866
1419,"artistName1419","USA","Electronic",2869
1420,"artistName1420","CANADA","Metal",2870
1421,"artistName1421","CANADA","Jazz",2875
1422,"artistName1422","CHINA","Jazz",2878
1423,"artistName1423","USA","Metal",2879
1424,"artistName1424","CHINA","Pop",2882
1425,"artistName1425","CANADA","Jazz",2884
1426,"artistName1426","CANADA","Classical",2886
1427,"artistName1427","GERMANY","Rock",2889
1428,"artistName1428","CANADA","Hip Hop",2890
1429,"artistName1429","AUSTRALIA","Metal",2893
1430,"artistName1430","AUSTRALIA","Electronic",2894
1431,"artistName1431","RUSSIA","Rock",2895
1432,"artistName1432","CANADA","Hip Hop",2896
1433,"artistName1433","RUSSIA","Hip Hop",2898
1434,"artistName1434","USA","Pop",2900
1435,"artistName1435","MEXICO","Classical",2901
1436,"artistName1436","GERMANY","Electronic",2902
1437,"artistName1437","USA","Classical",2903
1438,"artistName1438","GERMANY","Country",2904
1439,"artistName1439","CHINA","Electronic",2906
1440,"artistName1440","AUSTRALIA","Blues",2911
1441,"artistName1441","CANADA","Reggae",2914
1442,"artistName1442","USA","Hip Hop",2916
1443,"artistName1443","USA","Electronic",2917
1444,"artistName1444","CHINA","Jazz",2921
1445,"artistName1445","RUSSIA","Rock",2923
1446,"artistName1446","CANADA","Metal",2925
1447,"artistName1447","AUSTRALIA","Electronic",2926
1448,"artistName1448","MEXICO","Rock",2927
1449,"artistName1449","CHINA","Reggae",2928
1450,"artistName1450","USA","Hip Hop",2929
1451,"artistName1451","USA","Metal",2933
1452,"artistName1452","CHINA","Rock",2935
1453,"artistName1453","GERMANY","Rock",2941
1454,"artistName1454","CHINA","Pop",2942
1455,"artistName1455","USA","Classical",2944
1456,"artistName1456","RUSSIA","Pop",2945
1457,"artistName1457","CHINA","Blues",2946
1458,"artistName1458","RUSSIA","Classical",2950
1459,"artistName1459","MEXICO","Metal",2952
1460,"artistName1460","GERMANY","Classical",2953
1461,"artistName1461","GERMANY","Country",2955
1462,"artistName1462","AUSTRALIA","Pop",2958
1463,"artistName1463","CANADA","Blues",2961
1464,"artistName1464","CHINA","Blues",2962
1465,"artistName1465","USA","Pop",2964
1466,"artistName1466","AUSTRALIA","Reggae",2967
1467,"artistName1467","CANADA","Blues",2968
1468,"artistName1468","AUSTRALIA","Reggae",2972
1469,"artistName1469","CANADA","Pop",2974
1470,"artistName1470","MEXICO","Rock",2975
1471,"artistName1471","AUSTRALIA","Rock",2976
1472,"artistName1472","USA","Rock",2978
1473,"artistName1473","CANADA","Reggae",2979
1474,"artistName1474","GERMANY","Country",2981
1475,"artistName1475","USA","Hip Hop",2982
1476,"artistName1476","USA","Country",2983
1477,"artistName1477","RUSSIA","Classical",2986
1478,"artistName1478","USA","Hip Hop",2988
1479,"artistName1479","USA","Blues",2992
1480,"artistName1480","USA","Classical",2995
1481,"artistName1481","GERMANY","Country",3001
1482,"artistName1482","MEXICO","Metal",3002
1483,"artistName1483","CHINA","Blues",3006
1484,"artistName1484","AUSTRALIA","Rock",3008
1485,"artistName1485","CANADA","Blues",3012
1486,"artistName1486","CHINA","Reggae",3017
1487,"artistName1487","RUSSIA","Rock",3018
1488,"artistName1488","USA","Jazz",3019
1489,"artistName1489","USA","Pop",3021
1490,"artistName1490","CHINA","Metal",3022
1491,"artistName1491","RUSSIA","Hip Hop",3023
1492,"artistName1492","MEXICO","Pop",3024
1493,"artistName1493","AUSTRALIA","Pop",3025
1494,"artistName1494","CANADA","Hip Hop",3027
1495,"artistName1495","GERMANY","Jazz",3029
1496,"artistName1496","GERMANY","Classical",3035
1497,"artistName1497","USA","Jazz",3036
1498,"artistName1498","RUSSIA","Metal",3038
1499,"artistName1499","AUSTRALIA","Country",3040
1500,"artistName1500","GERMANY","Country",3041
1501,"artistName1501","AUSTRALIA","Electronic",3042
1502,"artistName1502","AUSTRALIA","Blues",3045
1503,"artistName1503","CANADA","Classical",3048
1504,"artistName1504","GERMANY","Pop",3051
1505,"artistName1505","USA","Rock",3053
1506,"artistName1506","MEXICO","Electronic",3054
1507,"artistName1507","AUSTRALIA","Country",3055
1508,"artistName1508","MEXICO","Classical",3057
1509,"artistName1509","AUSTRALIA","Reggae",3060
1510,"artistName1510","CANADA","Rock",3061
1511,"artistName1511","AUSTRALIA","Jazz",3062
1512,"artistName1512","MEXICO","Classical",3066
1513,"artistName1513","GERMANY","Metal",3070
1514,"artistName1514","AUSTRALIA","Jazz",3071
1515,"artistName1515","CANADA","Blues",3072
1516,"artistName1516","MEXICO","Country",3076
1517,"artistName1517","RUSSIA","Rock",3082
1518,"artistName1518","CHINA","Rock",3084
1519,"artistName1519","GERMANY","Hip Hop",3085
1520,"artistName1520","GERMANY","Reggae",3086
1521,"artistName1521","AUSTRALIA","Hip Hop",3088
1522,"artistName1522","CANADA","Blues",3089
1523,"artistName1523","AUSTRALIA","Electronic",3090
1524,"artistName1524","USA","Classical",3094
1525,"artistName1525","CANADA","Metal",3095
1526,"artistName1526","CHINA","Country",3097
1527,"artistName1527","CANADA","Country",3098
1528,"artistName1528","AUSTRALIA","Country",3099
1529,"artistName1529","MEXICO","Country",3101
1530,"artistName1530","CHINA","Jazz",3102
1531,"artistName1531","CHINA","Classical",3103
1532,"artistName1532","CANADA","Pop",3105
1533,"artistName1533","AUSTRALIA","Blues",3108
1534,"artistName1534","GERMANY","Rock",3109
1535,"artistName1535","AUSTRALIA","Rock",3113
1536,"artistName1536","CANADA","Classical",3116
1537,"artistName1537","CANADA","Hip Hop",3119
1538,"artistName1538","MEXICO","Metal",3120
1539,"artistName1539","AUSTRALIA","Pop",3121
1540,"artistName1540","AUSTRALIA","Reggae",3122
1541,"artistName1541","RUSSIA","Electronic",3123
1542,"artistName1542","AUSTRALIA","Metal",3124
1543,"artistName1543","GERMANY","Rock",3125
1544,"artistName1544","USA","Reggae",3127
1545,"artistName1545","GERMANY","Country",3128
1546,"artistName1546","MEXICO","Pop",3130
1547,"artistName1547","MEXICO","Pop",3132
1548,"artistName1548","USA","Jazz",3136
1549,"artistName1549","USA","Jazz",3139
1550,"artistName1550","AUSTRALIA","Blues",3140
1551,"artistName1551","USA","Country",3146
1552,"artistName1552","RUSSIA","Metal",3148
1553,"artistName1553","AUSTRALIA","Electronic",3149
1554,"artistName1554","GERMANY","Blues",3150
1555,"artistName1555","CANADA","Reggae",3151
1556,"artistName1556","GERMANY","Jazz",3155
1557,"artistName1557","CANADA","Pop",3156
1558,"artistName1558","CHINA","Jazz",3158
1559,"artistName1559","CHINA","Classical",3162
1560,"artistName1560","CANADA","Pop",3163
1561,"artistName1561","GERMANY","Electronic",3167
1562,"artistName1562","RUSSIA","Electronic",3169
1563,"artistName1563","RUSSIA","Rock",3171
1564,"artistName1564","USA","Hip Hop",3177
1565,"artistName1565","AUSTRALIA","Metal",3181
1566,"artistName1566","MEXICO","Blues",3182
1567,"artistName1567","RUSSIA","Classical",3183
1568,"artistName1568","USA","Pop",3185
1569,"artistName1569","RUSSIA","Metal",3189
1570,"artistName1570","CHINA","Country",3190
1571,"artistName1571","RUSSIA","Metal",3191
1572,"artistName1572","RUSSIA","Blues",3193
1573,"artistName1573","RUSSIA","Reggae",3196
1574,"artistName1574","USA","Hip Hop",3199
1575,"artistName1575","MEXICO","Pop",3202
1576,"artistName1576","CHINA","Hip Hop",3204
1577,"artistName1577","GERMANY","Blues",3208
1578,"artistName1578","CANADA","Hip Hop",3212
1579,"artistName1579","USA","Reggae",3216
1580,"artistName1580","GERMANY","Electronic",3218
1581,"artistName1581","USA","Rock",3222
1582,"artistName1582","MEXICO","Classical",3223
1583,"artistName1583","MEXICO","Metal",3225
1584,"artistName1584","MEXICO","Electronic",3228
1585,"artistName1585","USA","Rock",3229
1586,"artistName1586","GERMANY","Rock",3234
1587,"artistName1587","RUSSIA","Country",3237
1588,"artistName1588","CANADA","Electronic",3238
1589,"artistName1589","CANADA","Pop",3239
1590,"artistName1590","AUSTRALIA","Metal",3245
1591,"artistName1591","RUSSIA","Reggae",3247
1592,"artistName1592","GERMANY","Pop",3251
1593,"artistName1593","MEXICO","Hip Hop",3253
1594,"artistName1594","AUSTRALIA","Blues",3256
1595,"artistName1595","CANADA","Blues",3258
1596,"artistName1596","CANADA","Reggae",3266
1597,"artistName1597","CANADA","Metal",3269
1598,"artistName1598","GERMANY","Blues",3270
1599,"artistName1599","GERMANY","Classical",3272
1600,"artistName1600","CHINA","Reggae",3273
1601,"artistName1601","CANADA","Jazz",3274
1602,"artistName1602","USA","Jazz",3275
1603,"artistName1603","AUSTRALIA","Reggae",3277
1604,"artistName1604","MEXICO","Jazz",3279
1605,"artistName1605","CHINA","Rock",3281
1606,"artistName1606","CHINA","Rock",3282
1607,"artistName1607","RUSSIA","Classical",3284
1608,"artistName1608","RUSSIA","Jazz",3286
1609,"artistName1609","CHINA","Pop",3287
1610,"artistName1610","CHINA","Reggae",3290
1611,"artistName1611","GERMANY","Reggae",3291
1612,"artistName1612","CANADA","Blues",3292
1613,"artistName1613","AUSTRALIA","Blues",3293
1614,"artistName1614","CANADA","Country",3295
1615,"artistName1615","RUSSIA","Rock",3299
1616,"artistName1616","USA","Pop",3301
1617,"artistName1617","USA","Country",3302
1618,"artistName1618","GERMANY","Hip Hop",3303
1619,"artistName1619","AUSTRALIA","Classical",3304
1620,"artistName1620","USA","Blues",3306
1621,"artistName1621","MEXICO","Jazz",3308
1622,"artistName1622","GERMANY","Jazz",3311
1623,"artistName1623","RUSSIA","Pop",3312
1624,"artistName1624","AUSTRALIA","Electronic",3313
1625,"artistName1625","GERMANY","Reggae",3315
1626,"artistName1626","GERMANY","Country",3318
1627,"artistName1627","CHINA","Hip Hop",3320
1628,"artistName1628","AUSTRALIA","Metal",3321
1629,"artistName1629","AUSTRALIA","Jazz",3325
1630,"artistName1630","CANADA","Jazz",3326
1631,"artistName1631","CHINA","Classical",3331
1632,"artistName1632","CHINA","Metal",3333
1633,"artistName1633","CHINA","Jazz",3334
1634,"artistName1634","RUSSIA","Pop",3335
1635,"artistName1635","CANADA","Jazz",3336
1636,"artistName1636","USA","Classical",3337
1637,"artistName1637","CANADA","Metal",3338
1638,"artistName1638","MEXICO","Jazz",3340
1639,"artistName1639","MEXICO","Reggae",3342
1640,"artistName1640","MEXICO","Metal",3343
1641,"artistName1641","CANADA","Hip Hop",3347
1642,"artistName1642","GERMANY","Hip Hop",3348
1643,"artistName1643","GERMANY","Country",3351
1644,"artistName1644","RUSSIA","Electronic",3352
1645,"artistName1645","CHINA","Metal",3353
1646,"artistName1646","USA","Jazz",3354
1647,"artistName1647","GERMANY","Blues",3355
1648,"artistName1648","GERMANY","Reggae",3356
1649,"artistName1649","GERMANY","Jazz",3358
1650,"artistName1650","GERMANY","Rock",3359
1651,"artistName1651","USA","Blues",3362
1652,"artistName1652","USA","Metal",3364
1653,"artistName1653","GERMANY","Pop",3366
1654,"artistName1654","CANADA","Electronic",3367
1655,"artistName1655","MEXICO","Electronic",3369
1656,"artistName1656","USA","Hip Hop",3370
1657,"artistName1657","GERMANY","Blues",3373
1658,"artistName1658","MEXICO","Rock",3375
1659,"artistName1659","USA","Jazz",3376
1660,"artistName1660","GERMANY","Blues",3378
1661,"artistName1661","MEXICO","Metal",3382
1662,"artistName1662","GERMANY","Hip Hop",3383
1663,"artistName1663","RUSSIA","Jazz",3385
1664,"artistName1664","CHINA","Electronic",3386
1665,"artistName1665","CANADA","Rock",3390
1666,"artistName1666","CANADA","Electronic",3391
1667,"artistName1667","AUSTRALIA","Metal",3394
1668,"artistName1668","CANADA","Hip Hop",3396
1669,"artistName1669","MEXICO","Country",3397
1670,"artistName1670","CANADA","Rock",3398
1671,"artistName1671","GERMANY","Rock",3399
1672,"artistName1672","MEXICO","Blues",3401
1673,"artistName1673","USA","Hip Hop",3403
1674,"artistName1674","CANADA","Rock",3404
1675,"artistName1675","USA","Classical",3406
1676,"artistName1676","CANADA","Hip Hop",3416
1677,"artistName1677","USA","Reggae",3417
1678,"artistName1678","CHINA","Blues",3418
1679,"artistName1679","USA","Reggae",3419
1680,"artistName1680","CANADA","Rock",3420
1681,"artistName1681","GERMANY","Electronic",3422
1682,"artistName1682","GERMANY","Electronic",3425
1683,"artistName1683","MEXICO","Reggae",3426
1684,"artistName1684","AUSTRALIA","Pop",3429
1685,"artistName1685","AUSTRALIA","Rock",3432
1686,"artistName1686","MEXICO","Metal",3433
1687,"artistName1687","MEXICO","Electronic",3434
1688,"artistName1688","CANADA","Electronic",3435
1689,"artistName1689","GERMANY","Metal",3436
1690,"artistName1690","USA","Country",3438
1691,"artistName1691","CANADA","Blues",3440
1692,"artistName1692","MEXICO","Reggae",3441
1693,"artistName1693","USA","Hip Hop",3442
1694,"artistName1694","USA","Classical",3447
1695,"artistName1695","CHINA","Pop",3449
1696,"artistName1696","CANADA","Classical",3450
1697,"artistName1697","RUSSIA","Electronic",3452
1698,"artistName1698","CANADA","Classical",3453
1699,"artistName1699","GERMANY","Classical",3456
1700,"artistName1700","RUSSIA","Electronic",3457
1701,"artistName1701","MEXICO","Classical",3459
1702,"artistName1702","RUSSIA","Blues",3460
1703,"artistName1703","AUSTRALIA","Reggae",3461
1704,"artistName1704","RUSSIA","Jazz",3462
1705,"artistName1705","USA","Electronic",3463
1706,"artistName1706","CANADA","Electronic",3465
1707,"artistName1707","RUSSIA","Pop",3466
1708,"artistName1708","CHINA","Rock",3469
1709,"artistName1709","MEXICO","Rock",3471
1710,"artistName1710","CHINA","Blues",3472
1711,"artistName1711","MEXICO","Rock",3474
1712,"artistName1712","CHINA","Electronic",3475
1713,"artistName1713","GERMANY","Reggae",3480
1714,"artistName1714","CANADA","Metal",3484
1715,"artistName1715","GERMANY","Pop",3487
1716,"artistName1716","CANADA","Electronic",3488
1717,"artistName1717","MEXICO","Electronic",3489
1718,"artistName1718","RUSSIA","Rock",3494
1719,"artistName1719","CHINA","Hip Hop",3497
1720,"artistName1720","CANADA","Pop",3500
1721,"artistName1721","GERMANY","Electronic",3501
1722,"artistName1722","CANADA","Rock",3502
1723,"artistName1723","MEXICO","Pop",3503
1724,"artistName1724","AUSTRALIA","Reggae",3506
1725,"artistName1725","CANADA","Country",3507
1726,"artistName1726","MEXICO","Reggae",3508
1727,"artistName1727","USA","Blues",3511
1728,"artistName1728","USA","Metal",3512
1729,"artistName1729","RUSSIA","Jazz",3513
1730,"artistName1730","AUSTRALIA","Electronic",3516
1731,"artistName1731","CANADA","Jazz",3517
1732,"artistName1732","USA","Pop",3519
1733,"artistName1733","AUSTRALIA","Blues",3522
1734,"artistName1734","MEXICO","Classical",3523
1735,"artistName1735","GERMANY","Jazz",3525
1736,"artistName1736","CHINA","Classical",3526
1737,"artistName1737","GERMANY","Country",3527
1738,"artistName1738","GERMANY","Rock",3528
1739,"artistName1739","CHINA","Pop",3532
1740,"artistName1740","USA","Pop",3533
1741,"artistName1741","CHINA","Pop",3537
1742,"artistName1742","AUSTRALIA","Pop",3538
1743,"artistName1743","MEXICO","Jazz",3543
1744,"artistName1744","AUSTRALIA","Metal",3544
1745,"artistName1745","CHINA","Reggae",3548
1746,"artistName1746","MEXICO","Pop",3549
1747,"artistName1747","AUSTRALIA","Pop",3550
1748,"artistName1748","GERMANY","Metal",3552
1749,"artistName1749","AUSTRALIA","Hip Hop",3553
1750,"artistName1750","CANADA","Reggae",3556
1751,"artistName1751","RUSSIA","Jazz",3557
1752,"artistName1752","RUSSIA","Country",3558
1753,"artistName1753","RUSSIA","Classical",3560
1754,"artistName1754","RUSSIA","Classical",3562
1755,"artistName1755","RUSSIA","Electronic",3563
1756,"artistName1756","GERMANY","Electronic",3566
1757,"artistName1757","CHINA","Blues",3569
1758,"artistName1758","CANADA","Hip Hop",3571
1759,"artistName1759","USA","Metal",3572
1760,"artistName1760","CHINA","Country",3575
1761,"artistName1761","CANADA","Metal",3577
1762,"artistName1762","CANADA","Classical",3578
1763,"artistName1763","CHINA","Reggae",3579
1764,"artistName1764","MEXICO","Blues",3581
1765,"artistName1765","CHINA","Blues",3582
1766,"artistName1766","AUSTRALIA","Rock",3583
1767,"artistName1767","RUSSIA","Pop",3584
1768,"artistName1768","MEXICO","Jazz",3588
1769,"artistName1769","GERMANY","Electronic",3589
1770,"artistName1770","RUSSIA","Classical",3593
1771,"artistName1771","RUSSIA","Rock",3596
1772,"artistName1772","AUSTRALIA","Jazz",3597
1773,"artistName1773","GERMANY","Hip Hop",3603
1774,"artistName1774","USA","Country",3605
1775,"artistName1775","GERMANY","Jazz",3608
1776,"artistName1776","RUSSIA","Reggae",3609
1777,"artistName1777","MEXICO","Blues",3612
1778,"artistName1778","RUSSIA","Jazz",3614
1779,"artistName1779","CANADA","Classical",3616
1780,"artistName1780","CHINA","Classical",3618
1781,"artistName1781","MEXICO","Metal",3621
1782,"artistName1782","CANADA","Hip Hop",3627
1783,"artistName1783","CHINA","Metal",3630
1784,"artistName1784","MEXICO","Pop",3631
1785,"artistName1785","CANADA","Electronic",3632
1786,"artistName1786","AUSTRALIA","Rock",3636
1787,"artistName1787","USA","Country",3637
1788,"artistName1788","AUSTRALIA","Jazz",3638
1789,"artistName1789","GERMANY","Jazz",3639
1790,"artistName1790","GERMANY","Country",3640
1791,"artistName1791","GERMANY","Pop",3641
1792,"artistName1792","MEXICO","Electronic",3644
1793,"artistName1793","GERMANY","Jazz",3645
1794,"artistName1794","CHINA","Classical",3647
1795,"artistName1795","MEXICO","Country",3650
1796,"artistName1796","MEXICO","Classical",3651
1797,"artistName1797","USA","Classical",3653
1798,"artistName1798","AUSTRALIA","Classical",3655
1799,"artistName1799","CANADA","Pop",3656
1800,"artistName1800","CHINA","Rock",3659
1801,"artistName1801","CHINA","Metal",3660
1802,"artistName1802","USA","Reggae",3663
1803,"artistName1803","RUSSIA","Blues",3667
1804,"artistName1804","CHINA","Country",3669
1805,"artistName1805","CHINA","Metal",3671
1806,"artistName1806","RUSSIA","Country",3673
1807,"artistName1807","RUSSIA","Blues",3674
1808,"artistName1808","AUSTRALIA","Blues",3676
1809,"artistName1809","RUSSIA","Reggae",3677
1810,"artistName1810","CANADA","Country",3682
1811,"artistName1811","GERMANY","Reggae",3685
1812,"artistName1812","AUSTRALIA","Jazz",3686
1813,"artistName1813","CANADA","Hip Hop",3689
1814,"artistName1814","USA","Classical",3690
1815,"artistName1815","USA","Pop",3691
1816,"artistName1816","RUSSIA","Country",3692
1817,"artistName1817","CHINA","Hip Hop",3694
1818,"artistName1818","USA","Hip Hop",3695
1819,"artistName1819","USA","Blues",3696
1820,"artistName1820","MEXICO","Reggae",3697
1821,"artistName1821","USA","Country",3698
1822,"artistName1822","CHINA","Jazz",3700
1823,"artistName1823","MEXICO","Hip Hop",3702
1824,"artistName1824","CANADA","Classical",3703
1825,"artistName1825","CHINA","Metal",3704
1826,"artistName1826","CHINA","Hip Hop",3707
1827,"artistName1827","CANADA","Blues",3708
1828,"artistName1828","RUSSIA","Rock",3709
1829,"artistName1829","RUSSIA","Reggae",3710
1830,"artistName1830","MEXICO","Blues",3714
1831,"artistName1831","CANADA","Electronic",3715
1832,"artistName1832","AUSTRALIA","Hip Hop",3716
1833,"artistName1833","AUSTRALIA","Pop",3718
1834,"artistName1834","USA","Jazz",3719
1835,"artistName1835","CHINA","Rock",3720
1836,"artistName1836","GERMANY","Electronic",3721
1837,"artistName1837","CANADA","Country",3725
1838,"artistName1838","USA","Reggae",3727
1839,"artistName1839","CHINA","Pop",3730
1840,"artistName1840","GERMANY","Metal",3731
1841,"artistName1841","USA","Country",3733
1842,"artistName1842","RUSSIA","Rock",3735
1843,"artistName1843","USA","Pop",3737
1844,"artistName1844","CANADA","Hip Hop",3738
1845,"artistName1845","AUSTRALIA","Country",3740
1846,"artistName1846","AUSTRALIA","Classical",3745
1847,"artistName1847","AUSTRALIA","Hip Hop",3747
1848,"artistName1848","RUSSIA","Pop",3748
1849,"artistName1849","CHINA","Hip Hop",3749
1850,"artistName1850","CANADA","Classical",3750
1851,"artistName1851","CHINA","Rock",3752
1852,"artistName1852","GERMANY","Blues",3754
1853,"artistName1853","USA","Electronic",3755
1854,"artistName1854","GERMANY","Metal",3757
1855,"artistName1855","CHINA","Pop",3758
1856,"artistName1856","AUSTRALIA","Metal",3759
1857,"artistName1857","USA","Blues",3760
1858,"artistName1858","RUSSIA","Classical",3764
1859,"artistName1859","USA","Metal",3765
1860,"artistName1860","CANADA","Rock",3774
1861,"artistName1861","AUSTRALIA","Hip Hop",3776
1862,"artistName1862","AUSTRALIA","Hip Hop",3777
1863,"artistName1863","CANADA","Jazz",3779
1864,"artistName1864","USA","Classical",3780
1865,"artistName1865","MEXICO","Pop",3782
1866,"artistName1866","GERMANY","Jazz",3783
1867,"artistName1867","GERMANY","Country",3787
1868,"artistName1868","MEXICO","Hip Hop",3788
1869,"artistName1869","CANADA","Reggae",3792
1870,"artistName1870","AUSTRALIA","Reggae",3793
1871,"artistName1871","AUSTRALIA","Hip Hop",3794
1872,"artistName1872","GERMANY","Rock",3795
1873,"artistName1873","AUSTRALIA","Pop",3796
1874,"artistName1874","CANADA","Rock",3797
1875,"artistName1875","GERMANY","Electronic",3798
1876,"artistName1876","USA","Country",3801
1877,"artistName1877","GERMANY","Jazz",3804
1878,"artistName1878","CANADA","Hip Hop",3805
1879,"artistName1879","RUSSIA","Metal",3807
1880,"artistName1880","CANADA","Country",3808
1881,"artistName1881","USA","Metal",3809
1882,"artistName1882","USA","Pop",3811
1883,"artistName1883","USA","Pop",3812
1884,"artistName1884","AUSTRALIA","Blues",3813
1885,"artistName1885","RUSSIA","Country",3814
1886,"artistName1886","GERMANY","Pop",3815
1887,"artistName1887","AUSTRALIA","Blues",3816
1888,"artistName1888","GERMANY","Classical",3820
1889,"artistName1889","MEXICO","Reggae",3821
1890,"artistName1890","RUSSIA","Rock",3828
1891,"artistName1891","MEXICO","Country",3829
1892,"artistName1892","RUSSIA","Hip Hop",3830
1893,"artistName1893","GERMANY","Metal",3831
1894,"artistName1894","AUSTRALIA","Country",3834
1895,"artistName1895","USA","Reggae",3835
1896,"artistName1896","MEXICO","Electronic",3836
1897,"artistName1897","RUSSIA","Electronic",3839
1898,"artistName1898","GERMANY","Hip Hop",3843
1899,"artistName1899","MEXICO","Rock",3844
1900,"artistName1900","RUSSIA","Country",3849
1901,"artistName1901","MEXICO","Electronic",3851
1902,"artistName1902","CHINA","Pop",3855
1903,"artistName1903","GERMANY","Hip Hop",3858
1904,"artistName1904","MEXICO","Electronic",3859
1905,"artistName1905","GERMANY","Jazz",3866
1906,"artistName1906","CANADA","Jazz",3867
1907,"artistName1907","MEXICO","Hip Hop",3868
1908,"artistName1908","CHINA","Hip Hop",3870
1909,"artistName1909","MEXICO","Jazz",3871
1910,"artistName1910","GERMANY","Classical",3872
1911,"artistName1911","USA","Rock",3875
1912,"artistName1912","GERMANY","Metal",3876
1913,"artistName1913","CANADA","Metal",3877
1914,"artistName1914","GERMANY","Classical",3878
1915,"artistName1915","CHINA","Jazz",3879
1916,"artistName1916","RUSSIA","Metal",3880
1917,"artistName1917","CANADA","Country",3882
1918,"artistName1918","USA","Country",3883
1919,"artistName1919","CHINA","Metal",3885
1920,"artistName1920","CHINA","Pop",3888
1921,"artistName1921","USA","Rock",3889
1922,"artistName1922","MEXICO","Classical",3891
1923,"artistName1923","MEXICO","Country",3893
1924,"artistName1924","AUSTRALIA","Rock",3894
1925,"artistName1925","AUSTRALIA","Jazz",3895
1926,"artistName1926","CHINA","Electronic",3896
1927,"artistName1927","USA","Metal",3897
1928,"artistName1928","AUSTRALIA","Classical",3899
1929,"artistName1929","USA","Jazz",3901
1930,"artistName1930","CHINA","Hip Hop",3903
1931,"artistName1931","RUSSIA","Hip Hop",3904
1932,"artistName1932","AUSTRALIA","Blues",3905
1933,"artistName1933","CHINA","Rock",3906
1934,"artistName1934","CANADA","Blues",3912
1935,"artistName1935","USA","Country",3914
1936,"artistName1936","USA","Country",3917
1937,"artistName1937","RUSSIA","Electronic",3920
1938,"artistName1938","USA","Classical",3921
1939,"artistName1939","AUSTRALIA","Classical",3923
1940,"artistName1940","RUSSIA","Metal",3924
1941,"artistName1941","CANADA","Rock",3925
1942,"artistName1942","CHINA","Reggae",3928
1943,"artistName1943","RUSSIA","Jazz",3930
1944,"artistName1944","USA","Hip Hop",3931
1945,"artistName1945","USA","Metal",3932
1946,"artistName1946","CANADA","Metal",3933
1947,"artistName1947","GERMANY","Blues",3934
1948,"artistName1948","AUSTRALIA","Classical",3935
1949,"artistName1949","CANADA","Country",3936
1950,"artistName1950","CANADA","Country",3937
1951,"artistName1951","MEXICO","Rock",3938
1952,"artistName1952","AUSTRALIA","Metal",3940
1953,"artistName1953","CANADA","Electronic",3941
1954,"artistName1954","GERMANY","Electronic",3945
1955,"artistName1955","AUSTRALIA","Electronic",3946
1956,"artistName1956","CANADA","Blues",3947
1957,"artistName1957","AUSTRALIA","Classical",3955
1958,"artistName1958","USA","Metal",3957
1959,"artistName1959","USA","Country",3959
1960,"artistName1960","USA","Classical",3960
1961,"artistName1961","AUSTRALIA","Electronic",3962
1962,"artistName1962","CHINA","Hip Hop",3963
1963,"artistName1963","AUSTRALIA","Jazz",3966
1964,"artistName1964","RUSSIA","Reggae",3968
1965,"artistName1965","RUSSIA","Hip Hop",3970
1966,"artistName1966","AUSTRALIA","Metal",3971
1967,"artistName1967","RUSSIA","Classical",3972
1968,"artistName1968","CANADA","Metal",3975
1969,"artistName1969","USA","Country",3978
1970,"artistName1970","USA","Hip Hop",3979
1971,"artistName1971","GERMANY","Reggae",3982
1972,"artistName1972","CHINA","Rock",3984
1973,"artistName1973","AUSTRALIA","Jazz",3990
1974,"artistName1974","AUSTRALIA","Pop",3992
1975,"artistName1975","RUSSIA","Reggae",3994
1976,"artistName1976","GERMANY","Blues",3998
1977,"artistName1977","AUSTRALIA","Classical",4001
1978,"artistName1978","MEXICO","Metal",4002
1979,"artistName1979","GERMANY","Classical",4004
1980,"artistName1980","CHINA","Jazz",4005
1981,"artistName1981","GERMANY","Blues",4011
1982,"artistName1982","MEXICO","Country",4012
1983,"artistName1983","CANADA","Rock",4015
1984,"artistName1984","GERMANY","Country",4018
1985,"artistName1985","CHINA","Country",4019
1986,"artistName1986","GERMANY","Reggae",4020
1987,"artistName1987","RUSSIA","Country",4022
1988,"artistName1988","RUSSIA","Blues",4024
1989,"artistName1989","GERMANY","Reggae",4026
1990,"artistName1990","AUSTRALIA","Classical",4028
1991,"artistName1991","CHINA","Rock",4029
1992,"artistName1992","MEXICO","Rock",4031
1993,"artistName1993","GERMANY","Metal",4032
1994,"artistName1994","CANADA","Hip Hop",4038
1995,"artistName1995","CANADA","Blues",4044
1996,"artistName1996","CHINA","Metal",4047
1997,"artistName1997","MEXICO","Classical",4049
1998,"artistName1998","CHINA","Reggae",4050
1999,"artistName1999","RUSSIA","Classical",4052
2000,"artistName2000","RUSSIA","Hip Hop",4053
2001,"artistName2001","GERMANY","Pop",4055
2002,"artistName2002","GERMANY","Classical",4060
2003,"artistName2003","RUSSIA","Metal",4061
2004,"artistName2004","RUSSIA","Blues",4063
2005,"artistName2005","GERMANY","Electronic",4064
2006,"artistName2006","MEXICO","Metal",4065
2007,"artistName2007","CHINA","Metal",4066
2008,"artistName2008","CHINA","Blues",4072
2009,"artistName2009","MEXICO","Classical",4075
2010,"artistName2010","MEXICO","Blues",4076
2011,"artistName2011","MEXICO","Blues",4078
2012,"artistName2012","USA","Jazz",4079
2013,"artistName2013","RUSSIA","Electronic",4083
2014,"artistName2014","AUSTRALIA","Jazz",4084
2015,"artistName2015","MEXICO","Pop",4090
2016,"artistName2016","AUSTRALIA","Country",4091
2017,"artistName2017","CANADA","Hip Hop",4092
2018,"artistName2018","CHINA","Jazz",4098
2019,"artistName2019","RUSSIA","Rock",4099
2020,"artistName2020","USA","Electronic",4101
2021,"artistName2021","USA","Reggae",4102
2022,"artistName2022","USA","Classical",4103
2023,"artistName2023","USA","Blues",4104
2024,"artistName2024","CANADA","Reggae",4105
2025,"artistName2025","USA","Metal",4106
2026,"artistName2026","CHINA","Classical",4107
2027,"artistName2027","USA","Hip Hop",4109
2028,"artistName2028","CHINA","Rock",4110
2029,"artistName2029","AUSTRALIA","Rock",4111
2030,"artistName2030","CHINA","Rock",4112
2031,"artistName2031","RUSSIA","Reggae",4113
2032,"artistName2032","AUSTRALIA","Electronic",4114
2033,"artistName2033","GERMANY","Hip Hop",4115
2034,"artistName2034","CHINA","Pop",4117
2035,"artistName2035","CHINA","Rock",4120
2036,"artistName2036","CHINA","Blues",4123
2037,"artistName2037","CHINA","Hip Hop",4124
2038,"artistName2038","CHINA","Rock",4125
2039,"artistName2039","CHINA","Electronic",4126
2040,"artistName2040","GERMANY","Jazz",4127
2041,"artistName2041","GERMANY","Country",4131
2042,"artistName2042","CHINA","Hip Hop",4138
2043,"artistName2043","GERMANY","Classical",4139
2044,"artistName2044","MEXICO","Pop",4142
2045,"artistName2045","AUSTRALIA","Blues",4145
2046,"artistName2046","MEXICO","Rock",4146
2047,"artistName2047","CANADA","Electronic",4149
2048,"artistName2048","AUSTRALIA","Hip Hop",4150
2049,"artistName2049","CANADA","Hip Hop",4151
2050,"artistName2050","RUSSIA","Country",4153
2051,"artistName2051","USA","Jazz",4154
2052,"artistName2052","CHINA","Jazz",4156
2053,"artistName2053","RUSSIA","Hip Hop",4159
2054,"artistName2054","RUSSIA","Blues",4160
2055,"artistName2055","CHINA","Metal",4164
2056,"artistName2056","MEXICO","Electronic",4166
2057,"artistName2057","CHINA","Jazz",4167
2058,"artistName2058","MEXICO","Metal",4169
2059,"artistName2059","MEXICO","Reggae",4173
2060,"artistName2060","GERMANY","Rock",4175
2061,"artistName2061","AUSTRALIA","Hip Hop",4176
2062,"artistName2062","MEXICO","Pop",4177
2063,"artistName2063","CANADA","Jazz",4178
2064,"artistName2064","MEXICO","Rock",4180
2065,"artistName2065","USA","Country",4182
2066,"artistName2066","GERMANY","Rock",4183
2067,"artistName2067","USA","Hip Hop",4185
2068,"artistName2068","AUSTRALIA","Classical",4188
2069,"artistName2069","GERMANY","Electronic",4190
2070,"artistName2070","GERMANY","Rock",4192
2071,"artistName2071","RUSSIA","Classical",4195
2072,"artistName2072","CHINA","Reggae",4196
2073,"artistName2073","USA","Rock",4197
2074,"artistName2074","RUSSIA","Rock",4198
2075,"artistName2075","GERMANY","Hip Hop",4199
2076,"artistName2076","CANADA","Blues",4200
2077,"artistName2077","CHINA","Rock",4205
2078,"artistName2078","MEXICO","Rock",4208
2079,"artistName2079","CHINA","Electronic",4212
2080,"artistName2080","MEXICO","Jazz",4213
2081,"artistName2081","CANADA","Metal",4216
2082,"artistName2082","CHINA","Jazz",4217
2083,"artistName2083","GERMANY","Reggae",4220
2084,"artistName2084","USA","Classical",4222
2085,"artistName2085","AUSTRALIA","Rock",4223
2086,"artistName2086","MEXICO","Jazz",4225
2087,"artistName2087","AUSTRALIA","Metal",4226
2088,"artistName2088","CHINA","Blues",4232
2089,"artistName2089","USA","Jazz",4238
2090,"artistName2090","USA","Jazz",4239
2091,"artistName2091","MEXICO","Country",4241
2092,"artistName2092","GERMANY","Blues",4242
2093,"artistName2093","AUSTRALIA","Electronic",4244
2094,"artistName2094","RUSSIA","Pop",4246
2095,"artistName2095","CHINA","Hip Hop",4247
2096,"artistName2096","CHINA","Jazz",4250
2097,"artistName2097","CANADA","Reggae",4254
2098,"artistName2098","AUSTRALIA","Metal",4257
2099,"artistName2099","MEXICO","Blues",4258
2100,"artistName2100","CANADA","Country",4259
2101,"artistName2101","USA","Pop",4260
2102,"artistName2102","MEXICO","Classical",4265
2103,"artistName2103","MEXICO","Reggae",4268
2104,"artistName2104","USA","Pop",4271
2105,"artistName2105","CHINA","Country",4272
2106,"artistName2106","RUSSIA","Metal",4273
2107,"artistName2107","RUSSIA","Rock",4274
2108,"artistName2108","CANADA","Jazz",4275
2109,"artistName2109","CHINA","Country",4276
2110,"artistName2110","GERMANY","Jazz",4278
2111,"artistName2111","AUSTRALIA","Reggae",4279
2112,"artistName2112","MEXICO","Rock",4282
2113,"artistName2113","MEXICO","Metal",4284
2114,"artistName2114","AUSTRALIA","Country",4285
2115,"artistName2115","USA","Country",4287
2116,"artistName2116","CHINA","Jazz",4289
2117,"artistName2117","AUSTRALIA","Classical",4290
2118,"artistName2118","AUSTRALIA","Blues",4291
2119,"artistName2119","GERMANY","Metal",4292
2120,"artistName2120","CANADA","Pop",4293
2121,"artistName2121","CANADA","Classical",4295
2122,"artistName2122","AUSTRALIA","Reggae",4296
2123,"artistName2123","GERMANY","Rock",4298
2124,"artistName2124","USA","Metal",4299
2125,"artistName2125","AUSTRALIA","Hip Hop",4301
2126,"artistName2126","AUSTRALIA","Electronic",4302
2127,"artistName2127","USA","Jazz",4304
2128,"artistName2128","USA","Reggae",4305
2129,"artistName2129","CHINA","Hip Hop",4306
2130,"artistName2130","GERMANY","Reggae",4307
2131,"artistName2131","CHINA","Country",4308
2132,"artistName2132","USA","Metal",4309
2133,"artistName2133","USA","Country",4310
2134,"artistName2134","CANADA","Reggae",4311
2135,"artistName2135","CHINA","Pop",4312
2136,"artistName2136","RUSSIA","Electronic",4313
2137,"artistName2137","AUSTRALIA","Electronic",4316
2138,"artistName2138","CHINA","Classical",4317
2139,"artistName2139","AUSTRALIA","Reggae",4318
2140,"artistName2140","CANADA","Rock",4320
2141,"artistName2141","AUSTRALIA","Pop",4321
2142,"artistName2142","USA","Country",4322
2143,"artistName2143","CHINA","Rock",4324
2144,"artistName2144","AUSTRALIA","Classical",4329
2145,"artistName2145","GERMANY","Pop",4330
2146,"artistName2146","AUSTRALIA","Jazz",4333
2147,"artistName2147","CANADA","Country",4335
2148,"artistName2148","GERMANY","Pop",4342
2149,"artistName2149","RUSSIA","Pop",4343
2150,"artistName2150","USA","Hip Hop",4344
2151,"artistName2151","USA","Electronic",4345
2152,"artistName2152","AUSTRALIA","Rock",4346
2153,"artistName2153","CANADA","Rock",4347
2154,"artistName2154","USA","Blues",4350
2155,"artistName2155","GERMANY","Electronic",4351
2156,"artistName2156","MEXICO","Classical",4352
2157,"artistName2157","GERMANY","Classical",4355
2158,"artistName2158","AUSTRALIA","Jazz",4357
2159,"artistName2159","CHINA","Hip Hop",4361
2160,"artistName2160","AUSTRALIA","Metal",4363
2161,"artistName2161","MEXICO","Blues",4364
2162,"artistName2162","USA","Classical",4365
2163,"artistName2163","AUSTRALIA","Rock",4367
2164,"artistName2164","GERMANY","Jazz",4372
2165,"artistName2165","CANADA","Electronic",4376
2166,"artistName2166","CANADA","Reggae",4378
2167,"artistName2167","CHINA","Classical",4379
2168,"artistName2168","USA","Blues",4382
2169,"artistName2169","CHINA","Blues",4383
2170,"artistName2170","CANADA","Pop",4384
2171,"artistName2171","CHINA","Classical",4385
2172,"artistName2172","MEXICO","Pop",4386
2173,"artistName2173","AUSTRALIA","Metal",4390
2174,"artistName2174","RUSSIA","Reggae",4392
2175,"artistName2175","GERMANY","Blues",4393
2176,"artistName2176","MEXICO","Hip Hop",4394
2177,"artistName2177","CANADA","Rock",4395
2178,"artistName2178","RUSSIA","Country",4397
2179,"artistName2179","USA","Reggae",4398
2180,"artistName2180","USA","Rock",4399
2181,"artistName2181","MEXICO","Classical",4401
2182,"artistName2182","MEXICO","Metal",4403
2183,"artistName2183","GERMANY","Hip Hop",4404
2184,"artistName2184","RUSSIA","Classical",4407
2185,"artistName2185","AUSTRALIA","Metal",4410
2186,"artistName2186","AUSTRALIA","Blues",4411
2187,"artistName2187","CANADA","Classical",4412
2188,"artistName2188","GERMANY","Hip Hop",4413
2189,"artistName2189","CANADA","Electronic",4414
2190,"artistName2190","CANADA","Jazz",4415
2191,"artistName2191","CHINA","Blues",4419
2192,"artistName2192","RUSSIA","Country",4421
2193,"artistName2193","CHINA","Reggae",4422
2194,"artistName2194","MEXICO","Hip Hop",4424
2195,"artistName2195","GERMANY","Country",4430
2196,"artistName2196","CANADA","Metal",4431
2197,"artistName2197","CHINA","Metal",4432
2198,"artistName2198","RUSSIA","Classical",4434
2199,"artistName2199","RUSSIA","Classical",4435
2200,"artistName2200","AUSTRALIA","Electronic",4437
2201,"artistName2201","RUSSIA","Classical",4441
2202,"artistName2202","AUSTRALIA","Country",4443
2203,"artistName2203","MEXICO","Hip Hop",4447
2204,"artistName2204","MEXICO","Electronic",4449
2205,"artistName2205","USA","Rock",4452
2206,"artistName2206","CHINA","Hip Hop",4453
2207,"artistName2207","USA","Pop",4454
2208,"artistName2208","MEXICO","Classical",4456
2209,"artistName2209","MEXICO","Reggae",4457
2210,"artistName2210","CHINA","Classical",4459
2211,"artistName2211","GERMANY","Rock",4460
2212,"artistName2212","USA","Classical",4461
2213,"artistName2213","MEXICO","Hip Hop",4463
2214,"artistName2214","GERMANY","Country",4465
2215,"artistName2215","USA","Hip Hop",4466
2216,"artistName2216","CHINA","Blues",4467
2217,"artistName2217","AUSTRALIA","Pop",4469
2218,"artistName2218","CANADA","Classical",4470
2219,"artistName2219","AUSTRALIA","Electronic",4473
2220,"artistName2220","AUSTRALIA","Metal",4474
2221,"artistName2221","MEXICO","Hip Hop",4476
2222,"artistName2222","CANADA","Rock",4478
2223,"artistName2223","MEXICO","Classical",4479
2224,"artistName2224","RUSSIA","Rock",4480
2225,"artistName2225","RUSSIA","Pop",4483
2226,"artistName2226","CHINA","Country",4484
2227,"artistName2227","RUSSIA","Rock",4485
2228,"artistName2228","AUSTRALIA","Hip Hop",4487
2229,"artistName2229","USA","Reggae",4488
2230,"artistName2230","AUSTRALIA","Classical",4489
2231,"artistName2231","RUSSIA","Hip Hop",4490
2232,"artistName2232","USA","Jazz",4492
2233,"artistName2233","MEXICO","Classical",4493
2234,"artistName2234","AUSTRALIA","Reggae",4495
2235,"artistName2235","GERMANY","Pop",4496
2236,"artistName2236","CANADA","Classical",4498
2237,"artistName2237","RUSSIA","Metal",4503
2238,"artistName2238","MEXICO","Rock",4504
2239,"artistName2239","GERMANY","Jazz",4506
2240,"artistName2240","RUSSIA","Reggae",4507
2241,"artistName2241","USA","Metal",4508
2242,"artistName2242","GERMANY","Classical",4511
2243,"artistName2243","CANADA","Jazz",4513
2244,"artistName2244","CANADA","Reggae",4514
2245,"artistName2245","AUSTRALIA","Pop",4518
2246,"artistName2246","RUSSIA","Classical",4520
2247,"artistName2247","RUSSIA","Jazz",4523
2248,"artistName2248","CANADA","Reggae",4524
2249,"artistName2249","MEXICO","Country",4525
2250,"artistName2250","RUSSIA","Rock",4526
2251,"artistName2251","MEXICO","Country",4529
2252,"artistName2252","CANADA","Metal",4530
2253,"artistName2253","GERMANY","Country",4531
2254,"artistName2254","CHINA","Electronic",4532
2255,"artistName2255","MEXICO","Metal",4535
2256,"artistName2256","GERMANY","Metal",4536
2257,"artistName2257","USA","Country",4537
2258,"artistName2258","USA","Country",4539
2259,"artistName2259","CANADA","Jazz",4540
2260,"artistName2260","MEXICO","Country",4541
2261,"artistName2261","CHINA","Hip Hop",4545
2262,"artistName2262","AUSTRALIA","Hip Hop",4547
2263,"artistName2263","CHINA","Electronic",4549
2264,"artistName2264","GERMANY","Classical",4550
2265,"artistName2265","GERMANY","Metal",4552
2266,"artistName2266","CHINA","Blues",4556
2267,"artistName2267","CHINA","Reggae",4557
2268,"artistName2268","MEXICO","Rock",4558
2269,"artistName2269","USA","Classical",4559
2270,"artistName2270","RUSSIA","Reggae",4561
2271,"artistName2271","USA","Blues",4566
2272,"artistName2272","RUSSIA","Hip Hop",4567
2273,"artistName2273","MEXICO","Jazz",4568
2274,"artistName2274","CHINA","Blues",4569
2275,"artistName2275","AUSTRALIA","Electronic",4570
2276,"artistName2276","MEXICO","Blues",4571
2277,"artistName2277","CHINA","Pop",4575
2278,"artistName2278","MEXICO","Metal",4576
2279,"artistName2279","USA","Blues",4578
2280,"artistName2280","CANADA","Jazz",4579
2281,"artistName2281","RUSSIA","Electronic",4581
2282,"artistName2282","RUSSIA","Pop",4583
2283,"artistName2283","AUSTRALIA","Hip Hop",4584
2284,"artistName2284","CANADA","Jazz",4585
2285,"artistName2285","AUSTRALIA","Blues",4586
2286,"artistName2286","MEXICO","Classical",4591
2287,"artistName2287","MEXICO","Rock",4593
2288,"artistName2288","CHINA","Classical",4596
2289,"artistName2289","GERMANY","Jazz",4597
2290,"artistName2290","MEXICO","Classical",4600
2291,"artistName2291","RUSSIA","Country",4601
2292,"artistName2292","USA","Metal",4603
2293,"artistName2293","RUSSIA","Country",4604
2294,"artistName2294","MEXICO","Reggae",4606
2295,"artistName2295","USA","Rock",4607
2296,"artistName2296","USA","Electronic",4608
2297,"artistName2297","RUSSIA","Pop",4609
2298,"artistName2298","CANADA","Rock",4611
2299,"artistName2299","USA","Electronic",4613
2300,"artistName2300","RUSSIA","Pop",4615
2301,"artistName2301","AUSTRALIA","Jazz",4616
2302,"artistName2302","AUSTRALIA","Pop",4617
2303,"artistName2303","CANADA","Blues",4619
2304,"artistName2304","RUSSIA","Blues",4620
2305,"artistName2305","CHINA","Metal",4622
2306,"artistName2306","MEXICO","Electronic",4623
2307,"artistName2307","AUSTRALIA","Classical",4624
2308,"artistName2308","AUSTRALIA","Country",4625
2309,"artistName2309","GERMANY","Jazz",4629
2310,"artistName2310","GERMANY","Country",4633
2311,"artistName2311","RUSSIA","Rock",4635
2312,"artistName2312","RUSSIA","Classical",4636
2313,"artistName2313","CHINA","Hip Hop",4637
2314,"artistName2314","USA","Reggae",4638
2315,"artistName2315","GERMANY","Reggae",4639
2316,"artistName2316","CANADA","Hip Hop",4640
2317,"artistName2317","RUSSIA","Reggae",4645
2318,"artistName2318","CHINA","Reggae",4646
2319,"artistName2319","USA","Reggae",4647
2320,"artistName2320","AUSTRALIA","Electronic",4649
2321,"artistName2321","GERMANY","Jazz",4651
2322,"artistName2322","RUSSIA","Hip Hop",4653
2323,"artistName2323","CHINA","Pop",4654
2324,"artistName2324","USA","Pop",4655
2325,"artistName2325","CANADA","Pop",4656
2326,"artistName2326","CANADA","Metal",4657
2327,"artistName2327","MEXICO","Reggae",4658
2328,"artistName2328","AUSTRALIA","Jazz",4659
2329,"artistName2329","MEXICO","Electronic",4661
2330,"artistName2330","RUSSIA","Pop",4662
2331,"artistName2331","GERMANY","Reggae",4663
2332,"artistName2332","USA","Rock",4665
2333,"artistName2333","USA","Country",4672
2334,"artistName2334","RUSSIA","Rock",4673
2335,"artistName2335","RUSSIA","Blues",4674
2336,"artistName2336","RUSSIA","Rock",4675
2337,"artistName2337","RUSSIA","Electronic",4676
2338,"artistName2338","CANADA","Country",4677
2339,"artistName2339","CANADA","Reggae",4683
2340,"artistName2340","RUSSIA","Metal",4685
2341,"artistName2341","CHINA","Country",4686
2342,"artistName2342","CHINA","Blues",4687
2343,"artistName2343","GERMANY","Jazz",4689
2344,"artistName2344","CANADA","Blues",4691
2345,"artistName2345","CHINA","Blues",4693
2346,"artistName2346","MEXICO","Hip Hop",4694
2347,"artistName2347","GERMANY","Metal",4700
2348,"artistName2348","RUSSIA","Metal",4701
2349,"artistName2349","GERMANY","Classical",4703
2350,"artistName2350","AUSTRALIA","Jazz",4704
2351,"artistName2351","AUSTRALIA","Rock",4705
2352,"artistName2352","RUSSIA","Pop",4711
2353,"artistName2353","GERMANY","Classical",4712
2354,"artistName2354","MEXICO","Hip Hop",4713
2355,"artistName2355","CANADA","Classical",4716
2356,"artistName2356","USA","Metal",4718
2357,"artistName2357","CANADA","Hip Hop",4722
2358,"artistName2358","AUSTRALIA","Pop",4725
2359,"artistName2359","CANADA","Classical",4726
2360,"artistName2360","CANADA","Classical",4728
2361,"artistName2361","MEXICO","Jazz",4730
2362,"artistName2362","RUSSIA","Rock",4731
2363,"artistName2363","USA","Pop",4732
2364,"artistName2364","AUSTRALIA","Jazz",4733
2365,"artistName2365","CANADA","Blues",4734
2366,"artistName2366","CANADA","Classical",4736
2367,"artistName2367","CANADA","Jazz",4738
2368,"artistName2368","CANADA","Metal",4739
2369,"artistName2369","RUSSIA","Metal",4740
2370,"artistName2370","MEXICO","Classical",4742
2371,"artistName2371","AUSTRALIA","Blues",4743
2372,"artistName2372","CHINA","Country",4746
2373,"artistName2373","CANADA","Rock",4748
2374,"artistName2374","RUSSIA","Electronic",4749
2375,"artistName2375","GERMANY","Hip Hop",4750
2376,"artistName2376","USA","Reggae",4753
2377,"artistName2377","USA","Pop",4754
2378,"artistName2378","MEXICO","Hip Hop",4755
2379,"artistName2379","USA","Electronic",4756
2380,"artistName2380","CHINA","Jazz",4757
2381,"artistName2381","USA","Pop",4759
2382,"artistName2382","CHINA","Reggae",4760
2383,"artistName2383","CHINA","Electronic",4762
2384,"artistName2384","AUSTRALIA","Blues",4764
2385,"artistName2385","GERMANY","Hip Hop",4770
2386,"artistName2386","CHINA","Reggae",4771
2387,"artistName2387","AUSTRALIA","Electronic",4772
2388,"artistName2388","CANADA","Jazz",4774
2389,"artistName2389","CHINA","Rock",4775
2390,"artistName2390","RUSSIA","Country",4776
2391,"artistName2391","MEXICO","Metal",4777
2392,"artistName2392","MEXICO","Electronic",4778
2393,"artistName2393","CHINA","Metal",4781
2394,"artistName2394","MEXICO","Rock",4783
2395,"artistName2395","CHINA","Metal",4784
2396,"artistName2396","MEXICO","Country",4785
2397,"artistName2397","CANADA","Classical",4790
2398,"artistName2398","MEXICO","Jazz",4791
2399,"artistName2399","AUSTRALIA","Jazz",4792
2400,"artistName2400","GERMANY","Pop",4793
2401,"artistName2401","MEXICO","Hip Hop",4795
2402,"artistName2402","RUSSIA","Rock",4797
2403,"artistName2403","AUSTRALIA","Reggae",4798
2404,"artistName2404","GERMANY","Classical",4799
2405,"artistName2405","GERMANY","Pop",4800
2406,"artistName2406","CANADA","Jazz",4802
2407,"artistName2407","CHINA","Reggae",4803
2408,"artistName2408","USA","Electronic",4805
2409,"artistName2409","GERMANY","Country",4806
2410,"artistName2410","MEXICO","Electronic",4807
2411,"artistName2411","GERMANY","Rock",4808
2412,"artistName2412","RUSSIA","Classical",4809
2413,"artistName2413","RUSSIA","Metal",4810
2414,"artistName2414","RUSSIA","Country",4815
2415,"artistName2415","AUSTRALIA","Reggae",4818
2416,"artistName2416","GERMANY","Jazz",4820
2417,"artistName2417","GERMANY","Jazz",4821
2418,"artistName2418","RUSSIA","Blues",4823
2419,"artistName2419","USA","Classical",4826
2420,"artistName2420","GERMANY","Rock",4828
2421,"artistName2421","GERMANY","Country",4830
2422,"artistName2422","MEXICO","Metal",4831
2423,"artistName2423","AUSTRALIA","Hip Hop",4832
2424,"artistName2424","CANADA","Jazz",4833
2425,"artistName2425","GERMANY","Metal",4835
2426,"artistName2426","CHINA","Classical",4839
2427,"artistName2427","GERMANY","Electronic",4840
2428,"artistName2428","RUSSIA","Reggae",4843
2429,"artistName2429","CHINA","Pop",4844
2430,"artistName2430","GERMANY","Hip Hop",4846
2431,"artistName2431","USA","Pop",4851
2432,"artistName2432","GERMANY","Blues",4853
2433,"artistName2433","CANADA","Electronic",4854
2434,"artistName2434","MEXICO","Classical",4855
2435,"artistName2435","USA","Jazz",4856
2436,"artistName2436","AUSTRALIA","Classical",4857
2437,"artistName2437","CANADA","Rock",4862
2438,"artistName2438","RUSSIA","Classical",4863
2439,"artistName2439","USA","Classical",4864
2440,"artistName2440","AUSTRALIA","Reggae",4867
2441,"artistName2441","RUSSIA","Blues",4869
2442,"artistName2442","RUSSIA","Rock",4873
2443,"artistName2443","CHINA","Electronic",4874
2444,"artistName2444","MEXICO","Pop",4879
2445,"artistName2445","RUSSIA","Electronic",4881
2446,"artistName2446","CANADA","Country",4882
2447,"artistName2447","AUSTRALIA","Blues",4884
2448,"artistName2448","USA","Blues",4887
2449,"artistName2449","MEXICO","Hip Hop",4891
2450,"artistName2450","AUSTRALIA","Hip Hop",4893
2451,"artistName2451","USA","Hip Hop",4894
2452,"artistName2452","AUSTRALIA","Rock",4896
2453,"artistName2453","GERMANY","Hip Hop",4899
2454,"artistName2454","AUSTRALIA","Metal",4900
2455,"artistName2455","MEXICO","Metal",4903
2456,"artistName2456","CANADA","Hip Hop",4908
2457,"artistName2457","CHINA","Metal",4909
2458,"artistName2458","RUSSIA","Blues",4913
2459,"artistName2459","RUSSIA","Reggae",4914
2460,"artistName2460","CANADA","Classical",4916
2461,"artistName2461","USA","Blues",4920
2462,"artistName2462","AUSTRALIA","Hip Hop",4921
2463,"artistName2463","CHINA","Country",4925
2464,"artistName2464","AUSTRALIA","Country",4926
2465,"artistName2465","RUSSIA","Rock",4928
2466,"artistName2466","CANADA","Classical",4930
2467,"artistName2467","RUSSIA","Classical",4934
2468,"artistName2468","CHINA","Reggae",4935
2469,"artistName2469","CANADA","Metal",4937
2470,"artistName2470","GERMANY","Hip Hop",4941
2471,"artistName2471","GERMANY","Hip Hop",4943
2472,"artistName2472","GERMANY","Rock",4944
2473,"artistName2473","CHINA","Hip Hop",4945
2474,"artistName2474","CANADA","Metal",4946
2475,"artistName2475","CANADA","Rock",4947
2476,"artistName2476","AUSTRALIA","Blues",4949
2477,"artistName2477","RUSSIA","Reggae",4951
2478,"artistName2478","AUSTRALIA","Reggae",4953
2479,"artistName2479","GERMANY","Reggae",4954
2480,"artistName2480","AUSTRALIA","Pop",4955
2481,"artistName2481","USA","Country",4958
2482,"artistName2482","MEXICO","Country",4962
2483,"artistName2483","AUSTRALIA","Rock",4963
2484,"artistName2484","GERMANY","Reggae",4964
2485,"artistName2485","USA","Electronic",4966
2486,"artistName2486","CANADA","Classical",4967
2487,"artistName2487","MEXICO","Country",4968
2488,"artistName2488","CHINA","Classical",4970
2489,"artistName2489","AUSTRALIA","Hip Hop",4972
2490,"artistName2490","MEXICO","Classical",4976
2491,"artistName2491","CHINA","Rock",4978
2492,"artistName2492","USA","Reggae",4982
2493,"artistName2493","MEXICO","Classical",4983
2494,"artistName2494","MEXICO","Jazz",4984
2495,"artistName2495","CANADA","Hip Hop",4985
2496,"artistName2496","GERMANY","Rock",4986
2497,"artistName2497","CANADA","Classical",4990
2498,"artistName2498","USA","Metal",4993
2499,"artistName2499","GERMANY","Metal",4994
2500,"artistName2500","USA","Jazz",4997
2501,"artistName2501","USA","Rock",4998
2502,"artistName2502","USA","Pop",4999
2503,"artistName2503","GERMANY","Metal",5001
2504,"artistName2504","CHINA","Country",5002
2505,"artistName2505","GERMANY","Hip Hop",5004
2506,"artistName2506","CANADA","Blues",5005
2507,"artistName2507","MEXICO","Electronic",5006
2508,"artistName2508","AUSTRALIA","Classical",5009
2509,"artistName2509","RUSSIA","Hip Hop",5010
2510,"artistName2510","AUSTRALIA","Reggae",5011
2511,"artistName2511","GERMANY","Metal",5012
2512,"artistName2512","CANADA","Reggae",5015
2513,"artistName2513","CANADA","Metal",5016
2514,"artistName2514","CHINA","Hip Hop",5018
2515,"artistName2515","MEXICO","Jazz",5021
2516,"artistName2516","RUSSIA","Pop",5023
2517,"artistName2517","GERMANY","Pop",5024
2518,"artistName2518","RUSSIA","Classical",5025
2519,"artistName2519","CANADA","Reggae",5026
2520,"artistName2520","AUSTRALIA","Reggae",5027
2521,"artistName2521","CHINA","Classical",5029
2522,"artistName2522","MEXICO","Hip Hop",5031
2523,"artistName2523","CHINA","Jazz",5032
2524,"artistName2524","RUSSIA","Reggae",5038
2525,"artistName2525","CHINA","Reggae",5039
2526,"artistName2526","CHINA","Rock",5040
2527,"artistName2527","CANADA","Classical",5041
2528,"artistName2528","MEXICO","Country",5043
2529,"artistName2529","MEXICO","Hip Hop",5045
2530,"artistName2530","MEXICO","Rock",5049
2531,"artistName2531","CANADA","Reggae",5050
2532,"artistName2532","AUSTRALIA","Electronic",5052
2533,"artistName2533","RUSSIA","Pop",5053
2534,"artistName2534","RUSSIA","Hip Hop",5054
2535,"artistName2535","USA","Hip Hop",5055
2536,"artistName2536","CHINA","Classical",5056
2537,"artistName2537","MEXICO","Pop",5057
2538,"artistName2538","GERMANY","Classical",5059
2539,"artistName2539","AUSTRALIA","Electronic",5061
2540,"artistName2540","RUSSIA","Blues",5063
2541,"artistName2541","AUSTRALIA","Metal",5064
2542,"artistName2542","RUSSIA","Metal",5066
2543,"artistName2543","AUSTRALIA","Rock",5067
2544,"artistName2544","GERMANY","Pop",5068
2545,"artistName2545","CHINA","Rock",5071
2546,"artistName2546","MEXICO","Reggae",5073
2547,"artistName2547","AUSTRALIA","Metal",5075
2548,"artistName2548","CHINA","Jazz",5076
2549,"artistName2549","RUSSIA","Rock",5077
2550,"artistName2550","USA","Jazz",5079
2551,"artistName2551","MEXICO","Pop",5081
2552,"artistName2552","RUSSIA","Metal",5085
2553,"artistName2553","GERMANY","Rock",5087
2554,"artistName2554","CANADA","Blues",5089
2555,"artistName2555","CHINA","Electronic",5103
2556,"artistName2556","GERMANY","Country",5105
2557,"artistName2557","RUSSIA","Metal",5106
2558,"artistName2558","MEXICO","Blues",5107
2559,"artistName2559","CANADA","Rock",5108
2560,"artistName2560","CANADA","Reggae",5110
2561,"artistName2561","MEXICO","Hip Hop",5111
2562,"artistName2562","RUSSIA","Reggae",5112
2563,"artistName2563","USA","Pop",5113
2564,"artistName2564","RUSSIA","Hip Hop",5115
2565,"artistName2565","USA","Blues",5122
2566,"artistName2566","GERMANY","Metal",5126
2567,"artistName2567","AUSTRALIA","Country",5128
2568,"artistName2568","MEXICO","Jazz",5131
2569,"artistName2569","CANADA","Pop",5133
2570,"artistName2570","CHINA","Classical",5135
2571,"artistName2571","GERMANY","Jazz",5136
2572,"artistName2572","MEXICO","Jazz",5137
2573,"artistName2573","USA","Metal",5138
2574,"artistName2574","USA","Jazz",5140
2575,"artistName2575","CANADA","Classical",5142
2576,"artistName2576","GERMANY","Electronic",5147
2577,"artistName2577","AUSTRALIA","Reggae",5148
2578,"artistName2578","GERMANY","Rock",5149
2579,"artistName2579","MEXICO","Hip Hop",5151
2580,"artistName2580","AUSTRALIA","Reggae",5152
2581,"artistName2581","MEXICO","Hip Hop",5153
2582,"artistName2582","USA","Metal",5157
2583,"artistName2583","USA","Reggae",5160
2584,"artistName2584","USA","Hip Hop",5161
2585,"artistName2585","AUSTRALIA","Metal",5163
2586,"artistName2586","CHINA","Jazz",5164
2587,"artistName2587","AUSTRALIA","Jazz",5165
2588,"artistName2588","RUSSIA","Metal",5169
2589,"artistName2589","GERMANY","Country",5170
2590,"artistName2590","CHINA","Hip Hop",5171
2591,"artistName2591","USA","Pop",5172
2592,"artistName2592","GERMANY","Hip Hop",5174
2593,"artistName2593","RUSSIA","Electronic",5179
2594,"artistName2594","GERMANY","Metal",5180
2595,"artistName2595","CANADA","Jazz",5181
2596,"artistName2596","AUSTRALIA","Pop",5183
2597,"artistName2597","GERMANY","Electronic",5185
2598,"artistName2598","USA","Jazz",5188
2599,"artistName2599","AUSTRALIA","Jazz",5191
2600,"artistName2600","GERMANY","Jazz",5194
2601,"artistName2601","USA","Metal",5196
2602,"artistName2602","USA","Pop",5197
2603,"artistName2603","CANADA","Country",5198
2604,"artistName2604","AUSTRALIA","Rock",5201
2605,"artistName2605","USA","Country",5202
2606,"artistName2606","USA","Electronic",5204
2607,"artistName2607","CANADA","Blues",5205
2608,"artistName2608","CHINA","Metal",5206
2609,"artistName2609","USA","Blues",5210
2610,"artistName2610","RUSSIA","Pop",5215
2611,"artistName2611","USA","Hip Hop",5216
2612,"artistName2612","AUSTRALIA","Jazz",5217
2613,"artistName2613","CANADA","Classical",5218
2614,"artistName2614","MEXICO","Jazz",5219
2615,"artistName2615","MEXICO","Country",5227
2616,"artistName2616","GERMANY","Electronic",5229
2617,"artistName2617","GERMANY","Hip Hop",5233
2618,"artistName2618","MEXICO","Electronic",5234
2619,"artistName2619","RUSSIA","Classical",5237
2620,"artistName2620","MEXICO","Blues",5238
2621,"artistName2621","MEXICO","Rock",5239
2622,"artistName2622","CHINA","Electronic",5243
2623,"artistName2623","MEXICO","Hip Hop",5247
2624,"artistName2624","RUSSIA","Classical",5253
2625,"artistName2625","GERMANY","Rock",5255
2626,"artistName2626","USA","Pop",5257
2627,"artistName2627","AUSTRALIA","Reggae",5260
2628,"artistName2628","CHINA","Jazz",5269
2629,"artistName2629","USA","Pop",5272
2630,"artistName2630","GERMANY","Rock",5275
2631,"artistName2631","RUSSIA","Pop",5276
2632,"artistName2632","CHINA","Rock",5277
2633,"artistName2633","CHINA","Classical",5280
2634,"artistName2634","AUSTRALIA","Hip Hop",5283
2635,"artistName2635","AUSTRALIA","Blues",5287
2636,"artistName2636","CANADA","Blues",5288
2637,"artistName2637","USA","Electronic",5290
2638,"artistName2638","CHINA","Jazz",5291
2639,"artistName2639","CHINA","Rock",5293
2640,"artistName2640","GERMANY","Jazz",5295
2641,"artistName2641","GERMANY","Country",5296
2642,"artistName2642","CANADA","Electronic",5297
2643,"artistName2643","CHINA","Reggae",5299
2644,"artistName2644","CANADA","Hip Hop",5300
2645,"artistName2645","AUSTRALIA","Reggae",5302
2646,"artistName2646","AUSTRALIA","Country",5307
2647,"artistName2647","CANADA","Reggae",5309
2648,"artistName2648","CHINA","Rock",5317
2649,"artistName2649","RUSSIA","Metal",5322
2650,"artistName2650","AUSTRALIA","Pop",5323
2651,"artistName2651","CANADA","Jazz",5324
2652,"artistName2652","MEXICO","Rock",5326
2653,"artistName2653","USA","Blues",5327
2654,"artistName2654","USA","Reggae",5328
2655,"artistName2655","MEXICO","Rock",5331
2656,"artistName2656","USA","Jazz",5335
2657,"artistName2657","USA","Rock",5336
2658,"artistName2658","RUSSIA","Reggae",5337
2659,"artistName2659","USA","Pop",5338
2660,"artistName2660","RUSSIA","Reggae",5345
2661,"artistName2661","MEXICO","Pop",5347
2662,"artistName2662","GERMANY","Hip Hop",5348
2663,"artistName2663","RUSSIA","Pop",5349
2664,"artistName2664","CANADA","Metal",5352
2665,"artistName2665","CANADA","Country",5353
2666,"artistName2666","MEXICO","Hip Hop",5355
2667,"artistName2667","CHINA","Rock",5358
2668,"artistName2668","CHINA","Rock",5365
2669,"artistName2669","USA","Rock",5366
2670,"artistName2670","AUSTRALIA","Pop",5367
2671,"artistName2671","RUSSIA","Hip Hop",5369
2672,"artistName2672","AUSTRALIA","Rock",5370
2673,"artistName2673","MEXICO","Classical",5373
2674,"artistName2674","USA","Jazz",5375
2675,"artistName2675","GERMANY","Reggae",5376
2676,"artistName2676","RUSSIA","Rock",5378
2677,"artistName2677","GERMANY","Classical",5381
2678,"artistName2678","MEXICO","Blues",5386
2679,"artistName2679","USA","Electronic",5390
2680,"artistName2680","MEXICO","Jazz",5392
2681,"artistName2681","USA","Pop",5394
2682,"artistName2682","CHINA","Electronic",5395
2683,"artistName2683","MEXICO","Classical",5396
2684,"artistName2684","AUSTRALIA","Jazz",5397
2685,"artistName2685","RUSSIA","Hip Hop",5400
2686,"artistName2686","CANADA","Classical",5404
2687,"artistName2687","RUSSIA","Pop",5406
2688,"artistName2688","AUSTRALIA","Electronic",5408
2689,"artistName2689","CANADA","Hip Hop",5410
2690,"artistName2690","CANADA","Metal",5412
2691,"artistName2691","CANADA","Jazz",5418
2692,"artistName2692","MEXICO","Reggae",5419
2693,"artistName2693","RUSSIA","Reggae",5422
2694,"artistName2694","CANADA","Classical",5424
2695,"artistName2695","USA","Electronic",5425
2696,"artistName2696","AUSTRALIA","Pop",5427
2697,"artistName2697","USA","Pop",5428
2698,"artistName2698","GERMANY","Blues",5429
2699,"artistName2699","MEXICO","Hip Hop",5434
2700,"artistName2700","CANADA","Blues",5435
2701,"artistName2701","CANADA","Jazz",5439
2702,"artistName2702","MEXICO","Reggae",5442
2703,"artistName2703","AUSTRALIA","Reggae",5443
2704,"artistName2704","CANADA","Country",5444
2705,"artistName2705","CANADA","Country",5445
2706,"artistName2706","USA","Country",5446
2707,"artistName2707","AUSTRALIA","Classical",5448
2708,"artistName2708","AUSTRALIA","Blues",5449
2709,"artistName2709","CANADA","Electronic",5450
2710,"artistName2710","USA","Jazz",5452
2711,"artistName2711","MEXICO","Classical",5454
2712,"artistName2712","USA","Blues",5456
2713,"artistName2713","USA","Blues",5457
2714,"artistName2714","CANADA","Metal",5458
2715,"artistName2715","MEXICO","Hip Hop",5462
2716,"artistName2716","CANADA","Classical",5469
2717,"artistName2717","RUSSIA","Blues",5471
2718,"artistName2718","MEXICO","Metal",5473
2719,"artistName2719","GERMANY","Classical",5475
2720,"artistName2720","AUSTRALIA","Country",5480
2721,"artistName2721","CHINA","Reggae",5486
2722,"artistName2722","USA","Reggae",5488
2723,"artistName2723","CHINA","Rock",5489
2724,"artistName2724","USA","Classical",5490
2725,"artistName2725","CHINA","Pop",5491
2726,"artistName2726","CHINA","Reggae",5497
2727,"artistName2727","MEXICO","Blues",5499
2728,"artistName2728","CHINA","Country",5500
2729,"artistName2729","GERMANY","Electronic",5501
2730,"artistName2730","GERMANY","Reggae",5505
2731,"artistName2731","GERMANY","Metal",5506
2732,"artistName2732","RUSSIA","Classical",5510
2733,"artistName2733","CANADA","Jazz",5512
2734,"artistName2734","MEXICO","Reggae",5516
2735,"artistName2735","USA","Jazz",5517
2736,"artistName2736","CANADA","Hip Hop",5520
2737,"artistName2737","USA","Jazz",5522
2738,"artistName2738","RUSSIA","Classical",5524
2739,"artistName2739","CHINA","Jazz",5526
2740,"artistName2740","GERMANY","Electronic",5527
2741,"artistName2741","RUSSIA","Hip Hop",5529
2742,"artistName2742","RUSSIA","Rock",5530
2743,"artistName2743","RUSSIA","Classical",5536
2744,"artistName2744","MEXICO","Metal",5538
2745,"artistName2745","CHINA","Rock",5539
2746,"artistName2746","CANADA","Jazz",5540
2747,"artistName2747","USA","Country",5541
2748,"artistName2748","GERMANY","Jazz",5542
2749,"artistName2749","RUSSIA","Jazz",5543
2750,"artistName2750","AUSTRALIA","Classical",5545
2751,"artistName2751","MEXICO","Pop",5546
2752,"artistName2752","GERMANY","Country",5547
2753,"artistName2753","USA","Hip Hop",5551
2754,"artistName2754","AUSTRALIA","Blues",5552
2755,"artistName2755","CHINA","Electronic",5556
2756,"artistName2756","AUSTRALIA","Country",5557
2757,"artistName2757","USA","Electronic",5558
2758,"artistName2758","USA","Metal",5559
2759,"artistName2759","GERMANY","Electronic",5561
2760,"artistName2760","USA","Classical",5562
2761,"artistName2761","MEXICO","Blues",5563
2762,"artistName2762","GERMANY","Rock",5565
2763,"artistName2763","MEXICO","Metal",5567
2764,"artistName2764","GERMANY","Hip Hop",5570
2765,"artistName2765","USA","Electronic",5572
2766,"artistName2766","USA","Electronic",5573
2767,"artistName2767","RUSSIA","Blues",5574
2768,"artistName2768","RUSSIA","Metal",5576
2769,"artistName2769","CHINA","Pop",5577
2770,"artistName2770","CHINA","Country",5578
2771,"artistName2771","RUSSIA","Rock",5583
2772,"artistName2772","CHINA","Jazz",5584
2773,"artistName2773","MEXICO","Electronic",5587
2774,"artistName2774","RUSSIA","Jazz",5591
2775,"artistName2775","GERMANY","Rock",5593
2776,"artistName2776","MEXICO","Hip Hop",5595
2777,"artistName2777","MEXICO","Country",5597
2778,"artistName2778","MEXICO","Classical",5598
2779,"artistName2779","RUSSIA","Pop",5604
2780,"artistName2780","CANADA","Reggae",5605
2781,"artistName2781","AUSTRALIA","Country",5606
2782,"artistName2782","MEXICO","Hip Hop",5607
2783,"artistName2783","GERMANY","Jazz",5608
2784,"artistName2784","GERMANY","Rock",5610
2785,"artistName2785","USA","Electronic",5612
2786,"artistName2786","GERMANY","Blues",5614
2787,"artistName2787","CANADA","Metal",5626
2788,"artistName2788","AUSTRALIA","Reggae",5628
2789,"artistName2789","CANADA","Classical",5630
2790,"artistName2790","GERMANY","Blues",5632
2791,"artistName2791","CANADA","Pop",5633
2792,"artistName2792","RUSSIA","Classical",5634
2793,"artistName2793","GERMANY","Metal",5635
2794,"artistName2794","GERMANY","Hip Hop",5636
2795,"artistName2795","RUSSIA","Classical",5637
2796,"artistName2796","MEXICO","Hip Hop",5642
2797,"artistName2797","CHINA","Jazz",5643
2798,"artistName2798","GERMANY","Metal",5644
2799,"artistName2799","CHINA","Classical",5649
2800,"artistName2800","MEXICO","Metal",5651
2801,"artistName2801","USA","Country",5654
2802,"artistName2802","CANADA","Reggae",5656
2803,"artistName2803","AUSTRALIA","Metal",5657
2804,"artistName2804","MEXICO","Rock",5658
2805,"artistName2805","RUSSIA","Rock",5659
2806,"artistName2806","CHINA","Country",5661
2807,"artistName2807","AUSTRALIA","Electronic",5665
2808,"artistName2808","AUSTRALIA","Country",5671
2809,"artistName2809","MEXICO","Blues",5673
2810,"artistName2810","CANADA","Reggae",5675
2811,"artistName2811","CHINA","Rock",5678
2812,"artistName2812","AUSTRALIA","Jazz",5679
2813,"artistName2813","CHINA","Pop",5681
2814,"artistName2814","AUSTRALIA","Classical",5684
2815,"artistName2815","CANADA","Pop",5685
2816,"artistName2816","GERMANY","Rock",5687
2817,"artistName2817","CHINA","Electronic",5690
2818,"artistName2818","RUSSIA","Pop",5692
2819,"artistName2819","CANADA","Classical",5696
2820,"artistName2820","AUSTRALIA","Pop",5697
2821,"artistName2821","CANADA","Rock",5698
2822,"artistName2822","USA","Electronic",5700
2823,"artistName2823","CANADA","Country",5701
2824,"artistName2824","GERMANY","Classical",5704
2825,"artistName2825","AUSTRALIA","Electronic",5705
2826,"artistName2826","USA","Electronic",5706
2827,"artistName2827","CANADA","Metal",5707
2828,"artistName2828","CHINA","Reggae",5709
2829,"artistName2829","MEXICO","Country",5711
2830,"artistName2830","CANADA","Electronic",5717
2831,"artistName2831","MEXICO","Country",5718
2832,"artistName2832","USA","Rock",5719
2833,"artistName2833","CHINA","Reggae",5720
2834,"artistName2834","CANADA","Pop",5721
2835,"artistName2835","MEXICO","Classical",5722
2836,"artistName2836","CHINA","Rock",5724
2837,"artistName2837","RUSSIA","Pop",5726
2838,"artistName2838","CANADA","Blues",5727
2839,"artistName2839","AUSTRALIA","Classical",5728
2840,"artistName2840","CANADA","Rock",5731
2841,"artistName2841","AUSTRALIA","Rock",5735
2842,"artistName2842","CHINA","Metal",5736
2843,"artistName2843","MEXICO","Reggae",5739
2844,"artistName2844","USA","Country",5740
2845,"artistName2845","MEXICO","Pop",5741
2846,"artistName2846","AUSTRALIA","Hip Hop",5744
2847,"artistName2847","MEXICO","Rock",5745
2848,"artistName2848","RUSSIA","Electronic",5747
2849,"artistName2849","MEXICO","Country",5749
2850,"artistName2850","CHINA","Electronic",5752
2851,"artistName2851","GERMANY","Rock",5753
2852,"artistName2852","CHINA","Metal",5754
2853,"artistName2853","USA","Classical",5756
2854,"artistName2854","MEXICO","Classical",5757
2855,"artistName2855","AUSTRALIA","Hip Hop",5758
2856,"artistName2856","USA","Jazz",5760
2857,"artistName2857","USA","Electronic",5761
2858,"artistName2858","MEXICO","Electronic",5762
2859,"artistName2859","CHINA","Country",5766
2860,"artistName2860","USA","Hip Hop",5770
2861,"artistName2861","CANADA","Metal",5772
2862,"artistName2862","USA","Country",5775
2863,"artistName2863","GERMANY","Blues",5777
2864,"artistName2864","GERMANY","Electronic",5781
2865,"artistName2865","AUSTRALIA","Rock",5782
2866,"artistName2866","USA","Country",5790
2867,"artistName2867","MEXICO","Jazz",5793
2868,"artistName2868","MEXICO","Jazz",5794
2869,"artistName2869","CHINA","Rock",5796
2870,"artistName2870","CANADA","Metal",5797
2871,"artistName2871","AUSTRALIA","Blues",5800
2872,"artistName2872","RUSSIA","Hip Hop",5801
2873,"artistName2873","RUSSIA","Pop",5804
2874,"artistName2874","CANADA","Jazz",5807
2875,"artistName2875","RUSSIA","Rock",5809
2876,"artistName2876","MEXICO","Blues",5810
2877,"artistName2877","MEXICO","Reggae",5813
2878,"artistName2878","USA","Pop",5815
2879,"artistName2879","MEXICO","Country",5817
2880,"artistName2880","CHINA","Pop",5820
2881,"artistName2881","CANADA","Blues",5822
2882,"artistName2882","GERMANY","Reggae",5825
2883,"artistName2883","MEXICO","Rock",5830
2884,"artistName2884","MEXICO","Reggae",5836
2885,"artistName2885","RUSSIA","Hip Hop",5838
2886,"artistName2886","GERMANY","Metal",5839
2887,"artistName2887","CANADA","Metal",5840
2888,"artistName2888","GERMANY","Electronic",5841
2889,"artistName2889","CANADA","Hip Hop",5842
2890,"artistName2890","RUSSIA","Blues",5843
2891,"artistName2891","RUSSIA","Classical",5845
2892,"artistName2892","RUSSIA","Rock",5847
2893,"artistName2893","USA","Electronic",5848
2894,"artistName2894","CHINA","Metal",5852
2895,"artistName2895","CANADA","Blues",5854
2896,"artistName2896","RUSSIA","Electronic",5855
2897,"artistName2897","USA","Pop",5858
2898,"artistName2898","RUSSIA","Country",5859
2899,"artistName2899","USA","Country",5860
2900,"artistName2900","AUSTRALIA","Classical",5861
2901,"artistName2901","CHINA","Pop",5870
2902,"artistName2902","GERMANY","Electronic",5871
2903,"artistName2903","RUSSIA","Country",5873
2904,"artistName2904","MEXICO","Electronic",5874
2905,"artistName2905","AUSTRALIA","Metal",5876
2906,"artistName2906","AUSTRALIA","Electronic",5877
2907,"artistName2907","CANADA","Hip Hop",5884
2908,"artistName2908","CHINA","Blues",5886
2909,"artistName2909","GERMANY","Pop",5889
2910,"artistName2910","USA","Hip Hop",5891
2911,"artistName2911","USA","Electronic",5893
2912,"artistName2912","RUSSIA","Country",5897
2913,"artistName2913","CANADA","Rock",5898
2914,"artistName2914","USA","Metal",5900
2915,"artistName2915","GERMANY","Country",5901
2916,"artistName2916","RUSSIA","Jazz",5902
2917,"artistName2917","RUSSIA","Rock",5904
2918,"artistName2918","CHINA","Rock",5906
2919,"artistName2919","RUSSIA","Pop",5907
2920,"artistName2920","CHINA","Country",5908
2921,"artistName2921","RUSSIA","Rock",5910
2922,"artistName2922","USA","Pop",5911
2923,"artistName2923","AUSTRALIA","Hip Hop",5912
2924,"artistName2924","GERMANY","Blues",5914
2925,"artistName2925","RUSSIA","Metal",5918
2926,"artistName2926","CANADA","Country",5920
2927,"artistName2927","MEXICO","Blues",5921
2928,"artistName2928","CANADA","Rock",5927
2929,"artistName2929","GERMANY","Jazz",5931
2930,"artistName2930","CHINA","Electronic",5932
2931,"artistName2931","GERMANY","Metal",5938
2932,"artistName2932","MEXICO","Electronic",5939
2933,"artistName2933","CANADA","Jazz",5941
2934,"artistName2934","CANADA","Hip Hop",5942
2935,"artistName2935","RUSSIA","Jazz",5945
2936,"artistName2936","MEXICO","Pop",5948
2937,"artistName2937","CHINA","Reggae",5949
2938,"artistName2938","RUSSIA","Pop",5950
2939,"artistName2939","AUSTRALIA","Jazz",5952
2940,"artistName2940","AUSTRALIA","Blues",5953
2941,"artistName2941","USA","Classical",5954
2942,"artistName2942","AUSTRALIA","Blues",5960
2943,"artistName2943","GERMANY","Jazz",5962
2944,"artistName2944","GERMANY","Jazz",5963
2945,"artistName2945","GERMANY","Blues",5964
2946,"artistName2946","MEXICO","Classical",5966
2947,"artistName2947","AUSTRALIA","Pop",5968
2948,"artistName2948","AUSTRALIA","Classical",5969
2949,"artistName2949","GERMANY","Metal",5971
2950,"artistName2950","GERMANY","Hip Hop",5972
2951,"artistName2951","MEXICO","Rock",5973
2952,"artistName2952","MEXICO","Metal",5974
2953,"artistName2953","CHINA","Classical",5979
2954,"artistName2954","MEXICO","Classical",5981
2955,"artistName2955","MEXICO","Classical",5983
2956,"artistName2956","RUSSIA","Hip Hop",5987
2957,"artistName2957","MEXICO","Classical",5991
2958,"artistName2958","GERMANY","Classical",5995
2959,"artistName2959","CANADA","Metal",5996
2960,"artistName2960","GERMANY","Rock",5998
2961,"artistName2961","CHINA","Jazz",5999
2962,"artistName2962","GERMANY","Classical",6000
2963,"artistName2963","GERMANY","Electronic",6001
2964,"artistName2964","CHINA","Blues",6002
2965,"artistName2965","USA","Pop",6004
2966,"artistName2966","CHINA","Jazz",6005
2967,"artistName2967","GERMANY","Blues",6007
2968,"artistName2968","MEXICO","Hip Hop",6010
2969,"artistName2969","CANADA","Country",6012
2970,"artistName2970","GERMANY","Hip Hop",6013
2971,"artistName2971","CANADA","Metal",6014
2972,"artistName2972","MEXICO","Country",6015
2973,"artistName2973","MEXICO","Reggae",6016
2974,"artistName2974","MEXICO","Reggae",6018
2975,"artistName2975","RUSSIA","Classical",6019
2976,"artistName2976","MEXICO","Jazz",6021
2977,"artistName2977","MEXICO","Rock",6022
2978,"artistName2978","GERMANY","Metal",6023
2979,"artistName2979","GERMANY","Electronic",6024
2980,"artistName2980","CHINA","Pop",6029
2981,"artistName2981","MEXICO","Rock",6032
2982,"artistName2982","GERMANY","Blues",6037
2983,"artistName2983","GERMANY","Jazz",6040
2984,"artistName2984","RUSSIA","Metal",6042
2985,"artistName2985","AUSTRALIA","Country",6044
2986,"artistName2986","CANADA","Electronic",6050
2987,"artistName2987","AUSTRALIA","Classical",6051
2988,"artistName2988","AUSTRALIA","Blues",6055
2989,"artistName2989","MEXICO","Classical",6060
2990,"artistName2990","GERMANY","Electronic",6061
2991,"artistName2991","USA","Hip Hop",6066
2992,"artistName2992","MEXICO","Electronic",6067
2993,"artistName2993","RUSSIA","Reggae",6071
2994,"artistName2994","CHINA","Country",6072
2995,"artistName2995","RUSSIA","Blues",6075
2996,"artistName2996","MEXICO","Country",6076
2997,"artistName2997","CHINA","Jazz",6078
2998,"artistName2998","GERMANY","Pop",6081
2999,"artistName2999","CANADA","Country",6082
3000,"artistName3000","GERMANY","Hip Hop",6084
3001,"artistName3001","AUSTRALIA","Reggae",6087
3002,"artistName3002","USA","Country",6088
3003,"artistName3003","CANADA","Pop",6092
3004,"artistName3004","RUSSIA","Electronic",6093
3005,"artistName3005","MEXICO","Electronic",6094
3006,"artistName3006","AUSTRALIA","Classical",6097
3007,"artistName3007","RUSSIA","Rock",6099
3008,"artistName3008","USA","Classical",6100
3009,"artistName3009","GERMANY","Classical",6103
3010,"artistName3010","USA","Hip Hop",6105
3011,"artistName3011","AUSTRALIA","Hip Hop",6108
3012,"artistName3012","GERMANY","Electronic",6110
3013,"artistName3013","AUSTRALIA","Pop",6112
3014,"artistName3014","CANADA","Rock",6113
3015,"artistName3015","CANADA","Pop",6114
3016,"artistName3016","MEXICO","Hip Hop",6115
3017,"artistName3017","RUSSIA","Rock",6116
3018,"artistName3018","MEXICO","Classical",6117
3019,"artistName3019","MEXICO","Classical",6118
3020,"artistName3020","GERMANY","Pop",6119
3021,"artistName3021","CHINA","Pop",6122
3022,"artistName3022","CANADA","Country",6128
3023,"artistName3023","USA","Rock",6130
3024,"artistName3024","USA","Classical",6131
3025,"artistName3025","CANADA","Electronic",6134
3026,"artistName3026","USA","Blues",6137
3027,"artistName3027","USA","Electronic",6140
3028,"artistName3028","USA","Rock",6142
3029,"artistName3029","MEXICO","Blues",6143
3030,"artistName3030","RUSSIA","Classical",6144
3031,"artistName3031","CANADA","Reggae",6145
3032,"artistName3032","CANADA","Rock",6146
3033,"artistName3033","USA","Classical",6149
3034,"artistName3034","CHINA","Jazz",6151
3035,"artistName3035","AUSTRALIA","Hip Hop",6152
3036,"artistName3036","CANADA","Reggae",6153
3037,"artistName3037","CHINA","Reggae",6156
3038,"artistName3038","USA","Jazz",6158
3039,"artistName3039","GERMANY","Country",6161
3040,"artistName3040","AUSTRALIA","Reggae",6162
3041,"artistName3041","CANADA","Country",6164
3042,"artistName3042","CANADA","Reggae",6166
3043,"artistName3043","RUSSIA","Electronic",6167
3044,"artistName3044","USA","Hip Hop",6168
3045,"artistName3045","AUSTRALIA","Blues",6170
3046,"artistName3046","AUSTRALIA","Electronic",6171
3047,"artistName3047","RUSSIA","Pop",6172
3048,"artistName3048","USA","Jazz",6173
3049,"artistName3049","MEXICO","Classical",6175
3050,"artistName3050","CHINA","Classical",6176
3051,"artistName3051","CHINA","Rock",6185
3052,"artistName3052","GERMANY","Rock",6186
3053,"artistName3053","USA","Hip Hop",6188
3054,"artistName3054","CANADA","Metal",6189
3055,"artistName3055","CHINA","Electronic",6190
3056,"artistName3056","CHINA","Pop",6191
3057,"artistName3057","AUSTRALIA","Country",6192
3058,"artistName3058","AUSTRALIA","Classical",6193
3059,"artistName3059","MEXICO","Blues",6195
3060,"artistName3060","RUSSIA","Metal",6197
3061,"artistName3061","MEXICO","Pop",6201
3062,"artistName3062","GERMANY","Pop",6202
3063,"artistName3063","AUSTRALIA","Reggae",6203
3064,"artistName3064","RUSSIA","Electronic",6204
3065,"artistName3065","MEXICO","Reggae",6205
3066,"artistName3066","CANADA","Rock",6206
3067,"artistName3067","AUSTRALIA","Country",6208
3068,"artistName3068","CANADA","Metal",6209
3069,"artistName3069","USA","Pop",6210
3070,"artistName3070","MEXICO","Rock",6214
3071,"artistName3071","AUSTRALIA","Rock",6216
3072,"artistName3072","CANADA","Classical",6221
3073,"artistName3073","USA","Pop",6222
3074,"artistName3074","USA","Jazz",6225
3075,"artistName3075","CHINA","Electronic",6228
3076,"artistName3076","CANADA","Jazz",6229
3077,"artistName3077","CANADA","Hip Hop",6231
3078,"artistName3078","GERMANY","Metal",6232
3079,"artistName3079","AUSTRALIA","Rock",6233
3080,"artistName3080","GERMANY","Hip Hop",6234
3081,"artistName3081","CHINA","Electronic",6235
3082,"artistName3082","AUSTRALIA","Pop",6236
3083,"artistName3083","CHINA","Blues",6238
3084,"artistName3084","CHINA","Pop",6239
3085,"artistName3085","RUSSIA","Reggae",6241
3086,"artistName3086","GERMANY","Pop",6243
3087,"artistName3087","RUSSIA","Metal",6245
3088,"artistName3088","CHINA","Rock",6247
3089,"artistName3089","CANADA","Blues",6251
3090,"artistName3090","GERMANY","Country",6254
3091,"artistName3091","RUSSIA","Classical",6255
3092,"artistName3092","GERMANY","Pop",6256
3093,"artistName3093","GERMANY","Reggae",6257
3094,"artistName3094","RUSSIA","Country",6258
3095,"artistName3095","MEXICO","Reggae",6261
3096,"artistName3096","CHINA","Reggae",6263
3097,"artistName3097","RUSSIA","Country",6267
3098,"artistName3098","MEXICO","Country",6268
3099,"artistName3099","USA","Metal",6271
3100,"artistName3100","GERMANY","Pop",6272
3101,"artistName3101","USA","Electronic",6274
3102,"artistName3102","CANADA","Country",6275
3103,"artistName3103","AUSTRALIA","Rock",6276
3104,"artistName3104","MEXICO","Rock",6278
3105,"artistName3105","GERMANY","Electronic",6279
3106,"artistName3106","RUSSIA","Jazz",6280
3107,"artistName3107","MEXICO","Metal",6281
3108,"artistName3108","GERMANY","Jazz",6284
3109,"artistName3109","CANADA","Metal",6286
3110,"artistName3110","RUSSIA","Reggae",6287
3111,"artistName3111","CANADA","Pop",6289
3112,"artistName3112","AUSTRALIA","Country",6292
3113,"artistName3113","MEXICO","Reggae",6293
3114,"artistName3114","RUSSIA","Hip Hop",6295
3115,"artistName3115","RUSSIA","Electronic",6299
3116,"artistName3116","USA","Jazz",6300
3117,"artistName3117","CANADA","Reggae",6301
3118,"artistName3118","CHINA","Blues",6306
3119,"artistName3119","MEXICO","Rock",6308
3120,"artistName3120","RUSSIA","Jazz",6311
3121,"artistName3121","RUSSIA","Jazz",6313
3122,"artistName3122","GERMANY","Rock",6315
3123,"artistName3123","USA","Metal",6317
3124,"artistName3124","MEXICO","Country",6319
3125,"artistName3125","AUSTRALIA","Metal",6320
3126,"artistName3126","USA","Reggae",6324
3127,"artistName3127","RUSSIA","Electronic",6325
3128,"artistName3128","AUSTRALIA","Hip Hop",6326
3129,"artistName3129","CHINA","Classical",6327
3130,"artistName3130","CANADA","Blues",6328
3131,"artistName3131","MEXICO","Rock",6329
3132,"artistName3132","RUSSIA","Pop",6330
3133,"artistName3133","USA","Metal",6331
3134,"artistName3134","CANADA","Blues",6332
3135,"artistName3135","USA","Rock",6338
3136,"artistName3136","RUSSIA","Electronic",6339
3137,"artistName3137","AUSTRALIA","Rock",6340
3138,"artistName3138","MEXICO","Hip Hop",6341
3139,"artistName3139","GERMANY","Metal",6348
3140,"artistName3140","AUSTRALIA","Pop",6349
3141,"artistName3141","AUSTRALIA","Rock",6351
3142,"artistName3142","CHINA","Jazz",6353
3143,"artistName3143","CANADA","Reggae",6354
3144,"artistName3144","MEXICO","Country",6355
3145,"artistName3145","CANADA","Blues",6356
3146,"artistName3146","GERMANY","Jazz",6359
3147,"artistName3147","USA","Electronic",6364
3148,"artistName3148","USA","Pop",6365
3149,"artistName3149","GERMANY","Country",6366
3150,"artistName3150","USA","Rock",6370
3151,"artistName3151","MEXICO","Pop",6373
3152,"artistName3152","GERMANY","Classical",6374
3153,"artistName3153","MEXICO","Blues",6375
3154,"artistName3154","GERMANY","Blues",6376
3155,"artistName3155","AUSTRALIA","Pop",6379
3156,"artistName3156","AUSTRALIA","Electronic",6384
3157,"artistName3157","CHINA","Blues",6387
3158,"artistName3158","CHINA","Pop",6389
3159,"artistName3159","RUSSIA","Classical",6390
3160,"artistName3160","CHINA","Rock",6392
3161,"artistName3161","RUSSIA","Pop",6393
3162,"artistName3162","AUSTRALIA","Reggae",6394
3163,"artistName3163","RUSSIA","Pop",6396
3164,"artistName3164","CHINA","Pop",6399
3165,"artistName3165","GERMANY","Reggae",6400
3166,"artistName3166","USA","Pop",6402
3167,"artistName3167","MEXICO","Electronic",6403
3168,"artistName3168","CANADA","Reggae",6405
3169,"artistName3169","MEXICO","Electronic",6412
3170,"artistName3170","GERMANY","Blues",6414
3171,"artistName3171","RUSSIA","Reggae",6415
3172,"artistName3172","RUSSIA","Rock",6422
3173,"artistName3173","CANADA","Classical",6424
3174,"artistName3174","MEXICO","Reggae",6425
3175,"artistName3175","USA","Country",6427
3176,"artistName3176","CANADA","Blues",6428
3177,"artistName3177","CHINA","Country",6430
3178,"artistName3178","CANADA","Rock",6433
3179,"artistName3179","MEXICO","Metal",6434
3180,"artistName3180","USA","Country",6435
3181,"artistName3181","MEXICO","Rock",6437
3182,"artistName3182","GERMANY","Country",6438
3183,"artistName3183","MEXICO","Country",6439
3184,"artistName3184","MEXICO","Rock",6440
3185,"artistName3185","CHINA","Blues",6442
3186,"artistName3186","GERMANY","Pop",6444
3187,"artistName3187","RUSSIA","Electronic",6445
3188,"artistName3188","MEXICO","Reggae",6447
3189,"artistName3189","AUSTRALIA","Metal",6449
3190,"artistName3190","CANADA","Electronic",6450
3191,"artistName3191","CHINA","Country",6451
3192,"artistName3192","CANADA","Hip Hop",6455
3193,"artistName3193","AUSTRALIA","Hip Hop",6467
3194,"artistName3194","RUSSIA","Rock",6468
3195,"artistName3195","MEXICO","Blues",6469
3196,"artistName3196","RUSSIA","Pop",6471
3197,"artistName3197","CANADA","Country",6472
3198,"artistName3198","CHINA","Rock",6474
3199,"artistName3199","MEXICO","Electronic",6478
3200,"artistName3200","AUSTRALIA","Blues",6479
3201,"artistName3201","USA","Jazz",6480
3202,"artistName3202","GERMANY","Jazz",6482
3203,"artistName3203","USA","Electronic",6483
3204,"artistName3204","MEXICO","Rock",6484
3205,"artistName3205","RUSSIA","Rock",6487
3206,"artistName3206","RUSSIA","Metal",6488
3207,"artistName3207","CANADA","Blues",6490
3208,"artistName3208","RUSSIA","Country",6494
3209,"artistName3209","AUSTRALIA","Blues",6497
3210,"artistName3210","GERMANY","Classical",6499
3211,"artistName3211","USA","Reggae",6501
3212,"artistName3212","USA","Reggae",6504
3213,"artistName3213","CANADA","Jazz",6505
3214,"artistName3214","GERMANY","Pop",6506
3215,"artistName3215","MEXICO","Classical",6508
3216,"artistName3216","USA","Reggae",6510
3217,"artistName3217","MEXICO","Metal",6516
3218,"artistName3218","CHINA","Country",6517
3219,"artistName3219","MEXICO","Classical",6520
3220,"artistName3220","USA","Rock",6521
3221,"artistName3221","CHINA","Blues",6522
3222,"artistName3222","GERMANY","Pop",6525
3223,"artistName3223","AUSTRALIA","Pop",6527
3224,"artistName3224","MEXICO","Hip Hop",6528
3225,"artistName3225","AUSTRALIA","Metal",6530
3226,"artistName3226","MEXICO","Hip Hop",6533
3227,"artistName3227","USA","Jazz",6535
3228,"artistName3228","CHINA","Blues",6537
3229,"artistName3229","GERMANY","Country",6538
3230,"artistName3230","CHINA","Classical",6543
3231,"artistName3231","USA","Metal",6544
3232,"artistName3232","MEXICO","Classical",6545
3233,"artistName3233","AUSTRALIA","Reggae",6549
3234,"artistName3234","CANADA","Classical",6551
3235,"artistName3235","MEXICO","Jazz",6552
3236,"artistName3236","GERMANY","Country",6553
3237,"artistName3237","MEXICO","Blues",6556
3238,"artistName3238","MEXICO","Pop",6561
3239,"artistName3239","CHINA","Blues",6562
3240,"artistName3240","MEXICO","Jazz",6565
3241,"artistName3241","GERMANY","Rock",6566
3242,"artistName3242","AUSTRALIA","Jazz",6567
3243,"artistName3243","RUSSIA","Pop",6570
3244,"artistName3244","USA","Pop",6573
3245,"artistName3245","RUSSIA","Classical",6580
3246,"artistName3246","USA","Jazz",6581
3247,"artistName3247","USA","Rock",6584
3248,"artistName3248","GERMANY","Country",6590
3249,"artistName3249","GERMANY","Country",6591
3250,"artistName3250","AUSTRALIA","Rock",6593
3251,"artistName3251","AUSTRALIA","Reggae",6596
3252,"artistName3252","USA","Pop",6597
3253,"artistName3253","USA","Country",6598
3254,"artistName3254","AUSTRALIA","Country",6599
3255,"artistName3255","CANADA","Reggae",6602
3256,"artistName3256","AUSTRALIA","Jazz",6603
3257,"artistName3257","AUSTRALIA","Blues",6608
3258,"artistName3258","RUSSIA","Pop",6609
3259,"artistName3259","GERMANY","Classical",6611
3260,"artistName3260","CANADA","Jazz",6612
3261,"artistName3261","USA","Jazz",6613
3262,"artistName3262","USA","Pop",6614
3263,"artistName3263","CHINA","Classical",6623
3264,"artistName3264","AUSTRALIA","Metal",6627
3265,"artistName3265","GERMANY","Reggae",6628
3266,"artistName3266","USA","Electronic",6629
3267,"artistName3267","GERMANY","Classical",6630
3268,"artistName3268","GERMANY","Country",6632
3269,"artistName3269","AUSTRALIA","Pop",6635
3270,"artistName3270","GERMANY","Electronic",6636
3271,"artistName3271","GERMANY","Metal",6639
3272,"artistName3272","GERMANY","Jazz",6640
3273,"artistName3273","GERMANY","Reggae",6641
3274,"artistName3274","RUSSIA","Hip Hop",6642
3275,"artistName3275","RUSSIA","Country",6643
3276,"artistName3276","RUSSIA","Pop",6645
3277,"artistName3277","RUSSIA","Country",6646
3278,"artistName3278","USA","Classical",6647
3279,"artistName3279","CHINA","Pop",6648
3280,"artistName3280","CHINA","Reggae",6649
3281,"artistName3281","AUSTRALIA","Pop",6652
3282,"artistName3282","CHINA","Country",6656
3283,"artistName3283","CHINA","Hip Hop",6658
3284,"artistName3284","USA","Jazz",6659
3285,"artistName3285","GERMANY","Metal",6660
3286,"artistName3286","CHINA","Electronic",6661
3287,"artistName3287","CHINA","Reggae",6662
3288,"artistName3288","MEXICO","Blues",6663
3289,"artistName3289","USA","Classical",6664
3290,"artistName3290","AUSTRALIA","Reggae",6665
3291,"artistName3291","CANADA","Classical",6666
3292,"artistName3292","USA","Electronic",6669
3293,"artistName3293","CANADA","Country",6670
3294,"artistName3294","CANADA","Blues",6672
3295,"artistName3295","CHINA","Metal",6673
3296,"artistName3296","CHINA","Metal",6675
3297,"artistName3297","RUSSIA","Electronic",6678
3298,"artistName3298","CHINA","Blues",6680
3299,"artistName3299","AUSTRALIA","Classical",6682
3300,"artistName3300","CANADA","Country",6685
3301,"artistName3301","RUSSIA","Blues",6689
3302,"artistName3302","RUSSIA","Rock",6691
3303,"artistName3303","GERMANY","Reggae",6692
3304,"artistName3304","USA","Electronic",6697
3305,"artistName3305","CANADA","Electronic",6700
3306,"artistName3306","CANADA","Blues",6703
3307,"artistName3307","AUSTRALIA","Rock",6704
3308,"artistName3308","RUSSIA","Electronic",6707
3309,"artistName3309","USA","Rock",6710
3310,"artistName3310","RUSSIA","Rock",6711
3311,"artistName3311","GERMANY","Jazz",6712
3312,"artistName3312","CHINA","Reggae",6713
3313,"artistName3313","RUSSIA","Pop",6715
3314,"artistName3314","CANADA","Blues",6716
3315,"artistName3315","RUSSIA","Hip Hop",6719
3316,"artistName3316","MEXICO","Classical",6723
3317,"artistName3317","AUSTRALIA","Classical",6725
3318,"artistName3318","GERMANY","Metal",6728
3319,"artistName3319","RUSSIA","Electronic",6732
3320,"artistName3320","RUSSIA","Country",6733
3321,"artistName3321","RUSSIA","Pop",6734
3322,"artistName3322","CANADA","Hip Hop",6735
3323,"artistName3323","CHINA","Country",6736
3324,"artistName3324","CHINA","Blues",6737
3325,"artistName3325","RUSSIA","Rock",6738
3326,"artistName3326","CHINA","Reggae",6740
3327,"artistName3327","RUSSIA","Classical",6741
3328,"artistName3328","USA","Classical",6743
3329,"artistName3329","USA","Classical",6746
3330,"artistName3330","AUSTRALIA","Rock",6750
3331,"artistName3331","GERMANY","Country",6751
3332,"artistName3332","CHINA","Electronic",6752
3333,"artistName3333","USA","Blues",6753
3334,"artistName3334","MEXICO","Hip Hop",6754
3335,"artistName3335","CANADA","Hip Hop",6756
3336,"artistName3336","RUSSIA","Classical",6757
3337,"artistName3337","CHINA","Jazz",6758
3338,"artistName3338","CHINA","Metal",6759
3339,"artistName3339","GERMANY","Metal",6760
3340,"artistName3340","CANADA","Pop",6762
3341,"artistName3341","GERMANY","Metal",6764
3342,"artistName3342","AUSTRALIA","Metal",6766
3343,"artistName3343","CHINA","Hip Hop",6768
3344,"artistName3344","RUSSIA","Pop",6769
3345,"artistName3345","RUSSIA","Hip Hop",6773
3346,"artistName3346","RUSSIA","Reggae",6774
3347,"artistName3347","USA","Metal",6775
3348,"artistName3348","CHINA","Metal",6778
3349,"artistName3349","CHINA","Blues",6779
3350,"artistName3350","AUSTRALIA","Rock",6780
3351,"artistName3351","RUSSIA","Hip Hop",6781
3352,"artistName3352","CANADA","Metal",6783
3353,"artistName3353","CHINA","Jazz",6787
3354,"artistName3354","CANADA","Hip Hop",6788
3355,"artistName3355","RUSSIA","Hip Hop",6790
3356,"artistName3356","CANADA","Jazz",6792
3357,"artistName3357","USA","Rock",6793
3358,"artistName3358","GERMANY","Electronic",6801
3359,"artistName3359","CHINA","Pop",6802
3360,"artistName3360","GERMANY","Country",6803
3361,"artistName3361","AUSTRALIA","Pop",6804
3362,"artistName3362","RUSSIA","Country",6806
3363,"artistName3363","CANADA","Hip Hop",6811
3364,"artistName3364","CANADA","Country",6812
3365,"artistName3365","AUSTRALIA","Metal",6813
3366,"artistName3366","RUSSIA","Electronic",6815
3367,"artistName3367","RUSSIA","Rock",6818
3368,"artistName3368","AUSTRALIA","Hip Hop",6819
3369,"artistName3369","GERMANY","Metal",6823
3370,"artistName3370","MEXICO","Hip Hop",6824
3371,"artistName3371","GERMANY","Hip Hop",6825
3372,"artistName3372","RUSSIA","Metal",6827
3373,"artistName3373","RUSSIA","Blues",6830
3374,"artistName3374","AUSTRALIA","Hip Hop",6831
3375,"artistName3375","RUSSIA","Country",6833
3376,"artistName3376","RUSSIA","Reggae",6834
3377,"artistName3377","GERMANY","Hip Hop",6835
3378,"artistName3378","CHINA","Jazz",6836
3379,"artistName3379","CANADA","Country",6838
3380,"artistName3380","USA","Metal",6839
3381,"artistName3381","CHINA","Reggae",6840
3382,"artistName3382","MEXICO","Jazz",6843
3383,"artistName3383","AUSTRALIA","Pop",6846
3384,"artistName3384","GERMANY","Reggae",6848
3385,"artistName3385","AUSTRALIA","Reggae",6850
3386,"artistName3386","MEXICO","Blues",6852
3387,"artistName3387","RUSSIA","Jazz",6853
3388,"artistName3388","MEXICO","Rock",6854
3389,"artistName3389","CHINA","Hip Hop",6855
3390,"artistName3390","GERMANY","Jazz",6856
3391,"artistName3391","MEXICO","Jazz",6857
3392,"artistName3392","CANADA","Rock",6859
3393,"artistName3393","USA","Hip Hop",6862
3394,"artistName3394","AUSTRALIA","Country",6864
3395,"artistName3395","GERMANY","Pop",6868
3396,"artistName3396","AUSTRALIA","Jazz",6870
3397,"artistName3397","CHINA","Pop",6871
3398,"artistName3398","GERMANY","Hip Hop",6872
3399,"artistName3399","RUSSIA","Blues",6873
3400,"artistName3400","USA","Jazz",6875
3401,"artistName3401","CANADA","Hip Hop",6876
3402,"artistName3402","CHINA","Country",6879
3403,"artistName3403","GERMANY","Blues",6880
3404,"artistName3404","CANADA","Country",6881
3405,"artistName3405","USA","Electronic",6882
3406,"artistName3406","CHINA","Metal",6884
3407,"artistName3407","MEXICO","Hip Hop",6895
3408,"artistName3408","GERMANY","Classical",6896
3409,"artistName3409","CANADA","Hip Hop",6897
3410,"artistName3410","AUSTRALIA","Reggae",6899
3411,"artistName3411","AUSTRALIA","Reggae",6900
3412,"artistName3412","CHINA","Metal",6901
3413,"artistName3413","AUSTRALIA","Hip Hop",6902
3414,"artistName3414","USA","Metal",6907
3415,"artistName3415","MEXICO","Blues",6908
3416,"artistName3416","RUSSIA","Electronic",6909
3417,"artistName3417","CHINA","Pop",6911
3418,"artistName3418","USA","Jazz",6912
3419,"artistName3419","CHINA","Classical",6913
3420,"artistName3420","RUSSIA","Jazz",6915
3421,"artistName3421","AUSTRALIA","Hip Hop",6916
3422,"artistName3422","MEXICO","Rock",6917
3423,"artistName3423","USA","Country",6919
3424,"artistName3424","RUSSIA","Hip Hop",6920
3425,"artistName3425","CANADA","Jazz",6924
3426,"artistName3426","CHINA","Blues",6925
3427,"artistName3427","USA","Electronic",6926
3428,"artistName3428","MEXICO","Pop",6927
3429,"artistName3429","MEXICO","Blues",6930
3430,"artistName3430","RUSSIA","Blues",6931
3431,"artistName3431","AUSTRALIA","Blues",6934
3432,"artistName3432","CANADA","Pop",6937
3433,"artistName3433","GERMANY","Classical",6938
3434,"artistName3434","GERMANY","Hip Hop",6939
3435,"artistName3435","CANADA","Country",6943
3436,"artistName3436","RUSSIA","Metal",6944
3437,"artistName3437","AUSTRALIA","Hip Hop",6945
3438,"artistName3438","CHINA","Pop",6946
3439,"artistName3439","USA","Electronic",6948
3440,"artistName3440","AUSTRALIA","Electronic",6949
3441,"artistName3441","USA","Classical",6950
3442,"artistName3442","RUSSIA","Blues",6952
3443,"artistName3443","CANADA","Metal",6953
3444,"artistName3444","USA","Electronic",6955
3445,"artistName3445","MEXICO","Reggae",6958
3446,"artistName3446","RUSSIA","Country",6960
3447,"artistName3447","GERMANY","Metal",6962
3448,"artistName3448","AUSTRALIA","Jazz",6963
3449,"artistName3449","GERMANY","Rock",6966
3450,"artistName3450","CANADA","Jazz",6967
3451,"artistName3451","CHINA","Rock",6968
3452,"artistName3452","AUSTRALIA","Metal",6969
3453,"artistName3453","RUSSIA","Hip Hop",6970
3454,"artistName3454","AUSTRALIA","Jazz",6971
3455,"artistName3455","CANADA","Jazz",6975
3456,"artistName3456","AUSTRALIA","Jazz",6979
4285,"artistName4285","CHINA","Reggae",8701
3457,"artistName3457","MEXICO","Electronic",6980
3458,"artistName3458","USA","Rock",6982
3459,"artistName3459","CANADA","Metal",6983
3460,"artistName3460","USA","Reggae",6984
3461,"artistName3461","GERMANY","Electronic",6985
3462,"artistName3462","RUSSIA","Jazz",6986
3463,"artistName3463","RUSSIA","Classical",6989
3464,"artistName3464","CHINA","Hip Hop",6992
3465,"artistName3465","CHINA","Electronic",6993
3466,"artistName3466","AUSTRALIA","Pop",6994
3467,"artistName3467","CHINA","Blues",6996
3468,"artistName3468","CANADA","Metal",6999
3469,"artistName3469","GERMANY","Hip Hop",7002
3470,"artistName3470","GERMANY","Reggae",7006
3471,"artistName3471","USA","Electronic",7007
3472,"artistName3472","GERMANY","Country",7008
3473,"artistName3473","RUSSIA","Country",7012
3474,"artistName3474","RUSSIA","Blues",7014
3475,"artistName3475","AUSTRALIA","Metal",7015
3476,"artistName3476","CANADA","Hip Hop",7016
3477,"artistName3477","AUSTRALIA","Reggae",7017
3478,"artistName3478","GERMANY","Rock",7020
3479,"artistName3479","GERMANY","Country",7021
3480,"artistName3480","CANADA","Country",7022
3481,"artistName3481","RUSSIA","Jazz",7023
3482,"artistName3482","MEXICO","Classical",7025
3483,"artistName3483","CHINA","Metal",7026
3484,"artistName3484","GERMANY","Classical",7027
3485,"artistName3485","CANADA","Metal",7030
3486,"artistName3486","USA","Pop",7031
3487,"artistName3487","RUSSIA","Rock",7032
3488,"artistName3488","MEXICO","Pop",7035
3489,"artistName3489","CANADA","Jazz",7038
3490,"artistName3490","CANADA","Reggae",7041
3491,"artistName3491","GERMANY","Hip Hop",7042
3492,"artistName3492","GERMANY","Electronic",7043
3493,"artistName3493","RUSSIA","Electronic",7044
3494,"artistName3494","USA","Pop",7045
3495,"artistName3495","CANADA","Pop",7048
3496,"artistName3496","GERMANY","Electronic",7052
3497,"artistName3497","CANADA","Metal",7053
3498,"artistName3498","CHINA","Metal",7063
3499,"artistName3499","AUSTRALIA","Electronic",7066
3500,"artistName3500","CHINA","Rock",7067
3501,"artistName3501","RUSSIA","Metal",7068
3502,"artistName3502","CHINA","Rock",7072
3503,"artistName3503","MEXICO","Reggae",7075
3504,"artistName3504","AUSTRALIA","Jazz",7080
3505,"artistName3505","RUSSIA","Jazz",7085
3506,"artistName3506","AUSTRALIA","Country",7087
3507,"artistName3507","AUSTRALIA","Reggae",7092
3508,"artistName3508","MEXICO","Metal",7094
3509,"artistName3509","USA","Blues",7098
3510,"artistName3510","RUSSIA","Electronic",7101
3511,"artistName3511","MEXICO","Blues",7102
3512,"artistName3512","AUSTRALIA","Pop",7103
3513,"artistName3513","GERMANY","Pop",7106
3514,"artistName3514","CHINA","Metal",7112
3515,"artistName3515","AUSTRALIA","Blues",7113
3516,"artistName3516","MEXICO","Pop",7114
3517,"artistName3517","RUSSIA","Jazz",7116
3518,"artistName3518","AUSTRALIA","Jazz",7117
3519,"artistName3519","USA","Pop",7121
3520,"artistName3520","MEXICO","Jazz",7122
3521,"artistName3521","CHINA","Blues",7125
3522,"artistName3522","CHINA","Reggae",7126
3523,"artistName3523","MEXICO","Electronic",7130
3524,"artistName3524","CANADA","Rock",7131
3525,"artistName3525","USA","Classical",7133
3526,"artistName3526","USA","Classical",7136
3527,"artistName3527","USA","Jazz",7140
3528,"artistName3528","USA","Rock",7141
3529,"artistName3529","CHINA","Blues",7142
3530,"artistName3530","CHINA","Electronic",7143
3531,"artistName3531","RUSSIA","Metal",7145
3532,"artistName3532","GERMANY","Metal",7148
3533,"artistName3533","MEXICO","Metal",7149
3534,"artistName3534","AUSTRALIA","Metal",7151
3535,"artistName3535","RUSSIA","Pop",7152
3536,"artistName3536","USA","Reggae",7153
3537,"artistName3537","CHINA","Hip Hop",7155
3538,"artistName3538","GERMANY","Metal",7157
3539,"artistName3539","CANADA","Rock",7158
3540,"artistName3540","GERMANY","Pop",7159
3541,"artistName3541","AUSTRALIA","Rock",7160
3542,"artistName3542","CHINA","Country",7165
3543,"artistName3543","RUSSIA","Reggae",7166
3544,"artistName3544","GERMANY","Country",7167
3545,"artistName3545","AUSTRALIA","Electronic",7170
3546,"artistName3546","AUSTRALIA","Electronic",7172
3547,"artistName3547","CANADA","Hip Hop",7173
3548,"artistName3548","CANADA","Pop",7175
3549,"artistName3549","RUSSIA","Blues",7177
3550,"artistName3550","MEXICO","Jazz",7178
3551,"artistName3551","CANADA","Rock",7180
3552,"artistName3552","RUSSIA","Reggae",7182
3553,"artistName3553","CHINA","Rock",7183
3554,"artistName3554","MEXICO","Jazz",7187
3555,"artistName3555","MEXICO","Jazz",7189
3556,"artistName3556","AUSTRALIA","Pop",7190
3557,"artistName3557","USA","Hip Hop",7191
3558,"artistName3558","CANADA","Electronic",7192
3559,"artistName3559","RUSSIA","Pop",7193
3560,"artistName3560","CHINA","Jazz",7194
3561,"artistName3561","CHINA","Reggae",7195
3562,"artistName3562","USA","Hip Hop",7196
3563,"artistName3563","AUSTRALIA","Country",7198
3564,"artistName3564","GERMANY","Classical",7199
3565,"artistName3565","USA","Metal",7202
3566,"artistName3566","USA","Metal",7203
3567,"artistName3567","CHINA","Pop",7204
3568,"artistName3568","RUSSIA","Electronic",7206
3569,"artistName3569","AUSTRALIA","Jazz",7209
3570,"artistName3570","AUSTRALIA","Blues",7211
3571,"artistName3571","CHINA","Pop",7213
3572,"artistName3572","GERMANY","Pop",7214
3573,"artistName3573","GERMANY","Electronic",7215
3574,"artistName3574","MEXICO","Classical",7218
3575,"artistName3575","RUSSIA","Country",7223
3576,"artistName3576","USA","Jazz",7225
3577,"artistName3577","USA","Reggae",7228
3578,"artistName3578","USA","Blues",7229
3579,"artistName3579","CHINA","Pop",7236
3580,"artistName3580","RUSSIA","Blues",7242
3581,"artistName3581","GERMANY","Classical",7250
3582,"artistName3582","GERMANY","Rock",7251
3583,"artistName3583","USA","Classical",7253
3584,"artistName3584","USA","Blues",7255
3585,"artistName3585","CHINA","Pop",7260
3586,"artistName3586","RUSSIA","Pop",7270
3587,"artistName3587","CANADA","Reggae",7271
3588,"artistName3588","GERMANY","Classical",7273
3589,"artistName3589","AUSTRALIA","Country",7274
3590,"artistName3590","AUSTRALIA","Classical",7277
3591,"artistName3591","CANADA","Jazz",7281
3592,"artistName3592","MEXICO","Electronic",7283
3593,"artistName3593","USA","Rock",7284
3594,"artistName3594","CHINA","Metal",7287
3595,"artistName3595","GERMANY","Electronic",7288
3596,"artistName3596","CHINA","Jazz",7289
3597,"artistName3597","CHINA","Electronic",7291
3598,"artistName3598","GERMANY","Pop",7292
3599,"artistName3599","GERMANY","Jazz",7293
3600,"artistName3600","USA","Pop",7295
3601,"artistName3601","AUSTRALIA","Classical",7296
3602,"artistName3602","GERMANY","Country",7298
3603,"artistName3603","USA","Blues",7300
3604,"artistName3604","AUSTRALIA","Metal",7301
3605,"artistName3605","AUSTRALIA","Pop",7302
3606,"artistName3606","USA","Electronic",7303
3607,"artistName3607","CANADA","Blues",7308
3608,"artistName3608","CANADA","Classical",7310
3609,"artistName3609","AUSTRALIA","Pop",7316
3610,"artistName3610","RUSSIA","Metal",7319
3611,"artistName3611","AUSTRALIA","Jazz",7322
3612,"artistName3612","AUSTRALIA","Classical",7324
3613,"artistName3613","USA","Reggae",7326
3614,"artistName3614","CANADA","Electronic",7331
3615,"artistName3615","USA","Classical",7332
3616,"artistName3616","MEXICO","Classical",7333
3617,"artistName3617","CHINA","Metal",7335
3618,"artistName3618","RUSSIA","Hip Hop",7339
3619,"artistName3619","MEXICO","Metal",7341
3620,"artistName3620","CHINA","Classical",7342
3621,"artistName3621","USA","Rock",7344
3622,"artistName3622","GERMANY","Country",7345
3623,"artistName3623","AUSTRALIA","Pop",7350
3624,"artistName3624","AUSTRALIA","Country",7355
3625,"artistName3625","CANADA","Electronic",7356
3626,"artistName3626","USA","Blues",7360
3627,"artistName3627","MEXICO","Rock",7364
3628,"artistName3628","GERMANY","Country",7365
3629,"artistName3629","AUSTRALIA","Electronic",7366
3630,"artistName3630","CANADA","Classical",7367
3631,"artistName3631","CANADA","Electronic",7369
3632,"artistName3632","CHINA","Metal",7381
3633,"artistName3633","CANADA","Country",7383
3634,"artistName3634","GERMANY","Country",7386
3635,"artistName3635","AUSTRALIA","Classical",7387
3636,"artistName3636","CANADA","Metal",7388
3637,"artistName3637","RUSSIA","Reggae",7391
3638,"artistName3638","MEXICO","Reggae",7392
3639,"artistName3639","MEXICO","Rock",7397
3640,"artistName3640","MEXICO","Classical",7401
3641,"artistName3641","CHINA","Country",7402
3642,"artistName3642","CANADA","Metal",7403
3643,"artistName3643","AUSTRALIA","Rock",7404
3644,"artistName3644","MEXICO","Classical",7405
3645,"artistName3645","USA","Jazz",7406
3646,"artistName3646","USA","Hip Hop",7407
3647,"artistName3647","GERMANY","Country",7410
3648,"artistName3648","CANADA","Classical",7411
3649,"artistName3649","USA","Metal",7412
3650,"artistName3650","CHINA","Classical",7413
3651,"artistName3651","CHINA","Electronic",7419
3652,"artistName3652","CANADA","Classical",7421
3653,"artistName3653","GERMANY","Jazz",7422
3654,"artistName3654","USA","Country",7423
3655,"artistName3655","MEXICO","Reggae",7424
3656,"artistName3656","GERMANY","Country",7425
3657,"artistName3657","USA","Blues",7426
3658,"artistName3658","GERMANY","Classical",7427
3659,"artistName3659","MEXICO","Blues",7432
3660,"artistName3660","CANADA","Rock",7433
3661,"artistName3661","CANADA","Metal",7435
3662,"artistName3662","GERMANY","Rock",7436
3663,"artistName3663","RUSSIA","Electronic",7438
3664,"artistName3664","CHINA","Rock",7439
3665,"artistName3665","AUSTRALIA","Blues",7440
3666,"artistName3666","AUSTRALIA","Rock",7441
3667,"artistName3667","AUSTRALIA","Electronic",7442
3668,"artistName3668","USA","Blues",7443
3669,"artistName3669","RUSSIA","Country",7445
3670,"artistName3670","AUSTRALIA","Jazz",7450
3671,"artistName3671","GERMANY","Rock",7451
3672,"artistName3672","GERMANY","Jazz",7453
3673,"artistName3673","USA","Metal",7454
3674,"artistName3674","CANADA","Rock",7455
3675,"artistName3675","AUSTRALIA","Metal",7456
3676,"artistName3676","USA","Rock",7458
3677,"artistName3677","CANADA","Rock",7460
3678,"artistName3678","MEXICO","Blues",7461
3679,"artistName3679","MEXICO","Country",7463
3680,"artistName3680","MEXICO","Metal",7466
3681,"artistName3681","RUSSIA","Hip Hop",7467
3682,"artistName3682","CHINA","Metal",7468
3683,"artistName3683","USA","Electronic",7470
3684,"artistName3684","CHINA","Electronic",7476
3685,"artistName3685","GERMANY","Jazz",7480
3686,"artistName3686","AUSTRALIA","Jazz",7482
3687,"artistName3687","MEXICO","Electronic",7483
3688,"artistName3688","MEXICO","Blues",7485
3689,"artistName3689","CHINA","Country",7486
3690,"artistName3690","RUSSIA","Classical",7487
3691,"artistName3691","RUSSIA","Hip Hop",7490
3692,"artistName3692","CANADA","Electronic",7492
3693,"artistName3693","GERMANY","Electronic",7494
3694,"artistName3694","GERMANY","Classical",7495
3695,"artistName3695","GERMANY","Blues",7500
3696,"artistName3696","CHINA","Metal",7501
3697,"artistName3697","CANADA","Electronic",7504
3698,"artistName3698","MEXICO","Blues",7507
3699,"artistName3699","CHINA","Reggae",7509
3700,"artistName3700","RUSSIA","Hip Hop",7514
3701,"artistName3701","RUSSIA","Blues",7515
3702,"artistName3702","CHINA","Hip Hop",7516
3703,"artistName3703","GERMANY","Electronic",7518
3704,"artistName3704","RUSSIA","Rock",7519
3705,"artistName3705","AUSTRALIA","Blues",7520
3706,"artistName3706","USA","Classical",7521
3707,"artistName3707","CANADA","Rock",7525
3708,"artistName3708","MEXICO","Reggae",7528
3709,"artistName3709","MEXICO","Country",7530
3710,"artistName3710","MEXICO","Jazz",7536
3711,"artistName3711","USA","Electronic",7539
3712,"artistName3712","GERMANY","Country",7541
3713,"artistName3713","CANADA","Metal",7542
3714,"artistName3714","CANADA","Classical",7545
3715,"artistName3715","RUSSIA","Reggae",7547
3716,"artistName3716","GERMANY","Hip Hop",7551
3717,"artistName3717","USA","Blues",7552
3718,"artistName3718","RUSSIA","Rock",7555
3719,"artistName3719","AUSTRALIA","Classical",7557
3720,"artistName3720","RUSSIA","Country",7562
3721,"artistName3721","MEXICO","Country",7564
3722,"artistName3722","AUSTRALIA","Rock",7565
3723,"artistName3723","AUSTRALIA","Jazz",7566
3724,"artistName3724","GERMANY","Electronic",7568
3725,"artistName3725","CHINA","Country",7569
3726,"artistName3726","MEXICO","Hip Hop",7570
3727,"artistName3727","MEXICO","Electronic",7571
3728,"artistName3728","GERMANY","Metal",7575
3729,"artistName3729","AUSTRALIA","Electronic",7576
3730,"artistName3730","CANADA","Electronic",7579
3731,"artistName3731","AUSTRALIA","Country",7582
3732,"artistName3732","CANADA","Blues",7583
3733,"artistName3733","RUSSIA","Hip Hop",7584
3734,"artistName3734","GERMANY","Rock",7585
3735,"artistName3735","CHINA","Pop",7588
3736,"artistName3736","CANADA","Blues",7589
3737,"artistName3737","RUSSIA","Blues",7590
3738,"artistName3738","MEXICO","Blues",7591
3739,"artistName3739","CHINA","Reggae",7593
3740,"artistName3740","GERMANY","Electronic",7596
3741,"artistName3741","RUSSIA","Electronic",7602
3742,"artistName3742","USA","Pop",7606
3743,"artistName3743","CHINA","Jazz",7608
3744,"artistName3744","RUSSIA","Pop",7610
3745,"artistName3745","CANADA","Classical",7611
3746,"artistName3746","CHINA","Rock",7613
3747,"artistName3747","GERMANY","Hip Hop",7617
3748,"artistName3748","USA","Electronic",7619
3749,"artistName3749","AUSTRALIA","Metal",7622
3750,"artistName3750","RUSSIA","Electronic",7624
3751,"artistName3751","CHINA","Pop",7625
3752,"artistName3752","GERMANY","Classical",7626
3753,"artistName3753","RUSSIA","Rock",7631
3754,"artistName3754","MEXICO","Metal",7633
3755,"artistName3755","USA","Rock",7634
3756,"artistName3756","CANADA","Country",7637
3757,"artistName3757","CHINA","Blues",7639
3758,"artistName3758","MEXICO","Electronic",7642
3759,"artistName3759","AUSTRALIA","Hip Hop",7644
3760,"artistName3760","CHINA","Country",7645
3761,"artistName3761","RUSSIA","Jazz",7647
3762,"artistName3762","USA","Country",7648
3763,"artistName3763","CHINA","Country",7650
3764,"artistName3764","USA","Blues",7652
3765,"artistName3765","MEXICO","Metal",7656
3766,"artistName3766","AUSTRALIA","Electronic",7657
3767,"artistName3767","CANADA","Classical",7661
3768,"artistName3768","GERMANY","Hip Hop",7662
3769,"artistName3769","GERMANY","Reggae",7663
3770,"artistName3770","MEXICO","Hip Hop",7664
3771,"artistName3771","GERMANY","Rock",7665
3772,"artistName3772","MEXICO","Classical",7671
3773,"artistName3773","MEXICO","Blues",7674
3774,"artistName3774","AUSTRALIA","Blues",7675
3775,"artistName3775","CANADA","Pop",7676
3776,"artistName3776","CANADA","Rock",7677
3777,"artistName3777","AUSTRALIA","Electronic",7681
3778,"artistName3778","MEXICO","Blues",7683
3779,"artistName3779","USA","Electronic",7684
3780,"artistName3780","CHINA","Hip Hop",7686
3781,"artistName3781","GERMANY","Hip Hop",7687
3782,"artistName3782","AUSTRALIA","Pop",7690
3783,"artistName3783","CHINA","Country",7691
3784,"artistName3784","AUSTRALIA","Metal",7696
3785,"artistName3785","GERMANY","Rock",7700
3786,"artistName3786","GERMANY","Rock",7708
3787,"artistName3787","GERMANY","Country",7711
3788,"artistName3788","GERMANY","Hip Hop",7713
3789,"artistName3789","MEXICO","Jazz",7714
3790,"artistName3790","MEXICO","Reggae",7715
3791,"artistName3791","MEXICO","Pop",7718
3792,"artistName3792","CHINA","Classical",7723
3793,"artistName3793","RUSSIA","Blues",7726
3794,"artistName3794","CANADA","Jazz",7727
3795,"artistName3795","MEXICO","Rock",7729
3796,"artistName3796","GERMANY","Pop",7730
3797,"artistName3797","USA","Electronic",7732
3798,"artistName3798","USA","Pop",7733
3799,"artistName3799","CANADA","Blues",7735
3800,"artistName3800","CHINA","Hip Hop",7739
3801,"artistName3801","RUSSIA","Pop",7740
3802,"artistName3802","CHINA","Country",7741
3803,"artistName3803","RUSSIA","Metal",7743
3804,"artistName3804","RUSSIA","Hip Hop",7745
3805,"artistName3805","MEXICO","Blues",7749
3806,"artistName3806","GERMANY","Country",7750
3807,"artistName3807","MEXICO","Hip Hop",7752
3808,"artistName3808","CHINA","Hip Hop",7754
3809,"artistName3809","USA","Electronic",7755
3810,"artistName3810","CHINA","Hip Hop",7757
3811,"artistName3811","MEXICO","Blues",7758
3812,"artistName3812","CHINA","Hip Hop",7760
3813,"artistName3813","USA","Classical",7761
3814,"artistName3814","RUSSIA","Classical",7762
3815,"artistName3815","MEXICO","Hip Hop",7764
3816,"artistName3816","MEXICO","Reggae",7766
3817,"artistName3817","GERMANY","Country",7768
3818,"artistName3818","MEXICO","Country",7769
3819,"artistName3819","MEXICO","Electronic",7770
3820,"artistName3820","USA","Metal",7771
3821,"artistName3821","RUSSIA","Hip Hop",7772
3822,"artistName3822","AUSTRALIA","Rock",7774
3823,"artistName3823","CANADA","Electronic",7775
3824,"artistName3824","AUSTRALIA","Blues",7778
3825,"artistName3825","USA","Electronic",7781
3826,"artistName3826","MEXICO","Classical",7782
3827,"artistName3827","USA","Metal",7785
3828,"artistName3828","USA","Electronic",7786
3829,"artistName3829","CANADA","Rock",7789
3830,"artistName3830","GERMANY","Country",7790
3831,"artistName3831","GERMANY","Metal",7791
3832,"artistName3832","GERMANY","Electronic",7792
3833,"artistName3833","MEXICO","Pop",7798
3834,"artistName3834","CANADA","Metal",7799
3835,"artistName3835","GERMANY","Rock",7803
3836,"artistName3836","CHINA","Rock",7807
3837,"artistName3837","GERMANY","Classical",7808
3838,"artistName3838","GERMANY","Pop",7809
3839,"artistName3839","CHINA","Jazz",7810
3840,"artistName3840","RUSSIA","Pop",7813
3841,"artistName3841","GERMANY","Reggae",7814
3842,"artistName3842","CHINA","Reggae",7815
3843,"artistName3843","USA","Blues",7816
3844,"artistName3844","CANADA","Pop",7817
3845,"artistName3845","MEXICO","Electronic",7818
3846,"artistName3846","AUSTRALIA","Metal",7819
3847,"artistName3847","CANADA","Hip Hop",7820
3848,"artistName3848","AUSTRALIA","Electronic",7821
3849,"artistName3849","USA","Classical",7823
3850,"artistName3850","GERMANY","Rock",7826
3851,"artistName3851","AUSTRALIA","Country",7829
3852,"artistName3852","GERMANY","Classical",7832
3853,"artistName3853","CANADA","Pop",7836
3854,"artistName3854","CHINA","Pop",7837
3855,"artistName3855","RUSSIA","Classical",7838
3856,"artistName3856","MEXICO","Classical",7839
3857,"artistName3857","AUSTRALIA","Jazz",7842
3858,"artistName3858","AUSTRALIA","Reggae",7843
3859,"artistName3859","GERMANY","Classical",7845
3860,"artistName3860","CANADA","Classical",7846
3861,"artistName3861","USA","Rock",7848
3862,"artistName3862","CHINA","Electronic",7849
3863,"artistName3863","CHINA","Blues",7850
3864,"artistName3864","RUSSIA","Rock",7851
3865,"artistName3865","AUSTRALIA","Jazz",7852
3866,"artistName3866","USA","Hip Hop",7856
3867,"artistName3867","RUSSIA","Jazz",7858
3868,"artistName3868","AUSTRALIA","Metal",7860
3869,"artistName3869","CANADA","Pop",7862
3870,"artistName3870","CANADA","Electronic",7863
3871,"artistName3871","CHINA","Metal",7866
3872,"artistName3872","USA","Blues",7867
3873,"artistName3873","RUSSIA","Jazz",7868
3874,"artistName3874","USA","Classical",7869
3875,"artistName3875","CHINA","Country",7871
3876,"artistName3876","CANADA","Classical",7872
3877,"artistName3877","GERMANY","Blues",7873
3878,"artistName3878","GERMANY","Metal",7877
3879,"artistName3879","AUSTRALIA","Electronic",7878
3880,"artistName3880","MEXICO","Electronic",7879
3881,"artistName3881","RUSSIA","Country",7884
3882,"artistName3882","RUSSIA","Blues",7886
3883,"artistName3883","USA","Rock",7888
3884,"artistName3884","CHINA","Rock",7889
3885,"artistName3885","CHINA","Reggae",7890
3886,"artistName3886","RUSSIA","Jazz",7893
3887,"artistName3887","CANADA","Metal",7896
3888,"artistName3888","MEXICO","Rock",7897
3889,"artistName3889","GERMANY","Country",7900
3890,"artistName3890","AUSTRALIA","Metal",7901
3891,"artistName3891","GERMANY","Reggae",7903
3892,"artistName3892","AUSTRALIA","Rock",7909
3893,"artistName3893","CANADA","Rock",7910
3894,"artistName3894","CHINA","Electronic",7911
3895,"artistName3895","USA","Rock",7912
3896,"artistName3896","CHINA","Rock",7913
3897,"artistName3897","GERMANY","Electronic",7914
3898,"artistName3898","GERMANY","Electronic",7917
3899,"artistName3899","GERMANY","Metal",7920
3900,"artistName3900","GERMANY","Metal",7924
3901,"artistName3901","USA","Jazz",7925
3902,"artistName3902","CHINA","Reggae",7926
3903,"artistName3903","MEXICO","Electronic",7927
3904,"artistName3904","CHINA","Metal",7928
3905,"artistName3905","MEXICO","Hip Hop",7931
3906,"artistName3906","AUSTRALIA","Blues",7933
3907,"artistName3907","USA","Electronic",7934
3908,"artistName3908","RUSSIA","Rock",7935
3909,"artistName3909","GERMANY","Electronic",7936
3910,"artistName3910","GERMANY","Country",7939
3911,"artistName3911","GERMANY","Metal",7940
3912,"artistName3912","CHINA","Reggae",7943
3913,"artistName3913","AUSTRALIA","Reggae",7945
3914,"artistName3914","MEXICO","Classical",7946
3915,"artistName3915","RUSSIA","Electronic",7948
3916,"artistName3916","MEXICO","Pop",7951
3917,"artistName3917","CANADA","Reggae",7955
3918,"artistName3918","RUSSIA","Jazz",7956
3919,"artistName3919","USA","Blues",7964
3920,"artistName3920","AUSTRALIA","Blues",7965
3921,"artistName3921","MEXICO","Reggae",7967
3922,"artistName3922","USA","Hip Hop",7970
3923,"artistName3923","RUSSIA","Rock",7971
3924,"artistName3924","AUSTRALIA","Pop",7977
3925,"artistName3925","CHINA","Rock",7979
3926,"artistName3926","CANADA","Hip Hop",7980
3927,"artistName3927","GERMANY","Jazz",7981
3928,"artistName3928","USA","Pop",7982
3929,"artistName3929","USA","Jazz",7984
3930,"artistName3930","AUSTRALIA","Metal",7993
3931,"artistName3931","AUSTRALIA","Reggae",7994
3932,"artistName3932","CHINA","Blues",7995
3933,"artistName3933","AUSTRALIA","Pop",7996
3934,"artistName3934","CHINA","Classical",7997
3935,"artistName3935","AUSTRALIA","Jazz",7998
3936,"artistName3936","RUSSIA","Pop",8000
3937,"artistName3937","MEXICO","Reggae",8002
3938,"artistName3938","RUSSIA","Metal",8005
3939,"artistName3939","CHINA","Hip Hop",8006
3940,"artistName3940","CANADA","Jazz",8009
3941,"artistName3941","GERMANY","Country",8014
3942,"artistName3942","GERMANY","Reggae",8018
3943,"artistName3943","CANADA","Pop",8019
3944,"artistName3944","RUSSIA","Jazz",8020
3945,"artistName3945","RUSSIA","Electronic",8021
3946,"artistName3946","GERMANY","Electronic",8022
3947,"artistName3947","USA","Hip Hop",8023
3948,"artistName3948","RUSSIA","Pop",8027
3949,"artistName3949","USA","Blues",8028
3950,"artistName3950","CHINA","Metal",8031
3951,"artistName3951","USA","Reggae",8032
3952,"artistName3952","CHINA","Rock",8040
3953,"artistName3953","MEXICO","Country",8044
3954,"artistName3954","RUSSIA","Pop",8046
3955,"artistName3955","RUSSIA","Country",8047
3956,"artistName3956","AUSTRALIA","Electronic",8050
3957,"artistName3957","RUSSIA","Blues",8052
3958,"artistName3958","AUSTRALIA","Pop",8053
3959,"artistName3959","CHINA","Hip Hop",8054
3960,"artistName3960","GERMANY","Blues",8055
3961,"artistName3961","CHINA","Electronic",8056
3962,"artistName3962","AUSTRALIA","Rock",8059
3963,"artistName3963","MEXICO","Hip Hop",8060
3964,"artistName3964","CHINA","Electronic",8062
3965,"artistName3965","GERMANY","Electronic",8064
3966,"artistName3966","MEXICO","Electronic",8065
3967,"artistName3967","USA","Reggae",8069
3968,"artistName3968","CANADA","Pop",8071
3969,"artistName3969","GERMANY","Reggae",8072
3970,"artistName3970","RUSSIA","Hip Hop",8073
3971,"artistName3971","CANADA","Blues",8075
3972,"artistName3972","USA","Jazz",8076
3973,"artistName3973","CHINA","Classical",8077
3974,"artistName3974","RUSSIA","Rock",8079
3975,"artistName3975","USA","Pop",8084
3976,"artistName3976","RUSSIA","Jazz",8086
3977,"artistName3977","CHINA","Jazz",8088
3978,"artistName3978","CANADA","Metal",8089
3979,"artistName3979","USA","Hip Hop",8093
3980,"artistName3980","GERMANY","Rock",8094
3981,"artistName3981","CANADA","Electronic",8096
3982,"artistName3982","GERMANY","Metal",8097
3983,"artistName3983","CANADA","Country",8099
3984,"artistName3984","AUSTRALIA","Rock",8100
3985,"artistName3985","GERMANY","Reggae",8101
3986,"artistName3986","RUSSIA","Pop",8103
3987,"artistName3987","CHINA","Electronic",8104
3988,"artistName3988","GERMANY","Classical",8107
3989,"artistName3989","USA","Pop",8108
3990,"artistName3990","GERMANY","Reggae",8110
3991,"artistName3991","USA","Rock",8114
3992,"artistName3992","CANADA","Rock",8119
3993,"artistName3993","USA","Hip Hop",8120
3994,"artistName3994","RUSSIA","Reggae",8122
3995,"artistName3995","USA","Metal",8125
3996,"artistName3996","GERMANY","Electronic",8130
3997,"artistName3997","RUSSIA","Classical",8132
3998,"artistName3998","CHINA","Rock",8134
3999,"artistName3999","RUSSIA","Country",8135
4000,"artistName4000","AUSTRALIA","Hip Hop",8138
4001,"artistName4001","USA","Blues",8139
4002,"artistName4002","RUSSIA","Reggae",8141
4003,"artistName4003","CANADA","Metal",8144
4004,"artistName4004","MEXICO","Electronic",8145
4005,"artistName4005","MEXICO","Classical",8147
4006,"artistName4006","AUSTRALIA","Blues",8151
4007,"artistName4007","AUSTRALIA","Jazz",8152
4008,"artistName4008","CANADA","Metal",8155
4009,"artistName4009","CHINA","Jazz",8158
4010,"artistName4010","RUSSIA","Country",8159
4011,"artistName4011","RUSSIA","Blues",8160
4012,"artistName4012","USA","Reggae",8161
4013,"artistName4013","MEXICO","Classical",8166
4014,"artistName4014","CANADA","Reggae",8169
4015,"artistName4015","GERMANY","Metal",8171
4016,"artistName4016","RUSSIA","Rock",8172
4017,"artistName4017","USA","Jazz",8174
4018,"artistName4018","USA","Pop",8177
4019,"artistName4019","GERMANY","Blues",8181
4020,"artistName4020","AUSTRALIA","Rock",8182
4021,"artistName4021","USA","Country",8183
4022,"artistName4022","CANADA","Jazz",8184
4023,"artistName4023","GERMANY","Jazz",8185
4024,"artistName4024","RUSSIA","Hip Hop",8186
4025,"artistName4025","CHINA","Classical",8192
4026,"artistName4026","MEXICO","Electronic",8194
4027,"artistName4027","GERMANY","Reggae",8195
4028,"artistName4028","AUSTRALIA","Rock",8199
4029,"artistName4029","AUSTRALIA","Blues",8201
4030,"artistName4030","CANADA","Jazz",8204
4031,"artistName4031","CHINA","Reggae",8205
4032,"artistName4032","AUSTRALIA","Country",8209
4033,"artistName4033","MEXICO","Electronic",8211
4034,"artistName4034","RUSSIA","Pop",8212
4035,"artistName4035","GERMANY","Classical",8216
4036,"artistName4036","CHINA","Hip Hop",8217
4037,"artistName4037","CANADA","Pop",8218
4038,"artistName4038","RUSSIA","Blues",8220
4039,"artistName4039","RUSSIA","Pop",8222
4040,"artistName4040","CANADA","Country",8223
4041,"artistName4041","CANADA","Rock",8225
4042,"artistName4042","USA","Metal",8226
4043,"artistName4043","AUSTRALIA","Country",8229
4044,"artistName4044","GERMANY","Hip Hop",8230
4045,"artistName4045","RUSSIA","Electronic",8231
4046,"artistName4046","CANADA","Metal",8233
4047,"artistName4047","CHINA","Reggae",8234
4048,"artistName4048","AUSTRALIA","Classical",8236
4049,"artistName4049","MEXICO","Classical",8237
4050,"artistName4050","USA","Jazz",8238
4051,"artistName4051","RUSSIA","Classical",8240
4052,"artistName4052","CHINA","Classical",8242
4053,"artistName4053","CHINA","Reggae",8243
4054,"artistName4054","AUSTRALIA","Hip Hop",8245
4055,"artistName4055","CANADA","Reggae",8247
4056,"artistName4056","AUSTRALIA","Rock",8254
4057,"artistName4057","GERMANY","Classical",8255
4058,"artistName4058","GERMANY","Rock",8256
4059,"artistName4059","AUSTRALIA","Country",8259
4060,"artistName4060","GERMANY","Reggae",8261
4061,"artistName4061","CHINA","Jazz",8263
4062,"artistName4062","AUSTRALIA","Pop",8267
4063,"artistName4063","AUSTRALIA","Pop",8268
4064,"artistName4064","CANADA","Pop",8269
4065,"artistName4065","MEXICO","Jazz",8270
4066,"artistName4066","CANADA","Jazz",8271
4067,"artistName4067","CHINA","Hip Hop",8273
4068,"artistName4068","GERMANY","Metal",8274
4069,"artistName4069","AUSTRALIA","Blues",8275
4070,"artistName4070","AUSTRALIA","Reggae",8278
4071,"artistName4071","USA","Rock",8280
4072,"artistName4072","CANADA","Metal",8282
4073,"artistName4073","CANADA","Pop",8283
4074,"artistName4074","AUSTRALIA","Rock",8290
4075,"artistName4075","RUSSIA","Country",8293
4076,"artistName4076","AUSTRALIA","Blues",8297
4077,"artistName4077","RUSSIA","Hip Hop",8298
4078,"artistName4078","MEXICO","Electronic",8300
4079,"artistName4079","CANADA","Classical",8302
4080,"artistName4080","USA","Blues",8303
4081,"artistName4081","CHINA","Country",8304
4082,"artistName4082","AUSTRALIA","Pop",8305
4083,"artistName4083","USA","Pop",8306
4084,"artistName4084","USA","Reggae",8308
4085,"artistName4085","CHINA","Electronic",8312
4086,"artistName4086","CANADA","Metal",8313
4087,"artistName4087","USA","Metal",8316
4088,"artistName4088","AUSTRALIA","Country",8317
4089,"artistName4089","AUSTRALIA","Pop",8319
4090,"artistName4090","GERMANY","Classical",8321
4091,"artistName4091","CHINA","Rock",8322
4092,"artistName4092","RUSSIA","Country",8323
4093,"artistName4093","GERMANY","Reggae",8324
4094,"artistName4094","GERMANY","Jazz",8325
4095,"artistName4095","AUSTRALIA","Metal",8326
4096,"artistName4096","GERMANY","Hip Hop",8327
4097,"artistName4097","CHINA","Reggae",8328
4098,"artistName4098","MEXICO","Country",8329
4099,"artistName4099","CHINA","Rock",8331
4100,"artistName4100","RUSSIA","Blues",8332
4101,"artistName4101","RUSSIA","Blues",8333
4102,"artistName4102","USA","Reggae",8334
4103,"artistName4103","MEXICO","Rock",8338
4104,"artistName4104","CHINA","Classical",8339
4105,"artistName4105","MEXICO","Blues",8340
4106,"artistName4106","GERMANY","Country",8341
4107,"artistName4107","CANADA","Country",8342
4108,"artistName4108","CANADA","Hip Hop",8343
4109,"artistName4109","RUSSIA","Pop",8344
4110,"artistName4110","CHINA","Metal",8346
4111,"artistName4111","USA","Country",8351
4112,"artistName4112","GERMANY","Reggae",8352
4113,"artistName4113","MEXICO","Classical",8353
4114,"artistName4114","MEXICO","Hip Hop",8355
4115,"artistName4115","CANADA","Jazz",8357
4116,"artistName4116","GERMANY","Hip Hop",8358
4117,"artistName4117","USA","Classical",8359
4118,"artistName4118","AUSTRALIA","Rock",8361
4119,"artistName4119","USA","Jazz",8362
4120,"artistName4120","MEXICO","Hip Hop",8363
4121,"artistName4121","RUSSIA","Classical",8367
4122,"artistName4122","AUSTRALIA","Jazz",8368
4123,"artistName4123","MEXICO","Reggae",8369
4124,"artistName4124","USA","Electronic",8371
4125,"artistName4125","AUSTRALIA","Blues",8372
4126,"artistName4126","RUSSIA","Blues",8374
4127,"artistName4127","CHINA","Pop",8375
4128,"artistName4128","USA","Country",8376
4129,"artistName4129","MEXICO","Jazz",8386
4130,"artistName4130","AUSTRALIA","Reggae",8391
4131,"artistName4131","RUSSIA","Rock",8393
4132,"artistName4132","USA","Rock",8396
4133,"artistName4133","USA","Electronic",8399
4134,"artistName4134","GERMANY","Rock",8400
4135,"artistName4135","AUSTRALIA","Hip Hop",8404
4136,"artistName4136","CHINA","Jazz",8405
4137,"artistName4137","MEXICO","Classical",8409
4138,"artistName4138","GERMANY","Pop",8414
4139,"artistName4139","USA","Reggae",8417
4140,"artistName4140","RUSSIA","Classical",8419
4141,"artistName4141","GERMANY","Electronic",8420
4142,"artistName4142","MEXICO","Metal",8422
4143,"artistName4143","USA","Rock",8424
4144,"artistName4144","MEXICO","Blues",8425
4145,"artistName4145","CHINA","Hip Hop",8428
4146,"artistName4146","MEXICO","Electronic",8433
4147,"artistName4147","CHINA","Pop",8434
4148,"artistName4148","RUSSIA","Blues",8436
4149,"artistName4149","RUSSIA","Country",8439
4150,"artistName4150","AUSTRALIA","Blues",8440
4151,"artistName4151","CHINA","Hip Hop",8441
4152,"artistName4152","RUSSIA","Hip Hop",8445
4153,"artistName4153","AUSTRALIA","Metal",8448
4154,"artistName4154","CANADA","Hip Hop",8450
4155,"artistName4155","USA","Jazz",8454
4156,"artistName4156","RUSSIA","Blues",8456
4157,"artistName4157","USA","Country",8458
4158,"artistName4158","MEXICO","Pop",8459
4159,"artistName4159","CANADA","Jazz",8460
4160,"artistName4160","GERMANY","Jazz",8461
4161,"artistName4161","GERMANY","Jazz",8462
4162,"artistName4162","CHINA","Hip Hop",8463
4163,"artistName4163","MEXICO","Pop",8464
4164,"artistName4164","USA","Hip Hop",8465
4165,"artistName4165","RUSSIA","Pop",8466
4166,"artistName4166","CHINA","Jazz",8469
4167,"artistName4167","RUSSIA","Pop",8475
4168,"artistName4168","CHINA","Classical",8476
4169,"artistName4169","AUSTRALIA","Metal",8477
4170,"artistName4170","USA","Electronic",8478
4171,"artistName4171","RUSSIA","Rock",8479
4172,"artistName4172","USA","Hip Hop",8483
4173,"artistName4173","CANADA","Country",8484
4174,"artistName4174","CANADA","Hip Hop",8489
4175,"artistName4175","CANADA","Country",8490
4176,"artistName4176","CANADA","Classical",8492
4177,"artistName4177","CHINA","Pop",8493
4178,"artistName4178","GERMANY","Hip Hop",8496
4179,"artistName4179","RUSSIA","Reggae",8497
4180,"artistName4180","CANADA","Rock",8498
4181,"artistName4181","CHINA","Rock",8499
4182,"artistName4182","CHINA","Country",8500
4183,"artistName4183","CANADA","Jazz",8503
4184,"artistName4184","MEXICO","Reggae",8504
4185,"artistName4185","USA","Blues",8505
4186,"artistName4186","AUSTRALIA","Blues",8506
4187,"artistName4187","CHINA","Jazz",8509
4188,"artistName4188","CHINA","Blues",8512
4189,"artistName4189","MEXICO","Metal",8514
4190,"artistName4190","GERMANY","Jazz",8515
4191,"artistName4191","AUSTRALIA","Hip Hop",8516
4192,"artistName4192","MEXICO","Electronic",8518
4193,"artistName4193","AUSTRALIA","Reggae",8521
4194,"artistName4194","USA","Country",8522
4195,"artistName4195","AUSTRALIA","Metal",8523
4196,"artistName4196","GERMANY","Pop",8524
4197,"artistName4197","CHINA","Metal",8526
4198,"artistName4198","USA","Hip Hop",8527
4199,"artistName4199","MEXICO","Rock",8528
4200,"artistName4200","CANADA","Electronic",8530
4201,"artistName4201","RUSSIA","Electronic",8536
4202,"artistName4202","RUSSIA","Metal",8538
4203,"artistName4203","AUSTRALIA","Rock",8540
4204,"artistName4204","CANADA","Jazz",8541
4205,"artistName4205","USA","Hip Hop",8542
4206,"artistName4206","GERMANY","Reggae",8543
4207,"artistName4207","RUSSIA","Electronic",8547
4208,"artistName4208","GERMANY","Hip Hop",8548
4209,"artistName4209","GERMANY","Classical",8552
4210,"artistName4210","CANADA","Electronic",8553
4211,"artistName4211","GERMANY","Blues",8557
4212,"artistName4212","GERMANY","Pop",8558
4213,"artistName4213","RUSSIA","Pop",8559
4214,"artistName4214","CHINA","Hip Hop",8563
4215,"artistName4215","MEXICO","Electronic",8568
4216,"artistName4216","AUSTRALIA","Reggae",8569
4217,"artistName4217","CANADA","Reggae",8571
4218,"artistName4218","USA","Rock",8573
4219,"artistName4219","GERMANY","Metal",8574
4220,"artistName4220","GERMANY","Reggae",8575
4221,"artistName4221","RUSSIA","Jazz",8576
4222,"artistName4222","RUSSIA","Electronic",8577
4223,"artistName4223","USA","Reggae",8580
4224,"artistName4224","RUSSIA","Rock",8583
4225,"artistName4225","AUSTRALIA","Reggae",8584
4226,"artistName4226","AUSTRALIA","Reggae",8586
4227,"artistName4227","GERMANY","Classical",8588
4228,"artistName4228","CHINA","Rock",8590
4229,"artistName4229","MEXICO","Metal",8591
4230,"artistName4230","CANADA","Pop",8592
4231,"artistName4231","RUSSIA","Hip Hop",8598
4232,"artistName4232","MEXICO","Classical",8599
4233,"artistName4233","MEXICO","Pop",8600
4234,"artistName4234","GERMANY","Blues",8604
4235,"artistName4235","CHINA","Jazz",8605
4236,"artistName4236","RUSSIA","Hip Hop",8606
4237,"artistName4237","MEXICO","Blues",8611
4238,"artistName4238","RUSSIA","Classical",8614
4239,"artistName4239","USA","Rock",8615
4240,"artistName4240","CHINA","Hip Hop",8617
4241,"artistName4241","MEXICO","Jazz",8619
4242,"artistName4242","USA","Country",8621
4243,"artistName4243","GERMANY","Blues",8623
4244,"artistName4244","RUSSIA","Electronic",8625
4245,"artistName4245","MEXICO","Electronic",8628
4246,"artistName4246","CANADA","Pop",8629
4247,"artistName4247","GERMANY","Reggae",8631
4248,"artistName4248","AUSTRALIA","Rock",8633
4249,"artistName4249","CANADA","Classical",8634
4250,"artistName4250","RUSSIA","Country",8637
4251,"artistName4251","RUSSIA","Metal",8641
4252,"artistName4252","USA","Rock",8642
4253,"artistName4253","CHINA","Metal",8643
4254,"artistName4254","RUSSIA","Country",8644
4255,"artistName4255","RUSSIA","Electronic",8645
4256,"artistName4256","RUSSIA","Hip Hop",8647
4257,"artistName4257","GERMANY","Reggae",8648
4258,"artistName4258","MEXICO","Electronic",8649
4259,"artistName4259","RUSSIA","Reggae",8650
4260,"artistName4260","USA","Rock",8651
4261,"artistName4261","CHINA","Blues",8652
4262,"artistName4262","MEXICO","Metal",8654
4263,"artistName4263","RUSSIA","Electronic",8655
4264,"artistName4264","AUSTRALIA","Reggae",8657
4265,"artistName4265","MEXICO","Rock",8658
4266,"artistName4266","CANADA","Metal",8660
4267,"artistName4267","RUSSIA","Rock",8664
4268,"artistName4268","GERMANY","Rock",8665
4269,"artistName4269","CHINA","Electronic",8667
4270,"artistName4270","CANADA","Country",8668
4271,"artistName4271","RUSSIA","Blues",8669
4272,"artistName4272","USA","Rock",8670
4273,"artistName4273","CANADA","Classical",8673
4274,"artistName4274","CANADA","Jazz",8677
4275,"artistName4275","USA","Jazz",8679
4276,"artistName4276","CANADA","Country",8680
4277,"artistName4277","CANADA","Rock",8686
4278,"artistName4278","CHINA","Pop",8693
4279,"artistName4279","AUSTRALIA","Electronic",8694
4280,"artistName4280","AUSTRALIA","Country",8696
4281,"artistName4281","GERMANY","Electronic",8697
4282,"artistName4282","USA","Classical",8698
4283,"artistName4283","AUSTRALIA","Classical",8699
4284,"artistName4284","RUSSIA","Electronic",8700
4286,"artistName4286","RUSSIA","Blues",8702
4287,"artistName4287","AUSTRALIA","Reggae",8703
4288,"artistName4288","GERMANY","Electronic",8708
4289,"artistName4289","AUSTRALIA","Reggae",8710
4290,"artistName4290","CANADA","Electronic",8711
4291,"artistName4291","AUSTRALIA","Jazz",8713
4292,"artistName4292","CANADA","Blues",8714
4293,"artistName4293","CANADA","Pop",8718
4294,"artistName4294","RUSSIA","Electronic",8720
4295,"artistName4295","USA","Classical",8721
4296,"artistName4296","CHINA","Metal",8726
4297,"artistName4297","GERMANY","Jazz",8727
4298,"artistName4298","AUSTRALIA","Country",8728
4299,"artistName4299","CANADA","Classical",8734
4300,"artistName4300","MEXICO","Reggae",8737
4301,"artistName4301","RUSSIA","Pop",8739
4302,"artistName4302","USA","Jazz",8740
4303,"artistName4303","MEXICO","Reggae",8742
4304,"artistName4304","CANADA","Rock",8743
4305,"artistName4305","RUSSIA","Metal",8746
4306,"artistName4306","RUSSIA","Hip Hop",8750
4307,"artistName4307","AUSTRALIA","Jazz",8752
4308,"artistName4308","AUSTRALIA","Classical",8754
4309,"artistName4309","GERMANY","Reggae",8755
4310,"artistName4310","USA","Electronic",8756
4311,"artistName4311","CHINA","Classical",8757
4312,"artistName4312","CHINA","Country",8758
4313,"artistName4313","AUSTRALIA","Country",8759
4314,"artistName4314","USA","Rock",8760
4315,"artistName4315","USA","Jazz",8761
4316,"artistName4316","RUSSIA","Reggae",8762
4317,"artistName4317","GERMANY","Rock",8765
4318,"artistName4318","USA","Hip Hop",8769
4319,"artistName4319","AUSTRALIA","Jazz",8770
4320,"artistName4320","AUSTRALIA","Classical",8771
4321,"artistName4321","CHINA","Hip Hop",8772
4322,"artistName4322","CHINA","Pop",8773
4323,"artistName4323","MEXICO","Rock",8774
4324,"artistName4324","USA","Metal",8777
4325,"artistName4325","RUSSIA","Electronic",8778
4326,"artistName4326","MEXICO","Blues",8779
4327,"artistName4327","CANADA","Rock",8781
4328,"artistName4328","MEXICO","Reggae",8783
4329,"artistName4329","CHINA","Reggae",8785
4330,"artistName4330","CHINA","Jazz",8788
4331,"artistName4331","AUSTRALIA","Jazz",8789
4332,"artistName4332","CHINA","Country",8794
4333,"artistName4333","CHINA","Hip Hop",8795
4334,"artistName4334","RUSSIA","Hip Hop",8800
4335,"artistName4335","AUSTRALIA","Hip Hop",8803
4336,"artistName4336","AUSTRALIA","Metal",8805
4337,"artistName4337","GERMANY","Blues",8808
4338,"artistName4338","USA","Reggae",8809
4339,"artistName4339","CHINA","Rock",8813
4340,"artistName4340","RUSSIA","Reggae",8815
4341,"artistName4341","CHINA","Country",8817
4342,"artistName4342","GERMANY","Metal",8819
4343,"artistName4343","GERMANY","Classical",8821
4344,"artistName4344","GERMANY","Rock",8823
4345,"artistName4345","CHINA","Country",8832
4346,"artistName4346","USA","Rock",8835
4347,"artistName4347","MEXICO","Country",8836
4348,"artistName4348","CHINA","Reggae",8837
4349,"artistName4349","USA","Hip Hop",8838
4350,"artistName4350","GERMANY","Pop",8840
4351,"artistName4351","RUSSIA","Hip Hop",8847
4352,"artistName4352","AUSTRALIA","Hip Hop",8850
4353,"artistName4353","USA","Reggae",8855
4354,"artistName4354","USA","Reggae",8857
4355,"artistName4355","CHINA","Reggae",8858
4356,"artistName4356","MEXICO","Rock",8859
4357,"artistName4357","USA","Classical",8861
4358,"artistName4358","RUSSIA","Metal",8862
4359,"artistName4359","CHINA","Pop",8864
4360,"artistName4360","AUSTRALIA","Electronic",8865
4361,"artistName4361","AUSTRALIA","Classical",8867
4362,"artistName4362","CHINA","Country",8871
4363,"artistName4363","GERMANY","Rock",8872
4364,"artistName4364","MEXICO","Reggae",8874
4365,"artistName4365","GERMANY","Classical",8878
4366,"artistName4366","CHINA","Rock",8882
4367,"artistName4367","USA","Electronic",8884
4368,"artistName4368","RUSSIA","Country",8887
4369,"artistName4369","CANADA","Classical",8888
4370,"artistName4370","MEXICO","Pop",8892
4371,"artistName4371","USA","Hip Hop",8893
4372,"artistName4372","GERMANY","Jazz",8897
4373,"artistName4373","CHINA","Electronic",8898
4374,"artistName4374","CHINA","Reggae",8900
4375,"artistName4375","USA","Country",8903
4376,"artistName4376","RUSSIA","Pop",8906
4377,"artistName4377","CANADA","Reggae",8907
4378,"artistName4378","CANADA","Reggae",8908
4379,"artistName4379","USA","Country",8910
4380,"artistName4380","MEXICO","Jazz",8913
4381,"artistName4381","USA","Rock",8914
4382,"artistName4382","GERMANY","Reggae",8916
4383,"artistName4383","AUSTRALIA","Blues",8917
4384,"artistName4384","AUSTRALIA","Metal",8918
4385,"artistName4385","CHINA","Hip Hop",8920
4386,"artistName4386","GERMANY","Country",8922
4387,"artistName4387","CHINA","Jazz",8923
4388,"artistName4388","USA","Reggae",8925
4389,"artistName4389","RUSSIA","Rock",8926
4390,"artistName4390","USA","Reggae",8929
4391,"artistName4391","GERMANY","Reggae",8930
4392,"artistName4392","USA","Metal",8932
4393,"artistName4393","RUSSIA","Rock",8933
4394,"artistName4394","USA","Blues",8934
4395,"artistName4395","USA","Country",8935
4396,"artistName4396","CANADA","Metal",8936
4397,"artistName4397","AUSTRALIA","Rock",8937
4398,"artistName4398","AUSTRALIA","Country",8939
4399,"artistName4399","MEXICO","Metal",8940
4400,"artistName4400","RUSSIA","Pop",8941
4401,"artistName4401","CHINA","Country",8942
4402,"artistName4402","CHINA","Jazz",8943
4403,"artistName4403","AUSTRALIA","Blues",8944
4404,"artistName4404","USA","Blues",8947
4405,"artistName4405","MEXICO","Metal",8949
4406,"artistName4406","RUSSIA","Pop",8951
4407,"artistName4407","CHINA","Classical",8956
4408,"artistName4408","MEXICO","Reggae",8958
4409,"artistName4409","RUSSIA","Reggae",8959
4410,"artistName4410","CANADA","Hip Hop",8962
4411,"artistName4411","MEXICO","Metal",8964
4412,"artistName4412","CHINA","Classical",8966
4413,"artistName4413","USA","Hip Hop",8968
4414,"artistName4414","MEXICO","Jazz",8969
4415,"artistName4415","AUSTRALIA","Hip Hop",8972
4416,"artistName4416","USA","Metal",8974
4417,"artistName4417","AUSTRALIA","Pop",8975
4418,"artistName4418","GERMANY","Jazz",8976
4419,"artistName4419","CHINA","Metal",8977
4420,"artistName4420","MEXICO","Jazz",8982
4421,"artistName4421","AUSTRALIA","Country",8984
4422,"artistName4422","AUSTRALIA","Pop",8985
4423,"artistName4423","GERMANY","Electronic",8986
4424,"artistName4424","USA","Blues",8987
4425,"artistName4425","RUSSIA","Metal",8989
4426,"artistName4426","USA","Electronic",8991
4427,"artistName4427","CHINA","Jazz",8995
4428,"artistName4428","CHINA","Blues",8996
4429,"artistName4429","MEXICO","Country",9001
4430,"artistName4430","AUSTRALIA","Metal",9005
4431,"artistName4431","CANADA","Country",9007
4432,"artistName4432","RUSSIA","Classical",9009
4433,"artistName4433","USA","Hip Hop",9010
4434,"artistName4434","GERMANY","Pop",9015
4435,"artistName4435","GERMANY","Jazz",9016
4436,"artistName4436","USA","Metal",9017
4437,"artistName4437","USA","Rock",9020
4438,"artistName4438","GERMANY","Country",9022
4439,"artistName4439","AUSTRALIA","Classical",9025
4440,"artistName4440","CHINA","Reggae",9026
4441,"artistName4441","MEXICO","Pop",9027
4442,"artistName4442","USA","Reggae",9028
4443,"artistName4443","RUSSIA","Jazz",9030
4444,"artistName4444","MEXICO","Classical",9034
4445,"artistName4445","RUSSIA","Hip Hop",9035
4446,"artistName4446","USA","Metal",9037
4447,"artistName4447","GERMANY","Hip Hop",9043
4448,"artistName4448","GERMANY","Reggae",9045
4449,"artistName4449","GERMANY","Rock",9046
4450,"artistName4450","CHINA","Country",9048
4451,"artistName4451","USA","Metal",9049
4452,"artistName4452","RUSSIA","Pop",9051
4453,"artistName4453","MEXICO","Jazz",9052
4454,"artistName4454","CANADA","Jazz",9056
4455,"artistName4455","CHINA","Electronic",9057
4456,"artistName4456","CHINA","Country",9060
4457,"artistName4457","CHINA","Reggae",9063
4458,"artistName4458","AUSTRALIA","Classical",9064
4459,"artistName4459","CANADA","Country",9065
4460,"artistName4460","MEXICO","Country",9067
4461,"artistName4461","USA","Reggae",9068
4462,"artistName4462","CHINA","Electronic",9070
4463,"artistName4463","CANADA","Classical",9072
4464,"artistName4464","USA","Electronic",9073
4465,"artistName4465","AUSTRALIA","Reggae",9074
4466,"artistName4466","AUSTRALIA","Pop",9075
4467,"artistName4467","MEXICO","Electronic",9082
4468,"artistName4468","GERMANY","Pop",9084
4469,"artistName4469","AUSTRALIA","Classical",9085
4470,"artistName4470","GERMANY","Electronic",9086
4471,"artistName4471","RUSSIA","Pop",9087
4472,"artistName4472","AUSTRALIA","Metal",9094
4473,"artistName4473","USA","Pop",9095
4474,"artistName4474","CHINA","Pop",9096
4475,"artistName4475","USA","Country",9098
4476,"artistName4476","USA","Blues",9099
4477,"artistName4477","CANADA","Classical",9100
4478,"artistName4478","MEXICO","Reggae",9101
4479,"artistName4479","GERMANY","Pop",9105
4480,"artistName4480","RUSSIA","Pop",9106
4481,"artistName4481","GERMANY","Jazz",9108
4482,"artistName4482","USA","Jazz",9115
4483,"artistName4483","CANADA","Pop",9116
4484,"artistName4484","GERMANY","Jazz",9118
4485,"artistName4485","MEXICO","Pop",9121
4486,"artistName4486","CANADA","Reggae",9123
4487,"artistName4487","CANADA","Rock",9124
4488,"artistName4488","AUSTRALIA","Rock",9127
4489,"artistName4489","AUSTRALIA","Metal",9129
4490,"artistName4490","CANADA","Blues",9132
4491,"artistName4491","CANADA","Electronic",9133
4492,"artistName4492","AUSTRALIA","Blues",9134
4493,"artistName4493","USA","Metal",9135
4494,"artistName4494","MEXICO","Rock",9138
4495,"artistName4495","AUSTRALIA","Reggae",9139
4496,"artistName4496","RUSSIA","Pop",9145
4497,"artistName4497","GERMANY","Blues",9146
4498,"artistName4498","CHINA","Pop",9147
4499,"artistName4499","RUSSIA","Country",9150
4500,"artistName4500","AUSTRALIA","Reggae",9151
4501,"artistName4501","USA","Hip Hop",9154
4502,"artistName4502","GERMANY","Country",9155
4503,"artistName4503","AUSTRALIA","Reggae",9156
4504,"artistName4504","RUSSIA","Hip Hop",9158
4505,"artistName4505","CANADA","Electronic",9160
4506,"artistName4506","GERMANY","Classical",9164
4507,"artistName4507","AUSTRALIA","Country",9165
4508,"artistName4508","CHINA","Classical",9169
4509,"artistName4509","RUSSIA","Classical",9172
4510,"artistName4510","MEXICO","Country",9174
4511,"artistName4511","GERMANY","Pop",9175
4512,"artistName4512","AUSTRALIA","Country",9176
4513,"artistName4513","AUSTRALIA","Classical",9178
4514,"artistName4514","MEXICO","Blues",9179
4515,"artistName4515","MEXICO","Reggae",9180
4516,"artistName4516","RUSSIA","Classical",9184
4517,"artistName4517","GERMANY","Pop",9186
4518,"artistName4518","CANADA","Classical",9187
4519,"artistName4519","GERMANY","Electronic",9189
4520,"artistName4520","USA","Classical",9194
4521,"artistName4521","RUSSIA","Pop",9195
4522,"artistName4522","CHINA","Rock",9196
4523,"artistName4523","USA","Blues",9197
4524,"artistName4524","RUSSIA","Pop",9200
4525,"artistName4525","USA","Hip Hop",9201
4526,"artistName4526","AUSTRALIA","Metal",9202
4527,"artistName4527","MEXICO","Blues",9203
4528,"artistName4528","USA","Rock",9205
4529,"artistName4529","MEXICO","Jazz",9207
4530,"artistName4530","CANADA","Country",9208
4531,"artistName4531","USA","Blues",9209
4532,"artistName4532","RUSSIA","Hip Hop",9210
4533,"artistName4533","CANADA","Blues",9214
4534,"artistName4534","MEXICO","Pop",9215
4535,"artistName4535","MEXICO","Reggae",9216
4536,"artistName4536","GERMANY","Hip Hop",9219
4537,"artistName4537","RUSSIA","Pop",9222
4538,"artistName4538","CANADA","Reggae",9223
4539,"artistName4539","GERMANY","Classical",9224
4540,"artistName4540","CHINA","Blues",9225
4541,"artistName4541","RUSSIA","Reggae",9228
4542,"artistName4542","CHINA","Reggae",9229
4543,"artistName4543","CHINA","Jazz",9237
4544,"artistName4544","RUSSIA","Metal",9238
4545,"artistName4545","CHINA","Metal",9239
4546,"artistName4546","GERMANY","Pop",9240
4547,"artistName4547","GERMANY","Classical",9241
4548,"artistName4548","RUSSIA","Electronic",9243
4549,"artistName4549","MEXICO","Jazz",9244
4550,"artistName4550","AUSTRALIA","Metal",9245
4551,"artistName4551","RUSSIA","Rock",9246
4552,"artistName4552","CANADA","Hip Hop",9247
4553,"artistName4553","CHINA","Blues",9252
4554,"artistName4554","GERMANY","Rock",9256
4555,"artistName4555","USA","Classical",9258
4556,"artistName4556","CHINA","Jazz",9260
4557,"artistName4557","MEXICO","Hip Hop",9264
4558,"artistName4558","USA","Classical",9265
4559,"artistName4559","GERMANY","Country",9267
4560,"artistName4560","CHINA","Country",9271
4561,"artistName4561","MEXICO","Reggae",9274
4562,"artistName4562","RUSSIA","Electronic",9275
4563,"artistName4563","USA","Hip Hop",9276
4564,"artistName4564","CANADA","Classical",9281
4565,"artistName4565","MEXICO","Country",9282
4566,"artistName4566","MEXICO","Pop",9285
4567,"artistName4567","USA","Classical",9286
4568,"artistName4568","MEXICO","Classical",9287
4569,"artistName4569","CHINA","Pop",9288
4570,"artistName4570","AUSTRALIA","Electronic",9291
4571,"artistName4571","GERMANY","Rock",9292
4572,"artistName4572","CANADA","Electronic",9294
4573,"artistName4573","USA","Classical",9299
4574,"artistName4574","GERMANY","Country",9300
4575,"artistName4575","GERMANY","Blues",9301
4576,"artistName4576","RUSSIA","Metal",9302
4577,"artistName4577","MEXICO","Rock",9303
4578,"artistName4578","MEXICO","Jazz",9304
4579,"artistName4579","RUSSIA","Electronic",9305
4580,"artistName4580","CANADA","Metal",9306
4581,"artistName4581","AUSTRALIA","Blues",9307
4582,"artistName4582","AUSTRALIA","Classical",9308
4583,"artistName4583","MEXICO","Hip Hop",9309
4584,"artistName4584","AUSTRALIA","Hip Hop",9311
4585,"artistName4585","GERMANY","Blues",9313
4586,"artistName4586","RUSSIA","Jazz",9315
4587,"artistName4587","USA","Electronic",9316
4588,"artistName4588","GERMANY","Classical",9317
4589,"artistName4589","USA","Rock",9321
4590,"artistName4590","RUSSIA","Hip Hop",9322
4591,"artistName4591","MEXICO","Country",9325
4592,"artistName4592","MEXICO","Classical",9326
4593,"artistName4593","CHINA","Hip Hop",9330
4594,"artistName4594","USA","Pop",9331
4595,"artistName4595","USA","Jazz",9337
4596,"artistName4596","CANADA","Classical",9338
4597,"artistName4597","GERMANY","Pop",9339
4598,"artistName4598","CANADA","Reggae",9340
4599,"artistName4599","AUSTRALIA","Blues",9345
4600,"artistName4600","CHINA","Reggae",9347
4601,"artistName4601","CHINA","Metal",9349
4602,"artistName4602","USA","Reggae",9350
4603,"artistName4603","USA","Electronic",9351
4604,"artistName4604","USA","Reggae",9352
4605,"artistName4605","CHINA","Hip Hop",9353
4606,"artistName4606","USA","Metal",9354
4607,"artistName4607","AUSTRALIA","Classical",9357
4608,"artistName4608","MEXICO","Country",9359
4609,"artistName4609","MEXICO","Reggae",9362
4610,"artistName4610","MEXICO","Classical",9363
4611,"artistName4611","AUSTRALIA","Hip Hop",9365
4612,"artistName4612","AUSTRALIA","Metal",9368
4613,"artistName4613","RUSSIA","Hip Hop",9369
4614,"artistName4614","CANADA","Metal",9370
4615,"artistName4615","CHINA","Reggae",9371
4616,"artistName4616","CHINA","Blues",9373
4617,"artistName4617","CANADA","Blues",9375
4618,"artistName4618","AUSTRALIA","Country",9381
4619,"artistName4619","USA","Metal",9385
4620,"artistName4620","AUSTRALIA","Country",9386
4621,"artistName4621","CANADA","Classical",9387
4622,"artistName4622","MEXICO","Electronic",9390
4623,"artistName4623","GERMANY","Rock",9391
4624,"artistName4624","AUSTRALIA","Jazz",9392
4625,"artistName4625","USA","Blues",9393
4626,"artistName4626","AUSTRALIA","Country",9394
4627,"artistName4627","CHINA","Hip Hop",9396
4628,"artistName4628","AUSTRALIA","Metal",9399
4629,"artistName4629","CANADA","Hip Hop",9401
4630,"artistName4630","CHINA","Metal",9403
4631,"artistName4631","GERMANY","Jazz",9404
4632,"artistName4632","MEXICO","Reggae",9405
4633,"artistName4633","RUSSIA","Metal",9411
4634,"artistName4634","RUSSIA","Rock",9412
4635,"artistName4635","MEXICO","Rock",9414
4636,"artistName4636","RUSSIA","Classical",9416
4637,"artistName4637","CHINA","Rock",9418
4638,"artistName4638","RUSSIA","Country",9419
4639,"artistName4639","RUSSIA","Reggae",9420
4640,"artistName4640","MEXICO","Blues",9421
4641,"artistName4641","USA","Rock",9422
4642,"artistName4642","CANADA","Electronic",9426
4643,"artistName4643","USA","Country",9427
4644,"artistName4644","RUSSIA","Country",9428
4645,"artistName4645","AUSTRALIA","Country",9429
4646,"artistName4646","CANADA","Country",9432
4647,"artistName4647","CANADA","Pop",9433
4648,"artistName4648","CANADA","Jazz",9434
4649,"artistName4649","MEXICO","Hip Hop",9438
4650,"artistName4650","GERMANY","Jazz",9439
4651,"artistName4651","RUSSIA","Blues",9442
4652,"artistName4652","USA","Metal",9450
4653,"artistName4653","MEXICO","Electronic",9451
4654,"artistName4654","CHINA","Classical",9452
4655,"artistName4655","RUSSIA","Rock",9453
4656,"artistName4656","MEXICO","Classical",9455
4657,"artistName4657","CHINA","Country",9456
4658,"artistName4658","USA","Hip Hop",9457
4659,"artistName4659","GERMANY","Blues",9463
4660,"artistName4660","CANADA","Rock",9464
4661,"artistName4661","AUSTRALIA","Country",9467
4662,"artistName4662","MEXICO","Country",9468
4663,"artistName4663","AUSTRALIA","Country",9470
4664,"artistName4664","GERMANY","Blues",9476
4665,"artistName4665","CANADA","Blues",9479
4666,"artistName4666","CHINA","Reggae",9482
4667,"artistName4667","GERMANY","Metal",9485
4668,"artistName4668","CANADA","Pop",9486
4669,"artistName4669","MEXICO","Reggae",9487
4670,"artistName4670","MEXICO","Blues",9488
4671,"artistName4671","CANADA","Jazz",9493
4672,"artistName4672","CANADA","Reggae",9497
4673,"artistName4673","MEXICO","Blues",9499
4674,"artistName4674","CHINA","Reggae",9500
4675,"artistName4675","AUSTRALIA","Classical",9501
4676,"artistName4676","MEXICO","Hip Hop",9506
4677,"artistName4677","AUSTRALIA","Jazz",9508
4678,"artistName4678","MEXICO","Pop",9509
4679,"artistName4679","AUSTRALIA","Reggae",9511
4680,"artistName4680","CHINA","Classical",9513
4681,"artistName4681","CHINA","Hip Hop",9515
4682,"artistName4682","USA","Rock",9517
4683,"artistName4683","CANADA","Jazz",9520
4684,"artistName4684","CHINA","Metal",9521
4685,"artistName4685","GERMANY","Classical",9526
4686,"artistName4686","AUSTRALIA","Reggae",9527
4687,"artistName4687","MEXICO","Jazz",9532
4688,"artistName4688","CHINA","Hip Hop",9533
4689,"artistName4689","GERMANY","Pop",9535
4690,"artistName4690","USA","Blues",9539
4691,"artistName4691","AUSTRALIA","Metal",9540
4692,"artistName4692","AUSTRALIA","Pop",9542
4693,"artistName4693","CANADA","Pop",9546
4694,"artistName4694","MEXICO","Rock",9547
4695,"artistName4695","RUSSIA","Jazz",9548
4696,"artistName4696","AUSTRALIA","Blues",9549
4697,"artistName4697","AUSTRALIA","Hip Hop",9550
4698,"artistName4698","CHINA","Pop",9551
4699,"artistName4699","GERMANY","Reggae",9554
4700,"artistName4700","CHINA","Reggae",9555
4701,"artistName4701","USA","Blues",9557
4702,"artistName4702","RUSSIA","Hip Hop",9559
4703,"artistName4703","CANADA","Country",9564
4704,"artistName4704","RUSSIA","Hip Hop",9565
4705,"artistName4705","CHINA","Hip Hop",9568
4706,"artistName4706","AUSTRALIA","Reggae",9572
4707,"artistName4707","GERMANY","Electronic",9573
4708,"artistName4708","RUSSIA","Reggae",9577
4709,"artistName4709","RUSSIA","Country",9578
4710,"artistName4710","MEXICO","Metal",9582
4711,"artistName4711","CHINA","Reggae",9584
4712,"artistName4712","GERMANY","Country",9589
4713,"artistName4713","RUSSIA","Reggae",9590
4714,"artistName4714","AUSTRALIA","Classical",9591
4715,"artistName4715","USA","Country",9592
4716,"artistName4716","RUSSIA","Electronic",9596
4717,"artistName4717","CANADA","Electronic",9598
4718,"artistName4718","USA","Blues",9599
4719,"artistName4719","AUSTRALIA","Reggae",9600
4720,"artistName4720","MEXICO","Reggae",9602
4721,"artistName4721","MEXICO","Blues",9604
4722,"artistName4722","CHINA","Classical",9606
4723,"artistName4723","CHINA","Hip Hop",9609
4724,"artistName4724","MEXICO","Pop",9613
4725,"artistName4725","MEXICO","Jazz",9614
4726,"artistName4726","USA","Jazz",9616
4727,"artistName4727","MEXICO","Classical",9617
4728,"artistName4728","GERMANY","Country",9618
4729,"artistName4729","USA","Rock",9620
4730,"artistName4730","CANADA","Metal",9621
4731,"artistName4731","MEXICO","Country",9624
4732,"artistName4732","MEXICO","Metal",9625
4733,"artistName4733","GERMANY","Rock",9626
4734,"artistName4734","GERMANY","Metal",9630
4735,"artistName4735","CHINA","Jazz",9632
4736,"artistName4736","USA","Pop",9633
4737,"artistName4737","AUSTRALIA","Blues",9635
4738,"artistName4738","USA","Hip Hop",9638
4739,"artistName4739","AUSTRALIA","Blues",9641
4740,"artistName4740","CHINA","Hip Hop",9642
4741,"artistName4741","MEXICO","Pop",9643
4742,"artistName4742","USA","Metal",9647
4743,"artistName4743","USA","Metal",9648
4744,"artistName4744","CANADA","Blues",9653
4745,"artistName4745","AUSTRALIA","Blues",9654
4746,"artistName4746","RUSSIA","Hip Hop",9655
4747,"artistName4747","GERMANY","Classical",9659
4748,"artistName4748","MEXICO","Reggae",9663
4749,"artistName4749","USA","Electronic",9664
4750,"artistName4750","GERMANY","Pop",9665
4751,"artistName4751","AUSTRALIA","Electronic",9666
4752,"artistName4752","GERMANY","Classical",9667
4753,"artistName4753","RUSSIA","Jazz",9668
4754,"artistName4754","CANADA","Metal",9671
4755,"artistName4755","CANADA","Metal",9673
4756,"artistName4756","AUSTRALIA","Country",9675
4757,"artistName4757","RUSSIA","Jazz",9677
4758,"artistName4758","CHINA","Country",9678
4759,"artistName4759","MEXICO","Reggae",9679
4760,"artistName4760","MEXICO","Country",9682
4761,"artistName4761","CHINA","Electronic",9683
4762,"artistName4762","MEXICO","Blues",9684
4763,"artistName4763","CHINA","Pop",9687
4764,"artistName4764","AUSTRALIA","Classical",9692
4765,"artistName4765","AUSTRALIA","Country",9693
4766,"artistName4766","AUSTRALIA","Electronic",9694
4767,"artistName4767","AUSTRALIA","Electronic",9695
4768,"artistName4768","RUSSIA","Electronic",9699
4769,"artistName4769","GERMANY","Jazz",9701
4770,"artistName4770","USA","Pop",9702
4771,"artistName4771","MEXICO","Pop",9706
4772,"artistName4772","GERMANY","Country",9708
4773,"artistName4773","RUSSIA","Electronic",9709
4774,"artistName4774","AUSTRALIA","Blues",9710
4775,"artistName4775","RUSSIA","Hip Hop",9712
4776,"artistName4776","CANADA","Blues",9714
4777,"artistName4777","GERMANY","Blues",9715
4778,"artistName4778","MEXICO","Pop",9716
4779,"artistName4779","CHINA","Jazz",9718
4780,"artistName4780","CHINA","Jazz",9719
4781,"artistName4781","USA","Hip Hop",9721
4782,"artistName4782","CHINA","Rock",9727
4783,"artistName4783","RUSSIA","Electronic",9729
4784,"artistName4784","AUSTRALIA","Reggae",9730
4785,"artistName4785","MEXICO","Country",9735
4786,"artistName4786","USA","Classical",9737
4787,"artistName4787","AUSTRALIA","Electronic",9738
4788,"artistName4788","GERMANY","Jazz",9744
4789,"artistName4789","GERMANY","Hip Hop",9745
4790,"artistName4790","CHINA","Hip Hop",9750
4791,"artistName4791","MEXICO","Reggae",9752
4792,"artistName4792","GERMANY","Hip Hop",9753
4793,"artistName4793","CANADA","Rock",9755
4794,"artistName4794","CANADA","Country",9756
4795,"artistName4795","USA","Rock",9758
4796,"artistName4796","CANADA","Reggae",9762
4797,"artistName4797","AUSTRALIA","Country",9763
4798,"artistName4798","AUSTRALIA","Rock",9764
4799,"artistName4799","MEXICO","Jazz",9769
4800,"artistName4800","MEXICO","Hip Hop",9771
4801,"artistName4801","AUSTRALIA","Reggae",9772
4802,"artistName4802","USA","Blues",9773
4803,"artistName4803","CHINA","Metal",9774
4804,"artistName4804","GERMANY","Hip Hop",9778
4805,"artistName4805","CANADA","Reggae",9779
4806,"artistName4806","CANADA","Hip Hop",9780
4807,"artistName4807","USA","Blues",9781
4808,"artistName4808","RUSSIA","Electronic",9785
4809,"artistName4809","RUSSIA","Pop",9791
4810,"artistName4810","CHINA","Hip Hop",9794
4811,"artistName4811","MEXICO","Pop",9795
4812,"artistName4812","MEXICO","Metal",9800
4813,"artistName4813","GERMANY","Reggae",9801
4814,"artistName4814","USA","Pop",9802
4815,"artistName4815","RUSSIA","Country",9805
4816,"artistName4816","GERMANY","Pop",9806
4817,"artistName4817","MEXICO","Blues",9809
4818,"artistName4818","AUSTRALIA","Electronic",9814
4819,"artistName4819","CHINA","Rock",9816
4820,"artistName4820","AUSTRALIA","Country",9818
4821,"artistName4821","MEXICO","Electronic",9821
4822,"artistName4822","MEXICO","Jazz",9823
4823,"artistName4823","AUSTRALIA","Hip Hop",9825
4824,"artistName4824","CANADA","Electronic",9828
4825,"artistName4825","MEXICO","Metal",9829
4826,"artistName4826","CHINA","Rock",9830
4827,"artistName4827","CANADA","Country",9833
4828,"artistName4828","MEXICO","Blues",9834
4829,"artistName4829","CANADA","Jazz",9835
4830,"artistName4830","USA","Rock",9836
4831,"artistName4831","CHINA","Blues",9837
4832,"artistName4832","MEXICO","Hip Hop",9838
4833,"artistName4833","CHINA","Classical",9840
4834,"artistName4834","GERMANY","Classical",9842
4835,"artistName4835","AUSTRALIA","Classical",9846
4836,"artistName4836","CANADA","Blues",9851
4837,"artistName4837","CHINA","Electronic",9852
4838,"artistName4838","RUSSIA","Electronic",9853
4839,"artistName4839","CANADA","Pop",9857
4840,"artistName4840","CANADA","Country",9858
4841,"artistName4841","GERMANY","Rock",9859
4842,"artistName4842","MEXICO","Country",9860
4843,"artistName4843","USA","Jazz",9861
4844,"artistName4844","MEXICO","Country",9863
4845,"artistName4845","CANADA","Blues",9864
4846,"artistName4846","AUSTRALIA","Country",9865
4847,"artistName4847","CHINA","Hip Hop",9867
4848,"artistName4848","MEXICO","Reggae",9870
4849,"artistName4849","RUSSIA","Pop",9871
4850,"artistName4850","CHINA","Pop",9872
4851,"artistName4851","MEXICO","Metal",9873
4852,"artistName4852","AUSTRALIA","Metal",9877
4853,"artistName4853","GERMANY","Reggae",9883
4854,"artistName4854","USA","Rock",9885
4855,"artistName4855","GERMANY","Jazz",9886
4856,"artistName4856","CHINA","Country",9888
4857,"artistName4857","MEXICO","Jazz",9889
4858,"artistName4858","MEXICO","Jazz",9895
4859,"artistName4859","USA","Reggae",9896
4860,"artistName4860","CANADA","Rock",9898
4861,"artistName4861","CHINA","Blues",9906
4862,"artistName4862","USA","Country",9908
4863,"artistName4863","CHINA","Classical",9909
4864,"artistName4864","USA","Country",9911
4865,"artistName4865","GERMANY","Reggae",9913
4866,"artistName4866","CANADA","Metal",9918
4867,"artistName4867","CANADA","Reggae",9920
4868,"artistName4868","USA","Jazz",9921
4869,"artistName4869","USA","Blues",9923
4870,"artistName4870","MEXICO","Jazz",9924
4871,"artistName4871","AUSTRALIA","Metal",9925
4872,"artistName4872","CHINA","Classical",9926
4873,"artistName4873","CANADA","Hip Hop",9928
4874,"artistName4874","GERMANY","Jazz",9930
4875,"artistName4875","GERMANY","Jazz",9934
4876,"artistName4876","AUSTRALIA","Country",9935
4877,"artistName4877","GERMANY","Classical",9936
4878,"artistName4878","RUSSIA","Electronic",9939
4879,"artistName4879","CHINA","Electronic",9945
4880,"artistName4880","RUSSIA","Metal",9946
4881,"artistName4881","RUSSIA","Pop",9949
4882,"artistName4882","CANADA","Blues",9951
4883,"artistName4883","AUSTRALIA","Jazz",9953
4884,"artistName4884","CHINA","Metal",9956
4885,"artistName4885","CHINA","Metal",9961
4886,"artistName4886","CANADA","Jazz",9962
4887,"artistName4887","GERMANY","Classical",9963
4888,"artistName4888","CANADA","Metal",9964
4889,"artistName4889","GERMANY","Electronic",9966
4890,"artistName4890","MEXICO","Metal",9968
4891,"artistName4891","RUSSIA","Reggae",9969
4892,"artistName4892","USA","Hip Hop",9971
4893,"artistName4893","MEXICO","Reggae",9972
4894,"artistName4894","CANADA","Classical",9973
4895,"artistName4895","CANADA","Rock",9974
4896,"artistName4896","AUSTRALIA","Pop",9975
4897,"artistName4897","USA","Blues",9976
4898,"artistName4898","CHINA","Classical",9979
4899,"artistName4899","CANADA","Country",9980
4900,"artistName4900","RUSSIA","Hip Hop",9982
4901,"artistName4901","USA","Electronic",9983
4902,"artistName4902","GERMANY","Blues",9984
4903,"artistName4903","CHINA","Classical",9985
4904,"artistName4904","USA","Electronic",9986
4905,"artistName4905","GERMANY","Rock",9988
4906,"artistName4906","RUSSIA","Blues",9991
4907,"artistName4907","CHINA","Metal",9993
4908,"artistName4908","RUSSIA","Hip Hop",9997
4909,"artistName4909","RUSSIA","Reggae",9999
