"u_userid","u_username","u_name","u_email","u_password","u_usertype"
3,"name3","username3","email3@email.com","password3","user"
4,"name4","username4","email4@email.com","password4","user"
5,"name5","username5","email5@email.com","password5","artist"
6,"name6","username6","email6@email.com","password6","artist"
7,"name7","username7","email7@email.com","password7","artist"
8,"name8","username8","email8@email.com","password8","user"
9,"name9","username9","email9@email.com","password9","artist"
10,"name10","username10","email10@email.com","password10","user"
11,"name11","username11","email11@email.com","password11","artist"
12,"name12","username12","email12@email.com","password12","user"
13,"name13","username13","email13@email.com","password13","user"
14,"name14","username14","email14@email.com","password14","user"
15,"name15","username15","email15@email.com","password15","artist"
16,"name16","username16","email16@email.com","password16","user"
17,"name17","username17","email17@email.com","password17","user"
18,"name18","username18","email18@email.com","password18","user"
19,"name19","username19","email19@email.com","password19","artist"
20,"name20","username20","email20@email.com","password20","artist"
21,"name21","username21","email21@email.com","password21","user"
22,"name22","username22","email22@email.com","password22","artist"
23,"name23","username23","email23@email.com","password23","user"
24,"name24","username24","email24@email.com","password24","artist"
25,"name25","username25","email25@email.com","password25","user"
26,"name26","username26","email26@email.com","password26","user"
27,"name27","username27","email27@email.com","password27","artist"
28,"name28","username28","email28@email.com","password28","user"
29,"name29","username29","email29@email.com","password29","artist"
30,"name30","username30","email30@email.com","password30","artist"
31,"name31","username31","email31@email.com","password31","user"
32,"name32","username32","email32@email.com","password32","user"
33,"name33","username33","email33@email.com","password33","user"
34,"name34","username34","email34@email.com","password34","artist"
35,"name35","username35","email35@email.com","password35","user"
36,"name36","username36","email36@email.com","password36","artist"
37,"name37","username37","email37@email.com","password37","user"
38,"name38","username38","email38@email.com","password38","artist"
39,"name39","username39","email39@email.com","password39","user"
40,"name40","username40","email40@email.com","password40","user"
41,"name41","username41","email41@email.com","password41","artist"
42,"name42","username42","email42@email.com","password42","user"
43,"name43","username43","email43@email.com","password43","artist"
44,"name44","username44","email44@email.com","password44","artist"
45,"name45","username45","email45@email.com","password45","artist"
46,"name46","username46","email46@email.com","password46","user"
47,"name47","username47","email47@email.com","password47","artist"
48,"name48","username48","email48@email.com","password48","user"
49,"name49","username49","email49@email.com","password49","user"
50,"name50","username50","email50@email.com","password50","artist"
51,"name51","username51","email51@email.com","password51","user"
52,"name52","username52","email52@email.com","password52","artist"
53,"name53","username53","email53@email.com","password53","user"
54,"name54","username54","email54@email.com","password54","user"
55,"name55","username55","email55@email.com","password55","artist"
56,"name56","username56","email56@email.com","password56","user"
57,"name57","username57","email57@email.com","password57","artist"
58,"name58","username58","email58@email.com","password58","user"
59,"name59","username59","email59@email.com","password59","user"
60,"name60","username60","email60@email.com","password60","artist"
61,"name61","username61","email61@email.com","password61","artist"
62,"name62","username62","email62@email.com","password62","user"
63,"name63","username63","email63@email.com","password63","user"
64,"name64","username64","email64@email.com","password64","artist"
65,"name65","username65","email65@email.com","password65","artist"
66,"name66","username66","email66@email.com","password66","user"
67,"name67","username67","email67@email.com","password67","user"
68,"name68","username68","email68@email.com","password68","user"
69,"name69","username69","email69@email.com","password69","user"
70,"name70","username70","email70@email.com","password70","artist"
71,"name71","username71","email71@email.com","password71","artist"
72,"name72","username72","email72@email.com","password72","user"
73,"name73","username73","email73@email.com","password73","user"
74,"name74","username74","email74@email.com","password74","user"
75,"name75","username75","email75@email.com","password75","user"
76,"name76","username76","email76@email.com","password76","user"
77,"name77","username77","email77@email.com","password77","user"
78,"name78","username78","email78@email.com","password78","user"
79,"name79","username79","email79@email.com","password79","user"
80,"name80","username80","email80@email.com","password80","user"
81,"name81","username81","email81@email.com","password81","user"
82,"name82","username82","email82@email.com","password82","artist"
83,"name83","username83","email83@email.com","password83","user"
84,"name84","username84","email84@email.com","password84","artist"
85,"name85","username85","email85@email.com","password85","user"
86,"name86","username86","email86@email.com","password86","user"
87,"name87","username87","email87@email.com","password87","artist"
88,"name88","username88","email88@email.com","password88","artist"
89,"name89","username89","email89@email.com","password89","user"
90,"name90","username90","email90@email.com","password90","artist"
91,"name91","username91","email91@email.com","password91","artist"
92,"name92","username92","email92@email.com","password92","artist"
93,"name93","username93","email93@email.com","password93","artist"
2,"name2","username2","newemail1@gmail.com","password2","user"
94,"name94","username94","email94@email.com","password94","user"
95,"name95","username95","email95@email.com","password95","artist"
96,"name96","username96","email96@email.com","password96","artist"
97,"name97","username97","email97@email.com","password97","user"
98,"name98","username98","email98@email.com","password98","artist"
99,"name99","username99","email99@email.com","password99","artist"
100,"name100","username100","email100@email.com","password100","artist"
101,"name101","username101","email101@email.com","password101","artist"
102,"name102","username102","email102@email.com","password102","user"
103,"name103","username103","email103@email.com","password103","artist"
104,"name104","username104","email104@email.com","password104","artist"
105,"name105","username105","email105@email.com","password105","artist"
106,"name106","username106","email106@email.com","password106","artist"
107,"name107","username107","email107@email.com","password107","user"
108,"name108","username108","email108@email.com","password108","user"
109,"name109","username109","email109@email.com","password109","artist"
110,"name110","username110","email110@email.com","password110","artist"
111,"name111","username111","email111@email.com","password111","artist"
112,"name112","username112","email112@email.com","password112","user"
113,"name113","username113","email113@email.com","password113","user"
114,"name114","username114","email114@email.com","password114","artist"
115,"name115","username115","email115@email.com","password115","user"
116,"name116","username116","email116@email.com","password116","user"
117,"name117","username117","email117@email.com","password117","user"
118,"name118","username118","email118@email.com","password118","user"
119,"name119","username119","email119@email.com","password119","user"
120,"name120","username120","email120@email.com","password120","user"
121,"name121","username121","email121@email.com","password121","artist"
122,"name122","username122","email122@email.com","password122","user"
123,"name123","username123","email123@email.com","password123","artist"
124,"name124","username124","email124@email.com","password124","user"
125,"name125","username125","email125@email.com","password125","artist"
126,"name126","username126","email126@email.com","password126","artist"
127,"name127","username127","email127@email.com","password127","artist"
128,"name128","username128","email128@email.com","password128","user"
129,"name129","username129","email129@email.com","password129","user"
130,"name130","username130","email130@email.com","password130","user"
131,"name131","username131","email131@email.com","password131","user"
132,"name132","username132","email132@email.com","password132","artist"
133,"name133","username133","email133@email.com","password133","artist"
134,"name134","username134","email134@email.com","password134","artist"
135,"name135","username135","email135@email.com","password135","artist"
136,"name136","username136","email136@email.com","password136","user"
137,"name137","username137","email137@email.com","password137","user"
138,"name138","username138","email138@email.com","password138","artist"
139,"name139","username139","email139@email.com","password139","user"
140,"name140","username140","email140@email.com","password140","user"
141,"name141","username141","email141@email.com","password141","artist"
142,"name142","username142","email142@email.com","password142","user"
143,"name143","username143","email143@email.com","password143","user"
144,"name144","username144","email144@email.com","password144","user"
145,"name145","username145","email145@email.com","password145","artist"
146,"name146","username146","email146@email.com","password146","user"
147,"name147","username147","email147@email.com","password147","user"
148,"name148","username148","email148@email.com","password148","user"
149,"name149","username149","email149@email.com","password149","artist"
150,"name150","username150","email150@email.com","password150","artist"
151,"name151","username151","email151@email.com","password151","artist"
152,"name152","username152","email152@email.com","password152","user"
153,"name153","username153","email153@email.com","password153","user"
154,"name154","username154","email154@email.com","password154","artist"
155,"name155","username155","email155@email.com","password155","user"
156,"name156","username156","email156@email.com","password156","user"
157,"name157","username157","email157@email.com","password157","user"
158,"name158","username158","email158@email.com","password158","user"
159,"name159","username159","email159@email.com","password159","artist"
160,"name160","username160","email160@email.com","password160","user"
161,"name161","username161","email161@email.com","password161","artist"
162,"name162","username162","email162@email.com","password162","artist"
163,"name163","username163","email163@email.com","password163","artist"
164,"name164","username164","email164@email.com","password164","artist"
165,"name165","username165","email165@email.com","password165","artist"
166,"name166","username166","email166@email.com","password166","user"
167,"name167","username167","email167@email.com","password167","user"
168,"name168","username168","email168@email.com","password168","user"
169,"name169","username169","email169@email.com","password169","user"
170,"name170","username170","email170@email.com","password170","artist"
171,"name171","username171","email171@email.com","password171","user"
172,"name172","username172","email172@email.com","password172","artist"
173,"name173","username173","email173@email.com","password173","user"
174,"name174","username174","email174@email.com","password174","user"
175,"name175","username175","email175@email.com","password175","user"
176,"name176","username176","email176@email.com","password176","user"
177,"name177","username177","email177@email.com","password177","artist"
178,"name178","username178","email178@email.com","password178","artist"
179,"name179","username179","email179@email.com","password179","user"
180,"name180","username180","email180@email.com","password180","user"
181,"name181","username181","email181@email.com","password181","user"
182,"name182","username182","email182@email.com","password182","artist"
183,"name183","username183","email183@email.com","password183","user"
184,"name184","username184","email184@email.com","password184","user"
185,"name185","username185","email185@email.com","password185","user"
186,"name186","username186","email186@email.com","password186","user"
187,"name187","username187","email187@email.com","password187","user"
188,"name188","username188","email188@email.com","password188","artist"
189,"name189","username189","email189@email.com","password189","user"
190,"name190","username190","email190@email.com","password190","user"
191,"name191","username191","email191@email.com","password191","artist"
192,"name192","username192","email192@email.com","password192","artist"
193,"name193","username193","email193@email.com","password193","artist"
194,"name194","username194","email194@email.com","password194","artist"
195,"name195","username195","email195@email.com","password195","user"
196,"name196","username196","email196@email.com","password196","user"
197,"name197","username197","email197@email.com","password197","user"
198,"name198","username198","email198@email.com","password198","user"
199,"name199","username199","email199@email.com","password199","artist"
200,"name200","username200","email200@email.com","password200","user"
201,"name201","username201","email201@email.com","password201","artist"
202,"name202","username202","email202@email.com","password202","artist"
203,"name203","username203","email203@email.com","password203","user"
204,"name204","username204","email204@email.com","password204","user"
205,"name205","username205","email205@email.com","password205","user"
206,"name206","username206","email206@email.com","password206","user"
207,"name207","username207","email207@email.com","password207","user"
208,"name208","username208","email208@email.com","password208","user"
209,"name209","username209","email209@email.com","password209","artist"
210,"name210","username210","email210@email.com","password210","user"
211,"name211","username211","email211@email.com","password211","artist"
212,"name212","username212","email212@email.com","password212","user"
213,"name213","username213","email213@email.com","password213","user"
214,"name214","username214","email214@email.com","password214","artist"
215,"name215","username215","email215@email.com","password215","artist"
216,"name216","username216","email216@email.com","password216","artist"
217,"name217","username217","email217@email.com","password217","artist"
218,"name218","username218","email218@email.com","password218","user"
219,"name219","username219","email219@email.com","password219","artist"
220,"name220","username220","email220@email.com","password220","artist"
221,"name221","username221","email221@email.com","password221","user"
222,"name222","username222","email222@email.com","password222","user"
223,"name223","username223","email223@email.com","password223","user"
224,"name224","username224","email224@email.com","password224","artist"
225,"name225","username225","email225@email.com","password225","user"
226,"name226","username226","email226@email.com","password226","user"
227,"name227","username227","email227@email.com","password227","user"
228,"name228","username228","email228@email.com","password228","user"
229,"name229","username229","email229@email.com","password229","artist"
230,"name230","username230","email230@email.com","password230","artist"
231,"name231","username231","email231@email.com","password231","user"
232,"name232","username232","email232@email.com","password232","artist"
233,"name233","username233","email233@email.com","password233","artist"
234,"name234","username234","email234@email.com","password234","artist"
235,"name235","username235","email235@email.com","password235","user"
236,"name236","username236","email236@email.com","password236","user"
237,"name237","username237","email237@email.com","password237","user"
238,"name238","username238","email238@email.com","password238","artist"
239,"name239","username239","email239@email.com","password239","artist"
240,"name240","username240","email240@email.com","password240","user"
241,"name241","username241","email241@email.com","password241","artist"
242,"name242","username242","email242@email.com","password242","artist"
243,"name243","username243","email243@email.com","password243","user"
244,"name244","username244","email244@email.com","password244","user"
245,"name245","username245","email245@email.com","password245","artist"
246,"name246","username246","email246@email.com","password246","user"
247,"name247","username247","email247@email.com","password247","user"
248,"name248","username248","email248@email.com","password248","user"
249,"name249","username249","email249@email.com","password249","artist"
250,"name250","username250","email250@email.com","password250","user"
251,"name251","username251","email251@email.com","password251","artist"
252,"name252","username252","email252@email.com","password252","user"
253,"name253","username253","email253@email.com","password253","user"
254,"name254","username254","email254@email.com","password254","user"
255,"name255","username255","email255@email.com","password255","artist"
256,"name256","username256","email256@email.com","password256","artist"
257,"name257","username257","email257@email.com","password257","user"
258,"name258","username258","email258@email.com","password258","user"
259,"name259","username259","email259@email.com","password259","user"
260,"name260","username260","email260@email.com","password260","artist"
261,"name261","username261","email261@email.com","password261","artist"
262,"name262","username262","email262@email.com","password262","user"
263,"name263","username263","email263@email.com","password263","user"
264,"name264","username264","email264@email.com","password264","user"
265,"name265","username265","email265@email.com","password265","user"
266,"name266","username266","email266@email.com","password266","artist"
267,"name267","username267","email267@email.com","password267","user"
268,"name268","username268","email268@email.com","password268","artist"
269,"name269","username269","email269@email.com","password269","user"
270,"name270","username270","email270@email.com","password270","artist"
271,"name271","username271","email271@email.com","password271","artist"
272,"name272","username272","email272@email.com","password272","user"
273,"name273","username273","email273@email.com","password273","user"
274,"name274","username274","email274@email.com","password274","artist"
275,"name275","username275","email275@email.com","password275","artist"
276,"name276","username276","email276@email.com","password276","user"
277,"name277","username277","email277@email.com","password277","user"
278,"name278","username278","email278@email.com","password278","user"
279,"name279","username279","email279@email.com","password279","artist"
280,"name280","username280","email280@email.com","password280","user"
281,"name281","username281","email281@email.com","password281","artist"
282,"name282","username282","email282@email.com","password282","user"
283,"name283","username283","email283@email.com","password283","artist"
284,"name284","username284","email284@email.com","password284","artist"
285,"name285","username285","email285@email.com","password285","artist"
286,"name286","username286","email286@email.com","password286","user"
287,"name287","username287","email287@email.com","password287","artist"
288,"name288","username288","email288@email.com","password288","artist"
289,"name289","username289","email289@email.com","password289","artist"
290,"name290","username290","email290@email.com","password290","user"
291,"name291","username291","email291@email.com","password291","artist"
292,"name292","username292","email292@email.com","password292","user"
293,"name293","username293","email293@email.com","password293","artist"
294,"name294","username294","email294@email.com","password294","user"
295,"name295","username295","email295@email.com","password295","artist"
296,"name296","username296","email296@email.com","password296","user"
297,"name297","username297","email297@email.com","password297","user"
298,"name298","username298","email298@email.com","password298","artist"
299,"name299","username299","email299@email.com","password299","user"
300,"name300","username300","email300@email.com","password300","user"
301,"name301","username301","email301@email.com","password301","artist"
302,"name302","username302","email302@email.com","password302","user"
303,"name303","username303","email303@email.com","password303","user"
304,"name304","username304","email304@email.com","password304","user"
305,"name305","username305","email305@email.com","password305","user"
306,"name306","username306","email306@email.com","password306","artist"
307,"name307","username307","email307@email.com","password307","artist"
308,"name308","username308","email308@email.com","password308","artist"
309,"name309","username309","email309@email.com","password309","artist"
310,"name310","username310","email310@email.com","password310","artist"
311,"name311","username311","email311@email.com","password311","artist"
312,"name312","username312","email312@email.com","password312","user"
313,"name313","username313","email313@email.com","password313","artist"
314,"name314","username314","email314@email.com","password314","user"
315,"name315","username315","email315@email.com","password315","user"
316,"name316","username316","email316@email.com","password316","user"
317,"name317","username317","email317@email.com","password317","artist"
318,"name318","username318","email318@email.com","password318","artist"
319,"name319","username319","email319@email.com","password319","user"
320,"name320","username320","email320@email.com","password320","user"
321,"name321","username321","email321@email.com","password321","user"
322,"name322","username322","email322@email.com","password322","artist"
323,"name323","username323","email323@email.com","password323","user"
324,"name324","username324","email324@email.com","password324","user"
325,"name325","username325","email325@email.com","password325","artist"
326,"name326","username326","email326@email.com","password326","artist"
327,"name327","username327","email327@email.com","password327","artist"
328,"name328","username328","email328@email.com","password328","user"
329,"name329","username329","email329@email.com","password329","user"
330,"name330","username330","email330@email.com","password330","artist"
331,"name331","username331","email331@email.com","password331","artist"
332,"name332","username332","email332@email.com","password332","user"
333,"name333","username333","email333@email.com","password333","user"
334,"name334","username334","email334@email.com","password334","artist"
335,"name335","username335","email335@email.com","password335","user"
336,"name336","username336","email336@email.com","password336","user"
337,"name337","username337","email337@email.com","password337","artist"
338,"name338","username338","email338@email.com","password338","artist"
339,"name339","username339","email339@email.com","password339","user"
340,"name340","username340","email340@email.com","password340","artist"
341,"name341","username341","email341@email.com","password341","artist"
342,"name342","username342","email342@email.com","password342","user"
343,"name343","username343","email343@email.com","password343","user"
344,"name344","username344","email344@email.com","password344","user"
345,"name345","username345","email345@email.com","password345","artist"
346,"name346","username346","email346@email.com","password346","artist"
347,"name347","username347","email347@email.com","password347","user"
348,"name348","username348","email348@email.com","password348","artist"
349,"name349","username349","email349@email.com","password349","user"
350,"name350","username350","email350@email.com","password350","user"
351,"name351","username351","email351@email.com","password351","user"
352,"name352","username352","email352@email.com","password352","artist"
353,"name353","username353","email353@email.com","password353","user"
354,"name354","username354","email354@email.com","password354","user"
355,"name355","username355","email355@email.com","password355","artist"
356,"name356","username356","email356@email.com","password356","user"
357,"name357","username357","email357@email.com","password357","artist"
358,"name358","username358","email358@email.com","password358","artist"
359,"name359","username359","email359@email.com","password359","artist"
360,"name360","username360","email360@email.com","password360","artist"
361,"name361","username361","email361@email.com","password361","user"
362,"name362","username362","email362@email.com","password362","user"
363,"name363","username363","email363@email.com","password363","user"
364,"name364","username364","email364@email.com","password364","artist"
365,"name365","username365","email365@email.com","password365","artist"
366,"name366","username366","email366@email.com","password366","artist"
367,"name367","username367","email367@email.com","password367","artist"
368,"name368","username368","email368@email.com","password368","artist"
369,"name369","username369","email369@email.com","password369","artist"
370,"name370","username370","email370@email.com","password370","user"
371,"name371","username371","email371@email.com","password371","artist"
372,"name372","username372","email372@email.com","password372","artist"
373,"name373","username373","email373@email.com","password373","artist"
374,"name374","username374","email374@email.com","password374","artist"
375,"name375","username375","email375@email.com","password375","user"
376,"name376","username376","email376@email.com","password376","artist"
377,"name377","username377","email377@email.com","password377","artist"
378,"name378","username378","email378@email.com","password378","user"
379,"name379","username379","email379@email.com","password379","artist"
380,"name380","username380","email380@email.com","password380","user"
381,"name381","username381","email381@email.com","password381","user"
382,"name382","username382","email382@email.com","password382","user"
383,"name383","username383","email383@email.com","password383","user"
384,"name384","username384","email384@email.com","password384","artist"
385,"name385","username385","email385@email.com","password385","user"
386,"name386","username386","email386@email.com","password386","user"
387,"name387","username387","email387@email.com","password387","user"
388,"name388","username388","email388@email.com","password388","artist"
389,"name389","username389","email389@email.com","password389","user"
390,"name390","username390","email390@email.com","password390","user"
391,"name391","username391","email391@email.com","password391","user"
392,"name392","username392","email392@email.com","password392","artist"
393,"name393","username393","email393@email.com","password393","user"
394,"name394","username394","email394@email.com","password394","user"
395,"name395","username395","email395@email.com","password395","user"
396,"name396","username396","email396@email.com","password396","user"
397,"name397","username397","email397@email.com","password397","user"
398,"name398","username398","email398@email.com","password398","user"
399,"name399","username399","email399@email.com","password399","user"
400,"name400","username400","email400@email.com","password400","artist"
401,"name401","username401","email401@email.com","password401","user"
402,"name402","username402","email402@email.com","password402","artist"
403,"name403","username403","email403@email.com","password403","artist"
404,"name404","username404","email404@email.com","password404","artist"
405,"name405","username405","email405@email.com","password405","user"
406,"name406","username406","email406@email.com","password406","user"
407,"name407","username407","email407@email.com","password407","artist"
408,"name408","username408","email408@email.com","password408","user"
409,"name409","username409","email409@email.com","password409","artist"
410,"name410","username410","email410@email.com","password410","artist"
411,"name411","username411","email411@email.com","password411","artist"
412,"name412","username412","email412@email.com","password412","user"
413,"name413","username413","email413@email.com","password413","artist"
414,"name414","username414","email414@email.com","password414","user"
415,"name415","username415","email415@email.com","password415","user"
416,"name416","username416","email416@email.com","password416","user"
417,"name417","username417","email417@email.com","password417","user"
418,"name418","username418","email418@email.com","password418","user"
419,"name419","username419","email419@email.com","password419","artist"
420,"name420","username420","email420@email.com","password420","user"
421,"name421","username421","email421@email.com","password421","user"
422,"name422","username422","email422@email.com","password422","artist"
423,"name423","username423","email423@email.com","password423","user"
424,"name424","username424","email424@email.com","password424","user"
425,"name425","username425","email425@email.com","password425","artist"
426,"name426","username426","email426@email.com","password426","user"
427,"name427","username427","email427@email.com","password427","artist"
428,"name428","username428","email428@email.com","password428","artist"
429,"name429","username429","email429@email.com","password429","artist"
430,"name430","username430","email430@email.com","password430","user"
431,"name431","username431","email431@email.com","password431","artist"
432,"name432","username432","email432@email.com","password432","user"
433,"name433","username433","email433@email.com","password433","user"
434,"name434","username434","email434@email.com","password434","user"
435,"name435","username435","email435@email.com","password435","user"
436,"name436","username436","email436@email.com","password436","artist"
437,"name437","username437","email437@email.com","password437","user"
438,"name438","username438","email438@email.com","password438","artist"
439,"name439","username439","email439@email.com","password439","user"
440,"name440","username440","email440@email.com","password440","artist"
441,"name441","username441","email441@email.com","password441","user"
442,"name442","username442","email442@email.com","password442","user"
443,"name443","username443","email443@email.com","password443","user"
444,"name444","username444","email444@email.com","password444","artist"
445,"name445","username445","email445@email.com","password445","user"
446,"name446","username446","email446@email.com","password446","user"
447,"name447","username447","email447@email.com","password447","artist"
448,"name448","username448","email448@email.com","password448","artist"
449,"name449","username449","email449@email.com","password449","user"
450,"name450","username450","email450@email.com","password450","user"
451,"name451","username451","email451@email.com","password451","artist"
452,"name452","username452","email452@email.com","password452","user"
453,"name453","username453","email453@email.com","password453","user"
454,"name454","username454","email454@email.com","password454","user"
455,"name455","username455","email455@email.com","password455","artist"
456,"name456","username456","email456@email.com","password456","user"
457,"name457","username457","email457@email.com","password457","artist"
458,"name458","username458","email458@email.com","password458","artist"
459,"name459","username459","email459@email.com","password459","artist"
460,"name460","username460","email460@email.com","password460","artist"
461,"name461","username461","email461@email.com","password461","user"
462,"name462","username462","email462@email.com","password462","artist"
463,"name463","username463","email463@email.com","password463","artist"
464,"name464","username464","email464@email.com","password464","user"
465,"name465","username465","email465@email.com","password465","artist"
466,"name466","username466","email466@email.com","password466","user"
467,"name467","username467","email467@email.com","password467","artist"
468,"name468","username468","email468@email.com","password468","user"
469,"name469","username469","email469@email.com","password469","user"
470,"name470","username470","email470@email.com","password470","user"
471,"name471","username471","email471@email.com","password471","artist"
472,"name472","username472","email472@email.com","password472","user"
473,"name473","username473","email473@email.com","password473","user"
474,"name474","username474","email474@email.com","password474","artist"
475,"name475","username475","email475@email.com","password475","artist"
476,"name476","username476","email476@email.com","password476","user"
477,"name477","username477","email477@email.com","password477","user"
478,"name478","username478","email478@email.com","password478","user"
479,"name479","username479","email479@email.com","password479","artist"
480,"name480","username480","email480@email.com","password480","user"
481,"name481","username481","email481@email.com","password481","artist"
482,"name482","username482","email482@email.com","password482","artist"
483,"name483","username483","email483@email.com","password483","user"
484,"name484","username484","email484@email.com","password484","user"
485,"name485","username485","email485@email.com","password485","user"
486,"name486","username486","email486@email.com","password486","user"
487,"name487","username487","email487@email.com","password487","user"
488,"name488","username488","email488@email.com","password488","artist"
489,"name489","username489","email489@email.com","password489","artist"
490,"name490","username490","email490@email.com","password490","artist"
491,"name491","username491","email491@email.com","password491","user"
492,"name492","username492","email492@email.com","password492","user"
493,"name493","username493","email493@email.com","password493","user"
494,"name494","username494","email494@email.com","password494","artist"
495,"name495","username495","email495@email.com","password495","user"
496,"name496","username496","email496@email.com","password496","artist"
497,"name497","username497","email497@email.com","password497","user"
498,"name498","username498","email498@email.com","password498","artist"
499,"name499","username499","email499@email.com","password499","artist"
500,"name500","username500","email500@email.com","password500","artist"
501,"name501","username501","email501@email.com","password501","user"
502,"name502","username502","email502@email.com","password502","user"
503,"name503","username503","email503@email.com","password503","user"
504,"name504","username504","email504@email.com","password504","user"
505,"name505","username505","email505@email.com","password505","user"
506,"name506","username506","email506@email.com","password506","artist"
507,"name507","username507","email507@email.com","password507","artist"
508,"name508","username508","email508@email.com","password508","artist"
509,"name509","username509","email509@email.com","password509","user"
510,"name510","username510","email510@email.com","password510","user"
511,"name511","username511","email511@email.com","password511","artist"
512,"name512","username512","email512@email.com","password512","artist"
513,"name513","username513","email513@email.com","password513","user"
514,"name514","username514","email514@email.com","password514","artist"
515,"name515","username515","email515@email.com","password515","artist"
516,"name516","username516","email516@email.com","password516","artist"
517,"name517","username517","email517@email.com","password517","artist"
518,"name518","username518","email518@email.com","password518","artist"
519,"name519","username519","email519@email.com","password519","artist"
520,"name520","username520","email520@email.com","password520","artist"
521,"name521","username521","email521@email.com","password521","user"
522,"name522","username522","email522@email.com","password522","user"
523,"name523","username523","email523@email.com","password523","artist"
524,"name524","username524","email524@email.com","password524","artist"
525,"name525","username525","email525@email.com","password525","artist"
526,"name526","username526","email526@email.com","password526","user"
527,"name527","username527","email527@email.com","password527","user"
528,"name528","username528","email528@email.com","password528","artist"
529,"name529","username529","email529@email.com","password529","user"
530,"name530","username530","email530@email.com","password530","user"
531,"name531","username531","email531@email.com","password531","user"
532,"name532","username532","email532@email.com","password532","artist"
533,"name533","username533","email533@email.com","password533","user"
534,"name534","username534","email534@email.com","password534","artist"
535,"name535","username535","email535@email.com","password535","artist"
536,"name536","username536","email536@email.com","password536","user"
537,"name537","username537","email537@email.com","password537","user"
538,"name538","username538","email538@email.com","password538","user"
539,"name539","username539","email539@email.com","password539","user"
540,"name540","username540","email540@email.com","password540","artist"
541,"name541","username541","email541@email.com","password541","artist"
542,"name542","username542","email542@email.com","password542","artist"
543,"name543","username543","email543@email.com","password543","user"
544,"name544","username544","email544@email.com","password544","user"
545,"name545","username545","email545@email.com","password545","artist"
546,"name546","username546","email546@email.com","password546","artist"
547,"name547","username547","email547@email.com","password547","user"
548,"name548","username548","email548@email.com","password548","user"
549,"name549","username549","email549@email.com","password549","user"
550,"name550","username550","email550@email.com","password550","artist"
551,"name551","username551","email551@email.com","password551","artist"
552,"name552","username552","email552@email.com","password552","artist"
553,"name553","username553","email553@email.com","password553","user"
554,"name554","username554","email554@email.com","password554","artist"
555,"name555","username555","email555@email.com","password555","user"
556,"name556","username556","email556@email.com","password556","artist"
557,"name557","username557","email557@email.com","password557","artist"
558,"name558","username558","email558@email.com","password558","user"
559,"name559","username559","email559@email.com","password559","user"
560,"name560","username560","email560@email.com","password560","user"
561,"name561","username561","email561@email.com","password561","user"
562,"name562","username562","email562@email.com","password562","user"
563,"name563","username563","email563@email.com","password563","artist"
564,"name564","username564","email564@email.com","password564","user"
565,"name565","username565","email565@email.com","password565","artist"
566,"name566","username566","email566@email.com","password566","artist"
567,"name567","username567","email567@email.com","password567","user"
568,"name568","username568","email568@email.com","password568","user"
569,"name569","username569","email569@email.com","password569","user"
570,"name570","username570","email570@email.com","password570","artist"
571,"name571","username571","email571@email.com","password571","user"
572,"name572","username572","email572@email.com","password572","user"
573,"name573","username573","email573@email.com","password573","user"
574,"name574","username574","email574@email.com","password574","user"
575,"name575","username575","email575@email.com","password575","user"
576,"name576","username576","email576@email.com","password576","user"
577,"name577","username577","email577@email.com","password577","user"
578,"name578","username578","email578@email.com","password578","artist"
579,"name579","username579","email579@email.com","password579","artist"
580,"name580","username580","email580@email.com","password580","artist"
581,"name581","username581","email581@email.com","password581","user"
582,"name582","username582","email582@email.com","password582","artist"
583,"name583","username583","email583@email.com","password583","artist"
584,"name584","username584","email584@email.com","password584","artist"
585,"name585","username585","email585@email.com","password585","user"
586,"name586","username586","email586@email.com","password586","user"
587,"name587","username587","email587@email.com","password587","user"
588,"name588","username588","email588@email.com","password588","artist"
589,"name589","username589","email589@email.com","password589","artist"
590,"name590","username590","email590@email.com","password590","artist"
591,"name591","username591","email591@email.com","password591","user"
592,"name592","username592","email592@email.com","password592","user"
593,"name593","username593","email593@email.com","password593","artist"
594,"name594","username594","email594@email.com","password594","user"
595,"name595","username595","email595@email.com","password595","user"
596,"name596","username596","email596@email.com","password596","artist"
597,"name597","username597","email597@email.com","password597","artist"
598,"name598","username598","email598@email.com","password598","user"
599,"name599","username599","email599@email.com","password599","user"
600,"name600","username600","email600@email.com","password600","artist"
601,"name601","username601","email601@email.com","password601","user"
602,"name602","username602","email602@email.com","password602","user"
603,"name603","username603","email603@email.com","password603","user"
604,"name604","username604","email604@email.com","password604","user"
605,"name605","username605","email605@email.com","password605","user"
606,"name606","username606","email606@email.com","password606","user"
607,"name607","username607","email607@email.com","password607","user"
608,"name608","username608","email608@email.com","password608","artist"
609,"name609","username609","email609@email.com","password609","artist"
610,"name610","username610","email610@email.com","password610","user"
611,"name611","username611","email611@email.com","password611","artist"
612,"name612","username612","email612@email.com","password612","artist"
613,"name613","username613","email613@email.com","password613","artist"
614,"name614","username614","email614@email.com","password614","user"
615,"name615","username615","email615@email.com","password615","artist"
616,"name616","username616","email616@email.com","password616","user"
617,"name617","username617","email617@email.com","password617","artist"
618,"name618","username618","email618@email.com","password618","user"
619,"name619","username619","email619@email.com","password619","artist"
620,"name620","username620","email620@email.com","password620","artist"
621,"name621","username621","email621@email.com","password621","user"
622,"name622","username622","email622@email.com","password622","user"
623,"name623","username623","email623@email.com","password623","user"
624,"name624","username624","email624@email.com","password624","user"
625,"name625","username625","email625@email.com","password625","artist"
626,"name626","username626","email626@email.com","password626","user"
627,"name627","username627","email627@email.com","password627","artist"
628,"name628","username628","email628@email.com","password628","artist"
629,"name629","username629","email629@email.com","password629","user"
630,"name630","username630","email630@email.com","password630","user"
631,"name631","username631","email631@email.com","password631","user"
632,"name632","username632","email632@email.com","password632","user"
633,"name633","username633","email633@email.com","password633","user"
634,"name634","username634","email634@email.com","password634","user"
635,"name635","username635","email635@email.com","password635","artist"
636,"name636","username636","email636@email.com","password636","user"
637,"name637","username637","email637@email.com","password637","artist"
638,"name638","username638","email638@email.com","password638","user"
639,"name639","username639","email639@email.com","password639","artist"
640,"name640","username640","email640@email.com","password640","artist"
641,"name641","username641","email641@email.com","password641","user"
642,"name642","username642","email642@email.com","password642","artist"
643,"name643","username643","email643@email.com","password643","artist"
644,"name644","username644","email644@email.com","password644","user"
645,"name645","username645","email645@email.com","password645","artist"
646,"name646","username646","email646@email.com","password646","artist"
647,"name647","username647","email647@email.com","password647","user"
648,"name648","username648","email648@email.com","password648","artist"
649,"name649","username649","email649@email.com","password649","artist"
650,"name650","username650","email650@email.com","password650","user"
651,"name651","username651","email651@email.com","password651","user"
652,"name652","username652","email652@email.com","password652","artist"
653,"name653","username653","email653@email.com","password653","artist"
654,"name654","username654","email654@email.com","password654","artist"
655,"name655","username655","email655@email.com","password655","artist"
656,"name656","username656","email656@email.com","password656","artist"
657,"name657","username657","email657@email.com","password657","user"
658,"name658","username658","email658@email.com","password658","artist"
659,"name659","username659","email659@email.com","password659","user"
660,"name660","username660","email660@email.com","password660","artist"
661,"name661","username661","email661@email.com","password661","user"
662,"name662","username662","email662@email.com","password662","artist"
663,"name663","username663","email663@email.com","password663","artist"
664,"name664","username664","email664@email.com","password664","artist"
665,"name665","username665","email665@email.com","password665","user"
666,"name666","username666","email666@email.com","password666","user"
667,"name667","username667","email667@email.com","password667","user"
668,"name668","username668","email668@email.com","password668","user"
669,"name669","username669","email669@email.com","password669","artist"
670,"name670","username670","email670@email.com","password670","artist"
671,"name671","username671","email671@email.com","password671","user"
672,"name672","username672","email672@email.com","password672","user"
673,"name673","username673","email673@email.com","password673","artist"
674,"name674","username674","email674@email.com","password674","user"
675,"name675","username675","email675@email.com","password675","artist"
676,"name676","username676","email676@email.com","password676","user"
677,"name677","username677","email677@email.com","password677","user"
678,"name678","username678","email678@email.com","password678","user"
679,"name679","username679","email679@email.com","password679","user"
680,"name680","username680","email680@email.com","password680","user"
681,"name681","username681","email681@email.com","password681","user"
682,"name682","username682","email682@email.com","password682","user"
683,"name683","username683","email683@email.com","password683","artist"
684,"name684","username684","email684@email.com","password684","user"
685,"name685","username685","email685@email.com","password685","artist"
686,"name686","username686","email686@email.com","password686","user"
687,"name687","username687","email687@email.com","password687","artist"
688,"name688","username688","email688@email.com","password688","user"
689,"name689","username689","email689@email.com","password689","user"
690,"name690","username690","email690@email.com","password690","user"
691,"name691","username691","email691@email.com","password691","artist"
692,"name692","username692","email692@email.com","password692","artist"
693,"name693","username693","email693@email.com","password693","artist"
694,"name694","username694","email694@email.com","password694","user"
695,"name695","username695","email695@email.com","password695","artist"
696,"name696","username696","email696@email.com","password696","user"
697,"name697","username697","email697@email.com","password697","user"
698,"name698","username698","email698@email.com","password698","artist"
699,"name699","username699","email699@email.com","password699","artist"
700,"name700","username700","email700@email.com","password700","user"
701,"name701","username701","email701@email.com","password701","artist"
702,"name702","username702","email702@email.com","password702","artist"
703,"name703","username703","email703@email.com","password703","artist"
704,"name704","username704","email704@email.com","password704","artist"
705,"name705","username705","email705@email.com","password705","user"
706,"name706","username706","email706@email.com","password706","artist"
707,"name707","username707","email707@email.com","password707","artist"
708,"name708","username708","email708@email.com","password708","user"
709,"name709","username709","email709@email.com","password709","artist"
710,"name710","username710","email710@email.com","password710","user"
711,"name711","username711","email711@email.com","password711","artist"
712,"name712","username712","email712@email.com","password712","artist"
713,"name713","username713","email713@email.com","password713","user"
714,"name714","username714","email714@email.com","password714","artist"
715,"name715","username715","email715@email.com","password715","user"
716,"name716","username716","email716@email.com","password716","user"
717,"name717","username717","email717@email.com","password717","user"
718,"name718","username718","email718@email.com","password718","user"
719,"name719","username719","email719@email.com","password719","artist"
720,"name720","username720","email720@email.com","password720","artist"
721,"name721","username721","email721@email.com","password721","user"
722,"name722","username722","email722@email.com","password722","user"
723,"name723","username723","email723@email.com","password723","user"
724,"name724","username724","email724@email.com","password724","user"
725,"name725","username725","email725@email.com","password725","user"
726,"name726","username726","email726@email.com","password726","artist"
727,"name727","username727","email727@email.com","password727","user"
728,"name728","username728","email728@email.com","password728","user"
729,"name729","username729","email729@email.com","password729","artist"
730,"name730","username730","email730@email.com","password730","user"
731,"name731","username731","email731@email.com","password731","user"
732,"name732","username732","email732@email.com","password732","user"
733,"name733","username733","email733@email.com","password733","user"
734,"name734","username734","email734@email.com","password734","artist"
735,"name735","username735","email735@email.com","password735","user"
736,"name736","username736","email736@email.com","password736","user"
737,"name737","username737","email737@email.com","password737","artist"
738,"name738","username738","email738@email.com","password738","user"
739,"name739","username739","email739@email.com","password739","user"
740,"name740","username740","email740@email.com","password740","artist"
741,"name741","username741","email741@email.com","password741","artist"
742,"name742","username742","email742@email.com","password742","user"
743,"name743","username743","email743@email.com","password743","artist"
744,"name744","username744","email744@email.com","password744","user"
745,"name745","username745","email745@email.com","password745","user"
746,"name746","username746","email746@email.com","password746","user"
747,"name747","username747","email747@email.com","password747","artist"
748,"name748","username748","email748@email.com","password748","artist"
749,"name749","username749","email749@email.com","password749","artist"
750,"name750","username750","email750@email.com","password750","artist"
751,"name751","username751","email751@email.com","password751","user"
752,"name752","username752","email752@email.com","password752","artist"
753,"name753","username753","email753@email.com","password753","user"
754,"name754","username754","email754@email.com","password754","artist"
755,"name755","username755","email755@email.com","password755","artist"
756,"name756","username756","email756@email.com","password756","user"
757,"name757","username757","email757@email.com","password757","artist"
758,"name758","username758","email758@email.com","password758","artist"
759,"name759","username759","email759@email.com","password759","artist"
760,"name760","username760","email760@email.com","password760","artist"
761,"name761","username761","email761@email.com","password761","artist"
762,"name762","username762","email762@email.com","password762","artist"
763,"name763","username763","email763@email.com","password763","artist"
764,"name764","username764","email764@email.com","password764","artist"
765,"name765","username765","email765@email.com","password765","user"
766,"name766","username766","email766@email.com","password766","user"
767,"name767","username767","email767@email.com","password767","user"
768,"name768","username768","email768@email.com","password768","user"
769,"name769","username769","email769@email.com","password769","user"
770,"name770","username770","email770@email.com","password770","user"
771,"name771","username771","email771@email.com","password771","artist"
772,"name772","username772","email772@email.com","password772","artist"
773,"name773","username773","email773@email.com","password773","artist"
774,"name774","username774","email774@email.com","password774","artist"
775,"name775","username775","email775@email.com","password775","artist"
776,"name776","username776","email776@email.com","password776","user"
777,"name777","username777","email777@email.com","password777","user"
778,"name778","username778","email778@email.com","password778","user"
779,"name779","username779","email779@email.com","password779","artist"
780,"name780","username780","email780@email.com","password780","user"
781,"name781","username781","email781@email.com","password781","artist"
782,"name782","username782","email782@email.com","password782","artist"
783,"name783","username783","email783@email.com","password783","user"
784,"name784","username784","email784@email.com","password784","artist"
785,"name785","username785","email785@email.com","password785","user"
786,"name786","username786","email786@email.com","password786","artist"
787,"name787","username787","email787@email.com","password787","artist"
788,"name788","username788","email788@email.com","password788","artist"
789,"name789","username789","email789@email.com","password789","artist"
790,"name790","username790","email790@email.com","password790","artist"
791,"name791","username791","email791@email.com","password791","artist"
792,"name792","username792","email792@email.com","password792","artist"
793,"name793","username793","email793@email.com","password793","user"
794,"name794","username794","email794@email.com","password794","artist"
795,"name795","username795","email795@email.com","password795","user"
796,"name796","username796","email796@email.com","password796","user"
797,"name797","username797","email797@email.com","password797","artist"
798,"name798","username798","email798@email.com","password798","artist"
799,"name799","username799","email799@email.com","password799","artist"
800,"name800","username800","email800@email.com","password800","artist"
801,"name801","username801","email801@email.com","password801","artist"
802,"name802","username802","email802@email.com","password802","artist"
803,"name803","username803","email803@email.com","password803","user"
804,"name804","username804","email804@email.com","password804","user"
805,"name805","username805","email805@email.com","password805","artist"
806,"name806","username806","email806@email.com","password806","artist"
807,"name807","username807","email807@email.com","password807","artist"
808,"name808","username808","email808@email.com","password808","user"
809,"name809","username809","email809@email.com","password809","artist"
810,"name810","username810","email810@email.com","password810","user"
811,"name811","username811","email811@email.com","password811","user"
812,"name812","username812","email812@email.com","password812","artist"
813,"name813","username813","email813@email.com","password813","artist"
814,"name814","username814","email814@email.com","password814","artist"
815,"name815","username815","email815@email.com","password815","user"
816,"name816","username816","email816@email.com","password816","user"
817,"name817","username817","email817@email.com","password817","user"
818,"name818","username818","email818@email.com","password818","artist"
819,"name819","username819","email819@email.com","password819","user"
820,"name820","username820","email820@email.com","password820","user"
821,"name821","username821","email821@email.com","password821","user"
822,"name822","username822","email822@email.com","password822","artist"
823,"name823","username823","email823@email.com","password823","user"
824,"name824","username824","email824@email.com","password824","user"
825,"name825","username825","email825@email.com","password825","user"
826,"name826","username826","email826@email.com","password826","artist"
827,"name827","username827","email827@email.com","password827","artist"
828,"name828","username828","email828@email.com","password828","artist"
829,"name829","username829","email829@email.com","password829","user"
830,"name830","username830","email830@email.com","password830","user"
831,"name831","username831","email831@email.com","password831","user"
832,"name832","username832","email832@email.com","password832","user"
833,"name833","username833","email833@email.com","password833","artist"
834,"name834","username834","email834@email.com","password834","artist"
835,"name835","username835","email835@email.com","password835","user"
836,"name836","username836","email836@email.com","password836","user"
837,"name837","username837","email837@email.com","password837","artist"
838,"name838","username838","email838@email.com","password838","artist"
839,"name839","username839","email839@email.com","password839","user"
840,"name840","username840","email840@email.com","password840","user"
841,"name841","username841","email841@email.com","password841","artist"
842,"name842","username842","email842@email.com","password842","artist"
843,"name843","username843","email843@email.com","password843","artist"
844,"name844","username844","email844@email.com","password844","artist"
845,"name845","username845","email845@email.com","password845","user"
846,"name846","username846","email846@email.com","password846","artist"
847,"name847","username847","email847@email.com","password847","artist"
848,"name848","username848","email848@email.com","password848","user"
849,"name849","username849","email849@email.com","password849","artist"
850,"name850","username850","email850@email.com","password850","artist"
851,"name851","username851","email851@email.com","password851","user"
852,"name852","username852","email852@email.com","password852","artist"
853,"name853","username853","email853@email.com","password853","artist"
854,"name854","username854","email854@email.com","password854","artist"
855,"name855","username855","email855@email.com","password855","user"
856,"name856","username856","email856@email.com","password856","artist"
857,"name857","username857","email857@email.com","password857","user"
858,"name858","username858","email858@email.com","password858","artist"
859,"name859","username859","email859@email.com","password859","artist"
860,"name860","username860","email860@email.com","password860","artist"
861,"name861","username861","email861@email.com","password861","user"
862,"name862","username862","email862@email.com","password862","artist"
863,"name863","username863","email863@email.com","password863","user"
864,"name864","username864","email864@email.com","password864","artist"
865,"name865","username865","email865@email.com","password865","artist"
866,"name866","username866","email866@email.com","password866","user"
867,"name867","username867","email867@email.com","password867","artist"
868,"name868","username868","email868@email.com","password868","user"
869,"name869","username869","email869@email.com","password869","user"
870,"name870","username870","email870@email.com","password870","artist"
871,"name871","username871","email871@email.com","password871","user"
872,"name872","username872","email872@email.com","password872","artist"
873,"name873","username873","email873@email.com","password873","user"
874,"name874","username874","email874@email.com","password874","user"
875,"name875","username875","email875@email.com","password875","user"
876,"name876","username876","email876@email.com","password876","user"
877,"name877","username877","email877@email.com","password877","user"
878,"name878","username878","email878@email.com","password878","artist"
879,"name879","username879","email879@email.com","password879","artist"
880,"name880","username880","email880@email.com","password880","artist"
881,"name881","username881","email881@email.com","password881","user"
882,"name882","username882","email882@email.com","password882","artist"
883,"name883","username883","email883@email.com","password883","artist"
884,"name884","username884","email884@email.com","password884","artist"
885,"name885","username885","email885@email.com","password885","artist"
886,"name886","username886","email886@email.com","password886","user"
887,"name887","username887","email887@email.com","password887","artist"
888,"name888","username888","email888@email.com","password888","artist"
889,"name889","username889","email889@email.com","password889","artist"
890,"name890","username890","email890@email.com","password890","user"
891,"name891","username891","email891@email.com","password891","artist"
892,"name892","username892","email892@email.com","password892","artist"
893,"name893","username893","email893@email.com","password893","user"
894,"name894","username894","email894@email.com","password894","artist"
895,"name895","username895","email895@email.com","password895","artist"
896,"name896","username896","email896@email.com","password896","artist"
897,"name897","username897","email897@email.com","password897","user"
898,"name898","username898","email898@email.com","password898","artist"
899,"name899","username899","email899@email.com","password899","artist"
900,"name900","username900","email900@email.com","password900","artist"
901,"name901","username901","email901@email.com","password901","user"
902,"name902","username902","email902@email.com","password902","user"
903,"name903","username903","email903@email.com","password903","user"
904,"name904","username904","email904@email.com","password904","user"
905,"name905","username905","email905@email.com","password905","artist"
906,"name906","username906","email906@email.com","password906","user"
907,"name907","username907","email907@email.com","password907","user"
908,"name908","username908","email908@email.com","password908","user"
909,"name909","username909","email909@email.com","password909","user"
910,"name910","username910","email910@email.com","password910","user"
911,"name911","username911","email911@email.com","password911","artist"
912,"name912","username912","email912@email.com","password912","artist"
913,"name913","username913","email913@email.com","password913","artist"
914,"name914","username914","email914@email.com","password914","user"
915,"name915","username915","email915@email.com","password915","artist"
916,"name916","username916","email916@email.com","password916","artist"
917,"name917","username917","email917@email.com","password917","user"
918,"name918","username918","email918@email.com","password918","user"
919,"name919","username919","email919@email.com","password919","artist"
920,"name920","username920","email920@email.com","password920","artist"
921,"name921","username921","email921@email.com","password921","user"
922,"name922","username922","email922@email.com","password922","artist"
923,"name923","username923","email923@email.com","password923","user"
924,"name924","username924","email924@email.com","password924","artist"
925,"name925","username925","email925@email.com","password925","artist"
926,"name926","username926","email926@email.com","password926","artist"
927,"name927","username927","email927@email.com","password927","user"
928,"name928","username928","email928@email.com","password928","artist"
929,"name929","username929","email929@email.com","password929","artist"
930,"name930","username930","email930@email.com","password930","artist"
931,"name931","username931","email931@email.com","password931","user"
932,"name932","username932","email932@email.com","password932","user"
933,"name933","username933","email933@email.com","password933","artist"
934,"name934","username934","email934@email.com","password934","artist"
935,"name935","username935","email935@email.com","password935","artist"
936,"name936","username936","email936@email.com","password936","user"
937,"name937","username937","email937@email.com","password937","artist"
938,"name938","username938","email938@email.com","password938","artist"
939,"name939","username939","email939@email.com","password939","user"
940,"name940","username940","email940@email.com","password940","user"
941,"name941","username941","email941@email.com","password941","artist"
942,"name942","username942","email942@email.com","password942","artist"
943,"name943","username943","email943@email.com","password943","artist"
944,"name944","username944","email944@email.com","password944","user"
945,"name945","username945","email945@email.com","password945","artist"
946,"name946","username946","email946@email.com","password946","artist"
947,"name947","username947","email947@email.com","password947","artist"
948,"name948","username948","email948@email.com","password948","artist"
949,"name949","username949","email949@email.com","password949","artist"
950,"name950","username950","email950@email.com","password950","user"
951,"name951","username951","email951@email.com","password951","user"
952,"name952","username952","email952@email.com","password952","user"
953,"name953","username953","email953@email.com","password953","user"
954,"name954","username954","email954@email.com","password954","artist"
955,"name955","username955","email955@email.com","password955","user"
956,"name956","username956","email956@email.com","password956","user"
957,"name957","username957","email957@email.com","password957","artist"
958,"name958","username958","email958@email.com","password958","artist"
959,"name959","username959","email959@email.com","password959","artist"
960,"name960","username960","email960@email.com","password960","artist"
961,"name961","username961","email961@email.com","password961","artist"
962,"name962","username962","email962@email.com","password962","artist"
963,"name963","username963","email963@email.com","password963","artist"
964,"name964","username964","email964@email.com","password964","artist"
965,"name965","username965","email965@email.com","password965","user"
966,"name966","username966","email966@email.com","password966","user"
967,"name967","username967","email967@email.com","password967","user"
968,"name968","username968","email968@email.com","password968","user"
969,"name969","username969","email969@email.com","password969","artist"
970,"name970","username970","email970@email.com","password970","user"
971,"name971","username971","email971@email.com","password971","artist"
972,"name972","username972","email972@email.com","password972","user"
973,"name973","username973","email973@email.com","password973","user"
974,"name974","username974","email974@email.com","password974","artist"
975,"name975","username975","email975@email.com","password975","artist"
976,"name976","username976","email976@email.com","password976","user"
977,"name977","username977","email977@email.com","password977","artist"
978,"name978","username978","email978@email.com","password978","user"
979,"name979","username979","email979@email.com","password979","artist"
980,"name980","username980","email980@email.com","password980","artist"
981,"name981","username981","email981@email.com","password981","user"
982,"name982","username982","email982@email.com","password982","user"
983,"name983","username983","email983@email.com","password983","artist"
984,"name984","username984","email984@email.com","password984","artist"
985,"name985","username985","email985@email.com","password985","artist"
986,"name986","username986","email986@email.com","password986","user"
987,"name987","username987","email987@email.com","password987","artist"
988,"name988","username988","email988@email.com","password988","artist"
989,"name989","username989","email989@email.com","password989","artist"
990,"name990","username990","email990@email.com","password990","artist"
991,"name991","username991","email991@email.com","password991","user"
992,"name992","username992","email992@email.com","password992","artist"
993,"name993","username993","email993@email.com","password993","user"
994,"name994","username994","email994@email.com","password994","user"
995,"name995","username995","email995@email.com","password995","user"
996,"name996","username996","email996@email.com","password996","user"
997,"name997","username997","email997@email.com","password997","user"
998,"name998","username998","email998@email.com","password998","user"
999,"name999","username999","email999@email.com","password999","user"
1000,"name1000","username1000","email1000@email.com","password1000","artist"
1001,"name1001","username1001","email1001@email.com","password1001","artist"
1002,"name1002","username1002","email1002@email.com","password1002","user"
1003,"name1003","username1003","email1003@email.com","password1003","artist"
1004,"name1004","username1004","email1004@email.com","password1004","artist"
1005,"name1005","username1005","email1005@email.com","password1005","user"
1006,"name1006","username1006","email1006@email.com","password1006","user"
1007,"name1007","username1007","email1007@email.com","password1007","artist"
1008,"name1008","username1008","email1008@email.com","password1008","user"
1009,"name1009","username1009","email1009@email.com","password1009","user"
1010,"name1010","username1010","email1010@email.com","password1010","artist"
1011,"name1011","username1011","email1011@email.com","password1011","artist"
1012,"name1012","username1012","email1012@email.com","password1012","user"
1013,"name1013","username1013","email1013@email.com","password1013","artist"
1014,"name1014","username1014","email1014@email.com","password1014","user"
1015,"name1015","username1015","email1015@email.com","password1015","artist"
1016,"name1016","username1016","email1016@email.com","password1016","artist"
1017,"name1017","username1017","email1017@email.com","password1017","user"
1018,"name1018","username1018","email1018@email.com","password1018","artist"
1019,"name1019","username1019","email1019@email.com","password1019","artist"
1020,"name1020","username1020","email1020@email.com","password1020","artist"
1021,"name1021","username1021","email1021@email.com","password1021","artist"
1022,"name1022","username1022","email1022@email.com","password1022","user"
1023,"name1023","username1023","email1023@email.com","password1023","user"
1024,"name1024","username1024","email1024@email.com","password1024","artist"
1025,"name1025","username1025","email1025@email.com","password1025","artist"
1026,"name1026","username1026","email1026@email.com","password1026","artist"
1027,"name1027","username1027","email1027@email.com","password1027","artist"
1028,"name1028","username1028","email1028@email.com","password1028","artist"
1029,"name1029","username1029","email1029@email.com","password1029","artist"
1030,"name1030","username1030","email1030@email.com","password1030","artist"
1031,"name1031","username1031","email1031@email.com","password1031","user"
1032,"name1032","username1032","email1032@email.com","password1032","artist"
1033,"name1033","username1033","email1033@email.com","password1033","user"
1034,"name1034","username1034","email1034@email.com","password1034","user"
1035,"name1035","username1035","email1035@email.com","password1035","user"
1036,"name1036","username1036","email1036@email.com","password1036","user"
1037,"name1037","username1037","email1037@email.com","password1037","artist"
1038,"name1038","username1038","email1038@email.com","password1038","artist"
1039,"name1039","username1039","email1039@email.com","password1039","user"
1040,"name1040","username1040","email1040@email.com","password1040","user"
1041,"name1041","username1041","email1041@email.com","password1041","artist"
1042,"name1042","username1042","email1042@email.com","password1042","user"
1043,"name1043","username1043","email1043@email.com","password1043","artist"
1044,"name1044","username1044","email1044@email.com","password1044","user"
1045,"name1045","username1045","email1045@email.com","password1045","user"
1046,"name1046","username1046","email1046@email.com","password1046","artist"
1047,"name1047","username1047","email1047@email.com","password1047","user"
1048,"name1048","username1048","email1048@email.com","password1048","artist"
1049,"name1049","username1049","email1049@email.com","password1049","user"
1050,"name1050","username1050","email1050@email.com","password1050","artist"
1051,"name1051","username1051","email1051@email.com","password1051","user"
1052,"name1052","username1052","email1052@email.com","password1052","artist"
1053,"name1053","username1053","email1053@email.com","password1053","user"
1054,"name1054","username1054","email1054@email.com","password1054","user"
1055,"name1055","username1055","email1055@email.com","password1055","user"
1056,"name1056","username1056","email1056@email.com","password1056","artist"
1057,"name1057","username1057","email1057@email.com","password1057","user"
1058,"name1058","username1058","email1058@email.com","password1058","user"
1059,"name1059","username1059","email1059@email.com","password1059","user"
1060,"name1060","username1060","email1060@email.com","password1060","user"
1061,"name1061","username1061","email1061@email.com","password1061","user"
1062,"name1062","username1062","email1062@email.com","password1062","artist"
1063,"name1063","username1063","email1063@email.com","password1063","artist"
1064,"name1064","username1064","email1064@email.com","password1064","artist"
1065,"name1065","username1065","email1065@email.com","password1065","artist"
1066,"name1066","username1066","email1066@email.com","password1066","user"
1067,"name1067","username1067","email1067@email.com","password1067","user"
1068,"name1068","username1068","email1068@email.com","password1068","user"
1069,"name1069","username1069","email1069@email.com","password1069","user"
1070,"name1070","username1070","email1070@email.com","password1070","artist"
1071,"name1071","username1071","email1071@email.com","password1071","user"
1072,"name1072","username1072","email1072@email.com","password1072","user"
1073,"name1073","username1073","email1073@email.com","password1073","artist"
1074,"name1074","username1074","email1074@email.com","password1074","user"
1075,"name1075","username1075","email1075@email.com","password1075","artist"
1076,"name1076","username1076","email1076@email.com","password1076","user"
1077,"name1077","username1077","email1077@email.com","password1077","user"
1078,"name1078","username1078","email1078@email.com","password1078","artist"
1079,"name1079","username1079","email1079@email.com","password1079","user"
1080,"name1080","username1080","email1080@email.com","password1080","artist"
1081,"name1081","username1081","email1081@email.com","password1081","artist"
1082,"name1082","username1082","email1082@email.com","password1082","artist"
1083,"name1083","username1083","email1083@email.com","password1083","artist"
1084,"name1084","username1084","email1084@email.com","password1084","user"
1085,"name1085","username1085","email1085@email.com","password1085","artist"
1086,"name1086","username1086","email1086@email.com","password1086","artist"
1087,"name1087","username1087","email1087@email.com","password1087","user"
1088,"name1088","username1088","email1088@email.com","password1088","user"
1089,"name1089","username1089","email1089@email.com","password1089","user"
1090,"name1090","username1090","email1090@email.com","password1090","user"
1091,"name1091","username1091","email1091@email.com","password1091","user"
1092,"name1092","username1092","email1092@email.com","password1092","artist"
1093,"name1093","username1093","email1093@email.com","password1093","user"
1094,"name1094","username1094","email1094@email.com","password1094","user"
1095,"name1095","username1095","email1095@email.com","password1095","artist"
1096,"name1096","username1096","email1096@email.com","password1096","artist"
1097,"name1097","username1097","email1097@email.com","password1097","user"
1098,"name1098","username1098","email1098@email.com","password1098","user"
1099,"name1099","username1099","email1099@email.com","password1099","user"
1100,"name1100","username1100","email1100@email.com","password1100","artist"
1101,"name1101","username1101","email1101@email.com","password1101","artist"
1102,"name1102","username1102","email1102@email.com","password1102","user"
1103,"name1103","username1103","email1103@email.com","password1103","artist"
1104,"name1104","username1104","email1104@email.com","password1104","artist"
1105,"name1105","username1105","email1105@email.com","password1105","user"
1106,"name1106","username1106","email1106@email.com","password1106","user"
1107,"name1107","username1107","email1107@email.com","password1107","artist"
1108,"name1108","username1108","email1108@email.com","password1108","artist"
1109,"name1109","username1109","email1109@email.com","password1109","artist"
1110,"name1110","username1110","email1110@email.com","password1110","user"
1111,"name1111","username1111","email1111@email.com","password1111","user"
1112,"name1112","username1112","email1112@email.com","password1112","artist"
1113,"name1113","username1113","email1113@email.com","password1113","artist"
1114,"name1114","username1114","email1114@email.com","password1114","artist"
1115,"name1115","username1115","email1115@email.com","password1115","user"
1116,"name1116","username1116","email1116@email.com","password1116","artist"
1117,"name1117","username1117","email1117@email.com","password1117","user"
1118,"name1118","username1118","email1118@email.com","password1118","user"
1119,"name1119","username1119","email1119@email.com","password1119","artist"
1120,"name1120","username1120","email1120@email.com","password1120","artist"
1121,"name1121","username1121","email1121@email.com","password1121","artist"
1122,"name1122","username1122","email1122@email.com","password1122","artist"
1123,"name1123","username1123","email1123@email.com","password1123","user"
1124,"name1124","username1124","email1124@email.com","password1124","artist"
1125,"name1125","username1125","email1125@email.com","password1125","user"
1126,"name1126","username1126","email1126@email.com","password1126","user"
1127,"name1127","username1127","email1127@email.com","password1127","artist"
1128,"name1128","username1128","email1128@email.com","password1128","user"
1129,"name1129","username1129","email1129@email.com","password1129","artist"
1130,"name1130","username1130","email1130@email.com","password1130","artist"
1131,"name1131","username1131","email1131@email.com","password1131","artist"
1132,"name1132","username1132","email1132@email.com","password1132","user"
1133,"name1133","username1133","email1133@email.com","password1133","artist"
1134,"name1134","username1134","email1134@email.com","password1134","artist"
1135,"name1135","username1135","email1135@email.com","password1135","user"
1136,"name1136","username1136","email1136@email.com","password1136","artist"
1137,"name1137","username1137","email1137@email.com","password1137","user"
1138,"name1138","username1138","email1138@email.com","password1138","artist"
1139,"name1139","username1139","email1139@email.com","password1139","user"
1140,"name1140","username1140","email1140@email.com","password1140","user"
1141,"name1141","username1141","email1141@email.com","password1141","user"
1142,"name1142","username1142","email1142@email.com","password1142","user"
1143,"name1143","username1143","email1143@email.com","password1143","user"
1144,"name1144","username1144","email1144@email.com","password1144","user"
1145,"name1145","username1145","email1145@email.com","password1145","artist"
1146,"name1146","username1146","email1146@email.com","password1146","artist"
1147,"name1147","username1147","email1147@email.com","password1147","user"
1148,"name1148","username1148","email1148@email.com","password1148","user"
1149,"name1149","username1149","email1149@email.com","password1149","user"
1150,"name1150","username1150","email1150@email.com","password1150","user"
1151,"name1151","username1151","email1151@email.com","password1151","user"
1152,"name1152","username1152","email1152@email.com","password1152","artist"
1153,"name1153","username1153","email1153@email.com","password1153","user"
1154,"name1154","username1154","email1154@email.com","password1154","artist"
1155,"name1155","username1155","email1155@email.com","password1155","user"
1156,"name1156","username1156","email1156@email.com","password1156","artist"
1157,"name1157","username1157","email1157@email.com","password1157","user"
1158,"name1158","username1158","email1158@email.com","password1158","artist"
1159,"name1159","username1159","email1159@email.com","password1159","artist"
1160,"name1160","username1160","email1160@email.com","password1160","artist"
1161,"name1161","username1161","email1161@email.com","password1161","artist"
1162,"name1162","username1162","email1162@email.com","password1162","user"
1163,"name1163","username1163","email1163@email.com","password1163","user"
1164,"name1164","username1164","email1164@email.com","password1164","artist"
1165,"name1165","username1165","email1165@email.com","password1165","artist"
1166,"name1166","username1166","email1166@email.com","password1166","artist"
1167,"name1167","username1167","email1167@email.com","password1167","user"
1168,"name1168","username1168","email1168@email.com","password1168","artist"
1169,"name1169","username1169","email1169@email.com","password1169","artist"
1170,"name1170","username1170","email1170@email.com","password1170","artist"
1171,"name1171","username1171","email1171@email.com","password1171","artist"
1172,"name1172","username1172","email1172@email.com","password1172","artist"
1173,"name1173","username1173","email1173@email.com","password1173","artist"
1174,"name1174","username1174","email1174@email.com","password1174","user"
1175,"name1175","username1175","email1175@email.com","password1175","artist"
1176,"name1176","username1176","email1176@email.com","password1176","user"
1177,"name1177","username1177","email1177@email.com","password1177","artist"
1178,"name1178","username1178","email1178@email.com","password1178","artist"
1179,"name1179","username1179","email1179@email.com","password1179","artist"
1180,"name1180","username1180","email1180@email.com","password1180","artist"
1181,"name1181","username1181","email1181@email.com","password1181","user"
1182,"name1182","username1182","email1182@email.com","password1182","user"
1183,"name1183","username1183","email1183@email.com","password1183","artist"
1184,"name1184","username1184","email1184@email.com","password1184","artist"
1185,"name1185","username1185","email1185@email.com","password1185","user"
1186,"name1186","username1186","email1186@email.com","password1186","user"
1187,"name1187","username1187","email1187@email.com","password1187","artist"
1188,"name1188","username1188","email1188@email.com","password1188","artist"
1189,"name1189","username1189","email1189@email.com","password1189","artist"
1190,"name1190","username1190","email1190@email.com","password1190","user"
1191,"name1191","username1191","email1191@email.com","password1191","artist"
1192,"name1192","username1192","email1192@email.com","password1192","artist"
1193,"name1193","username1193","email1193@email.com","password1193","artist"
1194,"name1194","username1194","email1194@email.com","password1194","artist"
1195,"name1195","username1195","email1195@email.com","password1195","user"
1196,"name1196","username1196","email1196@email.com","password1196","user"
1197,"name1197","username1197","email1197@email.com","password1197","artist"
1198,"name1198","username1198","email1198@email.com","password1198","artist"
1199,"name1199","username1199","email1199@email.com","password1199","artist"
1200,"name1200","username1200","email1200@email.com","password1200","artist"
1201,"name1201","username1201","email1201@email.com","password1201","artist"
1202,"name1202","username1202","email1202@email.com","password1202","artist"
1203,"name1203","username1203","email1203@email.com","password1203","artist"
1204,"name1204","username1204","email1204@email.com","password1204","artist"
1205,"name1205","username1205","email1205@email.com","password1205","artist"
1206,"name1206","username1206","email1206@email.com","password1206","user"
1207,"name1207","username1207","email1207@email.com","password1207","user"
1208,"name1208","username1208","email1208@email.com","password1208","artist"
1209,"name1209","username1209","email1209@email.com","password1209","user"
1210,"name1210","username1210","email1210@email.com","password1210","user"
1211,"name1211","username1211","email1211@email.com","password1211","user"
1212,"name1212","username1212","email1212@email.com","password1212","user"
1213,"name1213","username1213","email1213@email.com","password1213","artist"
1214,"name1214","username1214","email1214@email.com","password1214","artist"
1215,"name1215","username1215","email1215@email.com","password1215","user"
1216,"name1216","username1216","email1216@email.com","password1216","user"
1217,"name1217","username1217","email1217@email.com","password1217","user"
1218,"name1218","username1218","email1218@email.com","password1218","user"
1219,"name1219","username1219","email1219@email.com","password1219","user"
1220,"name1220","username1220","email1220@email.com","password1220","artist"
1221,"name1221","username1221","email1221@email.com","password1221","user"
1222,"name1222","username1222","email1222@email.com","password1222","user"
1223,"name1223","username1223","email1223@email.com","password1223","user"
1224,"name1224","username1224","email1224@email.com","password1224","user"
1225,"name1225","username1225","email1225@email.com","password1225","user"
1226,"name1226","username1226","email1226@email.com","password1226","user"
1227,"name1227","username1227","email1227@email.com","password1227","user"
1228,"name1228","username1228","email1228@email.com","password1228","artist"
1229,"name1229","username1229","email1229@email.com","password1229","user"
1230,"name1230","username1230","email1230@email.com","password1230","user"
1231,"name1231","username1231","email1231@email.com","password1231","user"
1232,"name1232","username1232","email1232@email.com","password1232","user"
1233,"name1233","username1233","email1233@email.com","password1233","user"
1234,"name1234","username1234","email1234@email.com","password1234","user"
1235,"name1235","username1235","email1235@email.com","password1235","artist"
1236,"name1236","username1236","email1236@email.com","password1236","user"
1237,"name1237","username1237","email1237@email.com","password1237","user"
1238,"name1238","username1238","email1238@email.com","password1238","artist"
1239,"name1239","username1239","email1239@email.com","password1239","user"
1240,"name1240","username1240","email1240@email.com","password1240","artist"
1241,"name1241","username1241","email1241@email.com","password1241","artist"
1242,"name1242","username1242","email1242@email.com","password1242","user"
1243,"name1243","username1243","email1243@email.com","password1243","user"
1244,"name1244","username1244","email1244@email.com","password1244","artist"
1245,"name1245","username1245","email1245@email.com","password1245","user"
1246,"name1246","username1246","email1246@email.com","password1246","user"
1247,"name1247","username1247","email1247@email.com","password1247","user"
1248,"name1248","username1248","email1248@email.com","password1248","user"
1249,"name1249","username1249","email1249@email.com","password1249","artist"
1250,"name1250","username1250","email1250@email.com","password1250","artist"
1251,"name1251","username1251","email1251@email.com","password1251","user"
1252,"name1252","username1252","email1252@email.com","password1252","artist"
1253,"name1253","username1253","email1253@email.com","password1253","artist"
1254,"name1254","username1254","email1254@email.com","password1254","artist"
1255,"name1255","username1255","email1255@email.com","password1255","artist"
1256,"name1256","username1256","email1256@email.com","password1256","artist"
1257,"name1257","username1257","email1257@email.com","password1257","artist"
1258,"name1258","username1258","email1258@email.com","password1258","artist"
1259,"name1259","username1259","email1259@email.com","password1259","user"
1260,"name1260","username1260","email1260@email.com","password1260","artist"
1261,"name1261","username1261","email1261@email.com","password1261","user"
1262,"name1262","username1262","email1262@email.com","password1262","user"
1263,"name1263","username1263","email1263@email.com","password1263","user"
1264,"name1264","username1264","email1264@email.com","password1264","user"
1265,"name1265","username1265","email1265@email.com","password1265","user"
1266,"name1266","username1266","email1266@email.com","password1266","artist"
1267,"name1267","username1267","email1267@email.com","password1267","user"
1268,"name1268","username1268","email1268@email.com","password1268","artist"
1269,"name1269","username1269","email1269@email.com","password1269","artist"
1270,"name1270","username1270","email1270@email.com","password1270","artist"
1271,"name1271","username1271","email1271@email.com","password1271","artist"
1272,"name1272","username1272","email1272@email.com","password1272","artist"
1273,"name1273","username1273","email1273@email.com","password1273","artist"
1274,"name1274","username1274","email1274@email.com","password1274","user"
1275,"name1275","username1275","email1275@email.com","password1275","user"
1276,"name1276","username1276","email1276@email.com","password1276","artist"
1277,"name1277","username1277","email1277@email.com","password1277","artist"
1278,"name1278","username1278","email1278@email.com","password1278","artist"
1279,"name1279","username1279","email1279@email.com","password1279","user"
1280,"name1280","username1280","email1280@email.com","password1280","user"
1281,"name1281","username1281","email1281@email.com","password1281","artist"
1282,"name1282","username1282","email1282@email.com","password1282","artist"
1283,"name1283","username1283","email1283@email.com","password1283","artist"
1284,"name1284","username1284","email1284@email.com","password1284","artist"
1285,"name1285","username1285","email1285@email.com","password1285","user"
1286,"name1286","username1286","email1286@email.com","password1286","user"
1287,"name1287","username1287","email1287@email.com","password1287","artist"
1288,"name1288","username1288","email1288@email.com","password1288","user"
1289,"name1289","username1289","email1289@email.com","password1289","artist"
1290,"name1290","username1290","email1290@email.com","password1290","artist"
1291,"name1291","username1291","email1291@email.com","password1291","artist"
1292,"name1292","username1292","email1292@email.com","password1292","artist"
1293,"name1293","username1293","email1293@email.com","password1293","user"
1294,"name1294","username1294","email1294@email.com","password1294","artist"
1295,"name1295","username1295","email1295@email.com","password1295","artist"
1296,"name1296","username1296","email1296@email.com","password1296","user"
1297,"name1297","username1297","email1297@email.com","password1297","user"
1298,"name1298","username1298","email1298@email.com","password1298","artist"
1299,"name1299","username1299","email1299@email.com","password1299","user"
1300,"name1300","username1300","email1300@email.com","password1300","artist"
1301,"name1301","username1301","email1301@email.com","password1301","user"
1302,"name1302","username1302","email1302@email.com","password1302","artist"
1303,"name1303","username1303","email1303@email.com","password1303","user"
1304,"name1304","username1304","email1304@email.com","password1304","artist"
1305,"name1305","username1305","email1305@email.com","password1305","user"
1306,"name1306","username1306","email1306@email.com","password1306","artist"
1307,"name1307","username1307","email1307@email.com","password1307","artist"
1308,"name1308","username1308","email1308@email.com","password1308","artist"
1309,"name1309","username1309","email1309@email.com","password1309","artist"
1310,"name1310","username1310","email1310@email.com","password1310","user"
1311,"name1311","username1311","email1311@email.com","password1311","artist"
1312,"name1312","username1312","email1312@email.com","password1312","user"
1313,"name1313","username1313","email1313@email.com","password1313","user"
1314,"name1314","username1314","email1314@email.com","password1314","artist"
1315,"name1315","username1315","email1315@email.com","password1315","user"
1316,"name1316","username1316","email1316@email.com","password1316","user"
1317,"name1317","username1317","email1317@email.com","password1317","user"
1318,"name1318","username1318","email1318@email.com","password1318","artist"
1319,"name1319","username1319","email1319@email.com","password1319","user"
1320,"name1320","username1320","email1320@email.com","password1320","artist"
1321,"name1321","username1321","email1321@email.com","password1321","user"
1322,"name1322","username1322","email1322@email.com","password1322","user"
1323,"name1323","username1323","email1323@email.com","password1323","user"
1324,"name1324","username1324","email1324@email.com","password1324","artist"
1325,"name1325","username1325","email1325@email.com","password1325","artist"
1326,"name1326","username1326","email1326@email.com","password1326","user"
1327,"name1327","username1327","email1327@email.com","password1327","artist"
1328,"name1328","username1328","email1328@email.com","password1328","artist"
1329,"name1329","username1329","email1329@email.com","password1329","artist"
1330,"name1330","username1330","email1330@email.com","password1330","artist"
1331,"name1331","username1331","email1331@email.com","password1331","user"
1332,"name1332","username1332","email1332@email.com","password1332","user"
1333,"name1333","username1333","email1333@email.com","password1333","user"
1334,"name1334","username1334","email1334@email.com","password1334","artist"
1335,"name1335","username1335","email1335@email.com","password1335","artist"
1336,"name1336","username1336","email1336@email.com","password1336","artist"
1337,"name1337","username1337","email1337@email.com","password1337","user"
1338,"name1338","username1338","email1338@email.com","password1338","artist"
1339,"name1339","username1339","email1339@email.com","password1339","artist"
1340,"name1340","username1340","email1340@email.com","password1340","user"
1341,"name1341","username1341","email1341@email.com","password1341","user"
1342,"name1342","username1342","email1342@email.com","password1342","artist"
1343,"name1343","username1343","email1343@email.com","password1343","artist"
1344,"name1344","username1344","email1344@email.com","password1344","user"
1345,"name1345","username1345","email1345@email.com","password1345","artist"
1346,"name1346","username1346","email1346@email.com","password1346","artist"
1347,"name1347","username1347","email1347@email.com","password1347","user"
1348,"name1348","username1348","email1348@email.com","password1348","artist"
1349,"name1349","username1349","email1349@email.com","password1349","user"
1350,"name1350","username1350","email1350@email.com","password1350","user"
1351,"name1351","username1351","email1351@email.com","password1351","artist"
1352,"name1352","username1352","email1352@email.com","password1352","artist"
1353,"name1353","username1353","email1353@email.com","password1353","artist"
1354,"name1354","username1354","email1354@email.com","password1354","artist"
1355,"name1355","username1355","email1355@email.com","password1355","artist"
1356,"name1356","username1356","email1356@email.com","password1356","user"
1357,"name1357","username1357","email1357@email.com","password1357","artist"
1358,"name1358","username1358","email1358@email.com","password1358","user"
1359,"name1359","username1359","email1359@email.com","password1359","artist"
1360,"name1360","username1360","email1360@email.com","password1360","artist"
1361,"name1361","username1361","email1361@email.com","password1361","artist"
1362,"name1362","username1362","email1362@email.com","password1362","user"
1363,"name1363","username1363","email1363@email.com","password1363","user"
1364,"name1364","username1364","email1364@email.com","password1364","user"
1365,"name1365","username1365","email1365@email.com","password1365","user"
1366,"name1366","username1366","email1366@email.com","password1366","artist"
1367,"name1367","username1367","email1367@email.com","password1367","user"
1368,"name1368","username1368","email1368@email.com","password1368","user"
1369,"name1369","username1369","email1369@email.com","password1369","artist"
1370,"name1370","username1370","email1370@email.com","password1370","user"
1371,"name1371","username1371","email1371@email.com","password1371","artist"
1372,"name1372","username1372","email1372@email.com","password1372","user"
1373,"name1373","username1373","email1373@email.com","password1373","artist"
1374,"name1374","username1374","email1374@email.com","password1374","artist"
1375,"name1375","username1375","email1375@email.com","password1375","artist"
1376,"name1376","username1376","email1376@email.com","password1376","artist"
1377,"name1377","username1377","email1377@email.com","password1377","user"
1378,"name1378","username1378","email1378@email.com","password1378","user"
1379,"name1379","username1379","email1379@email.com","password1379","user"
1380,"name1380","username1380","email1380@email.com","password1380","user"
1381,"name1381","username1381","email1381@email.com","password1381","artist"
1382,"name1382","username1382","email1382@email.com","password1382","artist"
1383,"name1383","username1383","email1383@email.com","password1383","user"
1384,"name1384","username1384","email1384@email.com","password1384","artist"
1385,"name1385","username1385","email1385@email.com","password1385","user"
1386,"name1386","username1386","email1386@email.com","password1386","artist"
1387,"name1387","username1387","email1387@email.com","password1387","artist"
1388,"name1388","username1388","email1388@email.com","password1388","artist"
1389,"name1389","username1389","email1389@email.com","password1389","artist"
1390,"name1390","username1390","email1390@email.com","password1390","artist"
1391,"name1391","username1391","email1391@email.com","password1391","user"
1392,"name1392","username1392","email1392@email.com","password1392","user"
1393,"name1393","username1393","email1393@email.com","password1393","user"
1394,"name1394","username1394","email1394@email.com","password1394","artist"
1395,"name1395","username1395","email1395@email.com","password1395","user"
1396,"name1396","username1396","email1396@email.com","password1396","user"
1397,"name1397","username1397","email1397@email.com","password1397","artist"
1398,"name1398","username1398","email1398@email.com","password1398","user"
1399,"name1399","username1399","email1399@email.com","password1399","user"
1400,"name1400","username1400","email1400@email.com","password1400","user"
1401,"name1401","username1401","email1401@email.com","password1401","artist"
1402,"name1402","username1402","email1402@email.com","password1402","artist"
1403,"name1403","username1403","email1403@email.com","password1403","artist"
1404,"name1404","username1404","email1404@email.com","password1404","artist"
1405,"name1405","username1405","email1405@email.com","password1405","user"
1406,"name1406","username1406","email1406@email.com","password1406","artist"
1407,"name1407","username1407","email1407@email.com","password1407","user"
1408,"name1408","username1408","email1408@email.com","password1408","user"
1409,"name1409","username1409","email1409@email.com","password1409","artist"
1410,"name1410","username1410","email1410@email.com","password1410","artist"
1411,"name1411","username1411","email1411@email.com","password1411","user"
1412,"name1412","username1412","email1412@email.com","password1412","artist"
1413,"name1413","username1413","email1413@email.com","password1413","user"
1414,"name1414","username1414","email1414@email.com","password1414","artist"
1415,"name1415","username1415","email1415@email.com","password1415","user"
1416,"name1416","username1416","email1416@email.com","password1416","artist"
1417,"name1417","username1417","email1417@email.com","password1417","user"
1418,"name1418","username1418","email1418@email.com","password1418","artist"
1419,"name1419","username1419","email1419@email.com","password1419","user"
1420,"name1420","username1420","email1420@email.com","password1420","artist"
1421,"name1421","username1421","email1421@email.com","password1421","user"
1422,"name1422","username1422","email1422@email.com","password1422","artist"
1423,"name1423","username1423","email1423@email.com","password1423","artist"
1424,"name1424","username1424","email1424@email.com","password1424","user"
1425,"name1425","username1425","email1425@email.com","password1425","user"
1426,"name1426","username1426","email1426@email.com","password1426","artist"
1427,"name1427","username1427","email1427@email.com","password1427","artist"
1428,"name1428","username1428","email1428@email.com","password1428","artist"
1429,"name1429","username1429","email1429@email.com","password1429","user"
1430,"name1430","username1430","email1430@email.com","password1430","user"
1431,"name1431","username1431","email1431@email.com","password1431","artist"
1432,"name1432","username1432","email1432@email.com","password1432","artist"
1433,"name1433","username1433","email1433@email.com","password1433","artist"
1434,"name1434","username1434","email1434@email.com","password1434","artist"
1435,"name1435","username1435","email1435@email.com","password1435","artist"
1436,"name1436","username1436","email1436@email.com","password1436","user"
1437,"name1437","username1437","email1437@email.com","password1437","artist"
1438,"name1438","username1438","email1438@email.com","password1438","user"
1439,"name1439","username1439","email1439@email.com","password1439","user"
1440,"name1440","username1440","email1440@email.com","password1440","user"
1441,"name1441","username1441","email1441@email.com","password1441","user"
1442,"name1442","username1442","email1442@email.com","password1442","user"
1443,"name1443","username1443","email1443@email.com","password1443","artist"
1444,"name1444","username1444","email1444@email.com","password1444","artist"
1445,"name1445","username1445","email1445@email.com","password1445","user"
1446,"name1446","username1446","email1446@email.com","password1446","artist"
1447,"name1447","username1447","email1447@email.com","password1447","user"
1448,"name1448","username1448","email1448@email.com","password1448","artist"
1449,"name1449","username1449","email1449@email.com","password1449","artist"
1450,"name1450","username1450","email1450@email.com","password1450","artist"
1451,"name1451","username1451","email1451@email.com","password1451","artist"
1452,"name1452","username1452","email1452@email.com","password1452","user"
1453,"name1453","username1453","email1453@email.com","password1453","user"
1454,"name1454","username1454","email1454@email.com","password1454","artist"
1455,"name1455","username1455","email1455@email.com","password1455","artist"
1456,"name1456","username1456","email1456@email.com","password1456","artist"
1457,"name1457","username1457","email1457@email.com","password1457","artist"
1458,"name1458","username1458","email1458@email.com","password1458","user"
1459,"name1459","username1459","email1459@email.com","password1459","artist"
1460,"name1460","username1460","email1460@email.com","password1460","artist"
1461,"name1461","username1461","email1461@email.com","password1461","artist"
1462,"name1462","username1462","email1462@email.com","password1462","artist"
1463,"name1463","username1463","email1463@email.com","password1463","artist"
1464,"name1464","username1464","email1464@email.com","password1464","artist"
1465,"name1465","username1465","email1465@email.com","password1465","artist"
1466,"name1466","username1466","email1466@email.com","password1466","artist"
1467,"name1467","username1467","email1467@email.com","password1467","user"
1468,"name1468","username1468","email1468@email.com","password1468","user"
1469,"name1469","username1469","email1469@email.com","password1469","artist"
1470,"name1470","username1470","email1470@email.com","password1470","artist"
1471,"name1471","username1471","email1471@email.com","password1471","user"
1472,"name1472","username1472","email1472@email.com","password1472","artist"
1473,"name1473","username1473","email1473@email.com","password1473","artist"
1474,"name1474","username1474","email1474@email.com","password1474","user"
1475,"name1475","username1475","email1475@email.com","password1475","artist"
1476,"name1476","username1476","email1476@email.com","password1476","user"
1477,"name1477","username1477","email1477@email.com","password1477","user"
1478,"name1478","username1478","email1478@email.com","password1478","artist"
1479,"name1479","username1479","email1479@email.com","password1479","user"
1480,"name1480","username1480","email1480@email.com","password1480","artist"
1481,"name1481","username1481","email1481@email.com","password1481","artist"
1482,"name1482","username1482","email1482@email.com","password1482","artist"
1483,"name1483","username1483","email1483@email.com","password1483","user"
1484,"name1484","username1484","email1484@email.com","password1484","user"
1485,"name1485","username1485","email1485@email.com","password1485","user"
1486,"name1486","username1486","email1486@email.com","password1486","artist"
1487,"name1487","username1487","email1487@email.com","password1487","user"
1488,"name1488","username1488","email1488@email.com","password1488","user"
1489,"name1489","username1489","email1489@email.com","password1489","artist"
1490,"name1490","username1490","email1490@email.com","password1490","artist"
1491,"name1491","username1491","email1491@email.com","password1491","user"
1492,"name1492","username1492","email1492@email.com","password1492","artist"
1493,"name1493","username1493","email1493@email.com","password1493","artist"
1494,"name1494","username1494","email1494@email.com","password1494","user"
1495,"name1495","username1495","email1495@email.com","password1495","user"
1496,"name1496","username1496","email1496@email.com","password1496","user"
1497,"name1497","username1497","email1497@email.com","password1497","artist"
1498,"name1498","username1498","email1498@email.com","password1498","user"
1499,"name1499","username1499","email1499@email.com","password1499","artist"
1500,"name1500","username1500","email1500@email.com","password1500","artist"
1501,"name1501","username1501","email1501@email.com","password1501","artist"
1502,"name1502","username1502","email1502@email.com","password1502","user"
1503,"name1503","username1503","email1503@email.com","password1503","user"
1504,"name1504","username1504","email1504@email.com","password1504","artist"
1505,"name1505","username1505","email1505@email.com","password1505","user"
1506,"name1506","username1506","email1506@email.com","password1506","user"
1507,"name1507","username1507","email1507@email.com","password1507","artist"
1508,"name1508","username1508","email1508@email.com","password1508","artist"
1509,"name1509","username1509","email1509@email.com","password1509","artist"
1510,"name1510","username1510","email1510@email.com","password1510","artist"
1511,"name1511","username1511","email1511@email.com","password1511","user"
1512,"name1512","username1512","email1512@email.com","password1512","user"
1513,"name1513","username1513","email1513@email.com","password1513","user"
1514,"name1514","username1514","email1514@email.com","password1514","user"
1515,"name1515","username1515","email1515@email.com","password1515","artist"
1516,"name1516","username1516","email1516@email.com","password1516","artist"
1517,"name1517","username1517","email1517@email.com","password1517","artist"
1518,"name1518","username1518","email1518@email.com","password1518","artist"
1519,"name1519","username1519","email1519@email.com","password1519","artist"
1520,"name1520","username1520","email1520@email.com","password1520","artist"
1521,"name1521","username1521","email1521@email.com","password1521","artist"
1522,"name1522","username1522","email1522@email.com","password1522","artist"
1523,"name1523","username1523","email1523@email.com","password1523","user"
1524,"name1524","username1524","email1524@email.com","password1524","artist"
1525,"name1525","username1525","email1525@email.com","password1525","artist"
1526,"name1526","username1526","email1526@email.com","password1526","artist"
1527,"name1527","username1527","email1527@email.com","password1527","user"
1528,"name1528","username1528","email1528@email.com","password1528","artist"
1529,"name1529","username1529","email1529@email.com","password1529","user"
1530,"name1530","username1530","email1530@email.com","password1530","artist"
1531,"name1531","username1531","email1531@email.com","password1531","artist"
1532,"name1532","username1532","email1532@email.com","password1532","artist"
1533,"name1533","username1533","email1533@email.com","password1533","user"
1534,"name1534","username1534","email1534@email.com","password1534","user"
1535,"name1535","username1535","email1535@email.com","password1535","artist"
1536,"name1536","username1536","email1536@email.com","password1536","artist"
1537,"name1537","username1537","email1537@email.com","password1537","artist"
1538,"name1538","username1538","email1538@email.com","password1538","artist"
1539,"name1539","username1539","email1539@email.com","password1539","user"
1540,"name1540","username1540","email1540@email.com","password1540","user"
1541,"name1541","username1541","email1541@email.com","password1541","user"
1542,"name1542","username1542","email1542@email.com","password1542","artist"
1543,"name1543","username1543","email1543@email.com","password1543","user"
1544,"name1544","username1544","email1544@email.com","password1544","user"
1545,"name1545","username1545","email1545@email.com","password1545","user"
1546,"name1546","username1546","email1546@email.com","password1546","artist"
1547,"name1547","username1547","email1547@email.com","password1547","artist"
1548,"name1548","username1548","email1548@email.com","password1548","user"
1549,"name1549","username1549","email1549@email.com","password1549","user"
1550,"name1550","username1550","email1550@email.com","password1550","user"
1551,"name1551","username1551","email1551@email.com","password1551","user"
1552,"name1552","username1552","email1552@email.com","password1552","artist"
1553,"name1553","username1553","email1553@email.com","password1553","artist"
1554,"name1554","username1554","email1554@email.com","password1554","user"
1555,"name1555","username1555","email1555@email.com","password1555","user"
1556,"name1556","username1556","email1556@email.com","password1556","artist"
1557,"name1557","username1557","email1557@email.com","password1557","artist"
1558,"name1558","username1558","email1558@email.com","password1558","artist"
1559,"name1559","username1559","email1559@email.com","password1559","user"
1560,"name1560","username1560","email1560@email.com","password1560","artist"
1561,"name1561","username1561","email1561@email.com","password1561","artist"
1562,"name1562","username1562","email1562@email.com","password1562","user"
1563,"name1563","username1563","email1563@email.com","password1563","user"
1564,"name1564","username1564","email1564@email.com","password1564","artist"
1565,"name1565","username1565","email1565@email.com","password1565","user"
1566,"name1566","username1566","email1566@email.com","password1566","user"
1567,"name1567","username1567","email1567@email.com","password1567","artist"
1568,"name1568","username1568","email1568@email.com","password1568","artist"
1569,"name1569","username1569","email1569@email.com","password1569","artist"
1570,"name1570","username1570","email1570@email.com","password1570","artist"
1571,"name1571","username1571","email1571@email.com","password1571","artist"
1572,"name1572","username1572","email1572@email.com","password1572","artist"
1573,"name1573","username1573","email1573@email.com","password1573","artist"
1574,"name1574","username1574","email1574@email.com","password1574","user"
1575,"name1575","username1575","email1575@email.com","password1575","artist"
1576,"name1576","username1576","email1576@email.com","password1576","user"
1577,"name1577","username1577","email1577@email.com","password1577","user"
1578,"name1578","username1578","email1578@email.com","password1578","user"
1579,"name1579","username1579","email1579@email.com","password1579","artist"
1580,"name1580","username1580","email1580@email.com","password1580","user"
1581,"name1581","username1581","email1581@email.com","password1581","artist"
1582,"name1582","username1582","email1582@email.com","password1582","artist"
1583,"name1583","username1583","email1583@email.com","password1583","user"
1584,"name1584","username1584","email1584@email.com","password1584","user"
1585,"name1585","username1585","email1585@email.com","password1585","artist"
1586,"name1586","username1586","email1586@email.com","password1586","artist"
1587,"name1587","username1587","email1587@email.com","password1587","user"
1588,"name1588","username1588","email1588@email.com","password1588","user"
1589,"name1589","username1589","email1589@email.com","password1589","artist"
1590,"name1590","username1590","email1590@email.com","password1590","user"
1591,"name1591","username1591","email1591@email.com","password1591","user"
1592,"name1592","username1592","email1592@email.com","password1592","artist"
1593,"name1593","username1593","email1593@email.com","password1593","user"
1594,"name1594","username1594","email1594@email.com","password1594","user"
1595,"name1595","username1595","email1595@email.com","password1595","user"
1596,"name1596","username1596","email1596@email.com","password1596","artist"
1597,"name1597","username1597","email1597@email.com","password1597","artist"
1598,"name1598","username1598","email1598@email.com","password1598","artist"
1599,"name1599","username1599","email1599@email.com","password1599","user"
1600,"name1600","username1600","email1600@email.com","password1600","user"
1601,"name1601","username1601","email1601@email.com","password1601","artist"
1602,"name1602","username1602","email1602@email.com","password1602","artist"
1603,"name1603","username1603","email1603@email.com","password1603","artist"
1604,"name1604","username1604","email1604@email.com","password1604","artist"
1605,"name1605","username1605","email1605@email.com","password1605","user"
1606,"name1606","username1606","email1606@email.com","password1606","user"
1607,"name1607","username1607","email1607@email.com","password1607","user"
1608,"name1608","username1608","email1608@email.com","password1608","artist"
1609,"name1609","username1609","email1609@email.com","password1609","user"
1610,"name1610","username1610","email1610@email.com","password1610","artist"
1611,"name1611","username1611","email1611@email.com","password1611","artist"
1612,"name1612","username1612","email1612@email.com","password1612","user"
1613,"name1613","username1613","email1613@email.com","password1613","artist"
1614,"name1614","username1614","email1614@email.com","password1614","artist"
1615,"name1615","username1615","email1615@email.com","password1615","artist"
1616,"name1616","username1616","email1616@email.com","password1616","artist"
1617,"name1617","username1617","email1617@email.com","password1617","artist"
1618,"name1618","username1618","email1618@email.com","password1618","user"
1619,"name1619","username1619","email1619@email.com","password1619","artist"
1620,"name1620","username1620","email1620@email.com","password1620","user"
1621,"name1621","username1621","email1621@email.com","password1621","user"
1622,"name1622","username1622","email1622@email.com","password1622","artist"
1623,"name1623","username1623","email1623@email.com","password1623","artist"
1624,"name1624","username1624","email1624@email.com","password1624","artist"
1625,"name1625","username1625","email1625@email.com","password1625","artist"
1626,"name1626","username1626","email1626@email.com","password1626","artist"
1627,"name1627","username1627","email1627@email.com","password1627","artist"
1628,"name1628","username1628","email1628@email.com","password1628","user"
1629,"name1629","username1629","email1629@email.com","password1629","artist"
1630,"name1630","username1630","email1630@email.com","password1630","user"
1631,"name1631","username1631","email1631@email.com","password1631","artist"
1632,"name1632","username1632","email1632@email.com","password1632","artist"
1633,"name1633","username1633","email1633@email.com","password1633","artist"
1634,"name1634","username1634","email1634@email.com","password1634","user"
1635,"name1635","username1635","email1635@email.com","password1635","artist"
1636,"name1636","username1636","email1636@email.com","password1636","user"
1637,"name1637","username1637","email1637@email.com","password1637","artist"
1638,"name1638","username1638","email1638@email.com","password1638","user"
1639,"name1639","username1639","email1639@email.com","password1639","artist"
1640,"name1640","username1640","email1640@email.com","password1640","user"
1641,"name1641","username1641","email1641@email.com","password1641","user"
1642,"name1642","username1642","email1642@email.com","password1642","user"
1643,"name1643","username1643","email1643@email.com","password1643","user"
1644,"name1644","username1644","email1644@email.com","password1644","user"
1645,"name1645","username1645","email1645@email.com","password1645","user"
1646,"name1646","username1646","email1646@email.com","password1646","artist"
1647,"name1647","username1647","email1647@email.com","password1647","user"
1648,"name1648","username1648","email1648@email.com","password1648","user"
1649,"name1649","username1649","email1649@email.com","password1649","user"
1650,"name1650","username1650","email1650@email.com","password1650","user"
1651,"name1651","username1651","email1651@email.com","password1651","user"
1652,"name1652","username1652","email1652@email.com","password1652","user"
1653,"name1653","username1653","email1653@email.com","password1653","artist"
1654,"name1654","username1654","email1654@email.com","password1654","artist"
1655,"name1655","username1655","email1655@email.com","password1655","user"
1656,"name1656","username1656","email1656@email.com","password1656","user"
1657,"name1657","username1657","email1657@email.com","password1657","user"
1658,"name1658","username1658","email1658@email.com","password1658","user"
1659,"name1659","username1659","email1659@email.com","password1659","artist"
1660,"name1660","username1660","email1660@email.com","password1660","artist"
1661,"name1661","username1661","email1661@email.com","password1661","user"
1662,"name1662","username1662","email1662@email.com","password1662","artist"
1663,"name1663","username1663","email1663@email.com","password1663","user"
1664,"name1664","username1664","email1664@email.com","password1664","user"
1665,"name1665","username1665","email1665@email.com","password1665","user"
1666,"name1666","username1666","email1666@email.com","password1666","user"
1667,"name1667","username1667","email1667@email.com","password1667","user"
1668,"name1668","username1668","email1668@email.com","password1668","user"
1669,"name1669","username1669","email1669@email.com","password1669","artist"
1670,"name1670","username1670","email1670@email.com","password1670","artist"
1671,"name1671","username1671","email1671@email.com","password1671","user"
1672,"name1672","username1672","email1672@email.com","password1672","user"
1673,"name1673","username1673","email1673@email.com","password1673","user"
1674,"name1674","username1674","email1674@email.com","password1674","artist"
1675,"name1675","username1675","email1675@email.com","password1675","artist"
1676,"name1676","username1676","email1676@email.com","password1676","user"
1677,"name1677","username1677","email1677@email.com","password1677","artist"
1678,"name1678","username1678","email1678@email.com","password1678","artist"
1679,"name1679","username1679","email1679@email.com","password1679","user"
1680,"name1680","username1680","email1680@email.com","password1680","user"
1681,"name1681","username1681","email1681@email.com","password1681","user"
1682,"name1682","username1682","email1682@email.com","password1682","artist"
1683,"name1683","username1683","email1683@email.com","password1683","artist"
1684,"name1684","username1684","email1684@email.com","password1684","artist"
1685,"name1685","username1685","email1685@email.com","password1685","user"
1686,"name1686","username1686","email1686@email.com","password1686","artist"
1687,"name1687","username1687","email1687@email.com","password1687","artist"
1688,"name1688","username1688","email1688@email.com","password1688","user"
1689,"name1689","username1689","email1689@email.com","password1689","user"
1690,"name1690","username1690","email1690@email.com","password1690","user"
1691,"name1691","username1691","email1691@email.com","password1691","user"
1692,"name1692","username1692","email1692@email.com","password1692","user"
1693,"name1693","username1693","email1693@email.com","password1693","artist"
1694,"name1694","username1694","email1694@email.com","password1694","artist"
1695,"name1695","username1695","email1695@email.com","password1695","artist"
1696,"name1696","username1696","email1696@email.com","password1696","user"
1697,"name1697","username1697","email1697@email.com","password1697","user"
1698,"name1698","username1698","email1698@email.com","password1698","user"
1699,"name1699","username1699","email1699@email.com","password1699","user"
1700,"name1700","username1700","email1700@email.com","password1700","user"
1701,"name1701","username1701","email1701@email.com","password1701","artist"
1702,"name1702","username1702","email1702@email.com","password1702","artist"
1703,"name1703","username1703","email1703@email.com","password1703","artist"
1704,"name1704","username1704","email1704@email.com","password1704","user"
1705,"name1705","username1705","email1705@email.com","password1705","user"
1706,"name1706","username1706","email1706@email.com","password1706","user"
1707,"name1707","username1707","email1707@email.com","password1707","user"
1708,"name1708","username1708","email1708@email.com","password1708","user"
1709,"name1709","username1709","email1709@email.com","password1709","artist"
1710,"name1710","username1710","email1710@email.com","password1710","user"
1711,"name1711","username1711","email1711@email.com","password1711","artist"
1712,"name1712","username1712","email1712@email.com","password1712","artist"
1713,"name1713","username1713","email1713@email.com","password1713","artist"
1714,"name1714","username1714","email1714@email.com","password1714","artist"
1715,"name1715","username1715","email1715@email.com","password1715","artist"
1716,"name1716","username1716","email1716@email.com","password1716","artist"
1717,"name1717","username1717","email1717@email.com","password1717","artist"
1718,"name1718","username1718","email1718@email.com","password1718","user"
1719,"name1719","username1719","email1719@email.com","password1719","artist"
1720,"name1720","username1720","email1720@email.com","password1720","user"
1721,"name1721","username1721","email1721@email.com","password1721","user"
1722,"name1722","username1722","email1722@email.com","password1722","user"
1723,"name1723","username1723","email1723@email.com","password1723","user"
1724,"name1724","username1724","email1724@email.com","password1724","artist"
1725,"name1725","username1725","email1725@email.com","password1725","user"
1726,"name1726","username1726","email1726@email.com","password1726","artist"
1727,"name1727","username1727","email1727@email.com","password1727","artist"
1728,"name1728","username1728","email1728@email.com","password1728","user"
1729,"name1729","username1729","email1729@email.com","password1729","artist"
1730,"name1730","username1730","email1730@email.com","password1730","artist"
1731,"name1731","username1731","email1731@email.com","password1731","artist"
1732,"name1732","username1732","email1732@email.com","password1732","user"
1733,"name1733","username1733","email1733@email.com","password1733","artist"
1734,"name1734","username1734","email1734@email.com","password1734","user"
1735,"name1735","username1735","email1735@email.com","password1735","user"
1736,"name1736","username1736","email1736@email.com","password1736","user"
1737,"name1737","username1737","email1737@email.com","password1737","artist"
1738,"name1738","username1738","email1738@email.com","password1738","user"
1739,"name1739","username1739","email1739@email.com","password1739","user"
1740,"name1740","username1740","email1740@email.com","password1740","user"
1741,"name1741","username1741","email1741@email.com","password1741","artist"
1742,"name1742","username1742","email1742@email.com","password1742","user"
1743,"name1743","username1743","email1743@email.com","password1743","user"
1744,"name1744","username1744","email1744@email.com","password1744","artist"
1745,"name1745","username1745","email1745@email.com","password1745","artist"
1746,"name1746","username1746","email1746@email.com","password1746","artist"
1747,"name1747","username1747","email1747@email.com","password1747","artist"
1748,"name1748","username1748","email1748@email.com","password1748","user"
1749,"name1749","username1749","email1749@email.com","password1749","user"
1750,"name1750","username1750","email1750@email.com","password1750","user"
1751,"name1751","username1751","email1751@email.com","password1751","artist"
1752,"name1752","username1752","email1752@email.com","password1752","user"
1753,"name1753","username1753","email1753@email.com","password1753","artist"
1754,"name1754","username1754","email1754@email.com","password1754","user"
1755,"name1755","username1755","email1755@email.com","password1755","user"
1756,"name1756","username1756","email1756@email.com","password1756","user"
1757,"name1757","username1757","email1757@email.com","password1757","user"
1758,"name1758","username1758","email1758@email.com","password1758","artist"
1759,"name1759","username1759","email1759@email.com","password1759","user"
1760,"name1760","username1760","email1760@email.com","password1760","user"
1761,"name1761","username1761","email1761@email.com","password1761","artist"
1762,"name1762","username1762","email1762@email.com","password1762","artist"
1763,"name1763","username1763","email1763@email.com","password1763","user"
1764,"name1764","username1764","email1764@email.com","password1764","user"
1765,"name1765","username1765","email1765@email.com","password1765","artist"
1766,"name1766","username1766","email1766@email.com","password1766","artist"
1767,"name1767","username1767","email1767@email.com","password1767","user"
1768,"name1768","username1768","email1768@email.com","password1768","artist"
1769,"name1769","username1769","email1769@email.com","password1769","user"
1770,"name1770","username1770","email1770@email.com","password1770","artist"
1771,"name1771","username1771","email1771@email.com","password1771","artist"
1772,"name1772","username1772","email1772@email.com","password1772","user"
1773,"name1773","username1773","email1773@email.com","password1773","artist"
1774,"name1774","username1774","email1774@email.com","password1774","user"
1775,"name1775","username1775","email1775@email.com","password1775","artist"
1776,"name1776","username1776","email1776@email.com","password1776","user"
1777,"name1777","username1777","email1777@email.com","password1777","artist"
1778,"name1778","username1778","email1778@email.com","password1778","artist"
1779,"name1779","username1779","email1779@email.com","password1779","artist"
1780,"name1780","username1780","email1780@email.com","password1780","user"
1781,"name1781","username1781","email1781@email.com","password1781","user"
1782,"name1782","username1782","email1782@email.com","password1782","artist"
1783,"name1783","username1783","email1783@email.com","password1783","user"
1784,"name1784","username1784","email1784@email.com","password1784","user"
1785,"name1785","username1785","email1785@email.com","password1785","user"
1786,"name1786","username1786","email1786@email.com","password1786","artist"
1787,"name1787","username1787","email1787@email.com","password1787","artist"
1788,"name1788","username1788","email1788@email.com","password1788","user"
1789,"name1789","username1789","email1789@email.com","password1789","artist"
1790,"name1790","username1790","email1790@email.com","password1790","user"
1791,"name1791","username1791","email1791@email.com","password1791","artist"
1792,"name1792","username1792","email1792@email.com","password1792","user"
1793,"name1793","username1793","email1793@email.com","password1793","artist"
1794,"name1794","username1794","email1794@email.com","password1794","user"
1795,"name1795","username1795","email1795@email.com","password1795","user"
1796,"name1796","username1796","email1796@email.com","password1796","artist"
1797,"name1797","username1797","email1797@email.com","password1797","user"
1798,"name1798","username1798","email1798@email.com","password1798","user"
1799,"name1799","username1799","email1799@email.com","password1799","artist"
1800,"name1800","username1800","email1800@email.com","password1800","artist"
1801,"name1801","username1801","email1801@email.com","password1801","user"
1802,"name1802","username1802","email1802@email.com","password1802","artist"
1803,"name1803","username1803","email1803@email.com","password1803","user"
1804,"name1804","username1804","email1804@email.com","password1804","artist"
1805,"name1805","username1805","email1805@email.com","password1805","user"
1806,"name1806","username1806","email1806@email.com","password1806","user"
1807,"name1807","username1807","email1807@email.com","password1807","user"
1808,"name1808","username1808","email1808@email.com","password1808","artist"
1809,"name1809","username1809","email1809@email.com","password1809","artist"
1810,"name1810","username1810","email1810@email.com","password1810","user"
1811,"name1811","username1811","email1811@email.com","password1811","user"
1812,"name1812","username1812","email1812@email.com","password1812","user"
1813,"name1813","username1813","email1813@email.com","password1813","artist"
1814,"name1814","username1814","email1814@email.com","password1814","user"
1815,"name1815","username1815","email1815@email.com","password1815","artist"
1816,"name1816","username1816","email1816@email.com","password1816","artist"
1817,"name1817","username1817","email1817@email.com","password1817","artist"
1818,"name1818","username1818","email1818@email.com","password1818","artist"
1819,"name1819","username1819","email1819@email.com","password1819","artist"
1820,"name1820","username1820","email1820@email.com","password1820","artist"
1821,"name1821","username1821","email1821@email.com","password1821","user"
1822,"name1822","username1822","email1822@email.com","password1822","artist"
1823,"name1823","username1823","email1823@email.com","password1823","artist"
1824,"name1824","username1824","email1824@email.com","password1824","user"
1825,"name1825","username1825","email1825@email.com","password1825","artist"
1826,"name1826","username1826","email1826@email.com","password1826","user"
1827,"name1827","username1827","email1827@email.com","password1827","user"
1828,"name1828","username1828","email1828@email.com","password1828","artist"
1829,"name1829","username1829","email1829@email.com","password1829","artist"
1830,"name1830","username1830","email1830@email.com","password1830","artist"
1831,"name1831","username1831","email1831@email.com","password1831","user"
1832,"name1832","username1832","email1832@email.com","password1832","user"
1833,"name1833","username1833","email1833@email.com","password1833","user"
1834,"name1834","username1834","email1834@email.com","password1834","user"
1835,"name1835","username1835","email1835@email.com","password1835","artist"
1836,"name1836","username1836","email1836@email.com","password1836","user"
1837,"name1837","username1837","email1837@email.com","password1837","artist"
1838,"name1838","username1838","email1838@email.com","password1838","artist"
1839,"name1839","username1839","email1839@email.com","password1839","artist"
1840,"name1840","username1840","email1840@email.com","password1840","user"
1841,"name1841","username1841","email1841@email.com","password1841","artist"
1842,"name1842","username1842","email1842@email.com","password1842","user"
1843,"name1843","username1843","email1843@email.com","password1843","user"
1844,"name1844","username1844","email1844@email.com","password1844","artist"
1845,"name1845","username1845","email1845@email.com","password1845","artist"
1846,"name1846","username1846","email1846@email.com","password1846","user"
1847,"name1847","username1847","email1847@email.com","password1847","user"
1848,"name1848","username1848","email1848@email.com","password1848","user"
1849,"name1849","username1849","email1849@email.com","password1849","artist"
1850,"name1850","username1850","email1850@email.com","password1850","artist"
1851,"name1851","username1851","email1851@email.com","password1851","artist"
1852,"name1852","username1852","email1852@email.com","password1852","user"
1853,"name1853","username1853","email1853@email.com","password1853","user"
1854,"name1854","username1854","email1854@email.com","password1854","user"
1855,"name1855","username1855","email1855@email.com","password1855","artist"
1856,"name1856","username1856","email1856@email.com","password1856","user"
1857,"name1857","username1857","email1857@email.com","password1857","user"
1858,"name1858","username1858","email1858@email.com","password1858","artist"
1859,"name1859","username1859","email1859@email.com","password1859","artist"
1860,"name1860","username1860","email1860@email.com","password1860","artist"
1861,"name1861","username1861","email1861@email.com","password1861","user"
1862,"name1862","username1862","email1862@email.com","password1862","user"
1863,"name1863","username1863","email1863@email.com","password1863","user"
1864,"name1864","username1864","email1864@email.com","password1864","user"
1865,"name1865","username1865","email1865@email.com","password1865","user"
1866,"name1866","username1866","email1866@email.com","password1866","artist"
1867,"name1867","username1867","email1867@email.com","password1867","artist"
1868,"name1868","username1868","email1868@email.com","password1868","artist"
1869,"name1869","username1869","email1869@email.com","password1869","user"
1870,"name1870","username1870","email1870@email.com","password1870","artist"
1871,"name1871","username1871","email1871@email.com","password1871","artist"
1872,"name1872","username1872","email1872@email.com","password1872","artist"
1873,"name1873","username1873","email1873@email.com","password1873","artist"
1874,"name1874","username1874","email1874@email.com","password1874","user"
1875,"name1875","username1875","email1875@email.com","password1875","user"
1876,"name1876","username1876","email1876@email.com","password1876","user"
1877,"name1877","username1877","email1877@email.com","password1877","user"
1878,"name1878","username1878","email1878@email.com","password1878","artist"
1879,"name1879","username1879","email1879@email.com","password1879","artist"
1880,"name1880","username1880","email1880@email.com","password1880","user"
1881,"name1881","username1881","email1881@email.com","password1881","artist"
1882,"name1882","username1882","email1882@email.com","password1882","user"
1883,"name1883","username1883","email1883@email.com","password1883","user"
1884,"name1884","username1884","email1884@email.com","password1884","artist"
1885,"name1885","username1885","email1885@email.com","password1885","artist"
1886,"name1886","username1886","email1886@email.com","password1886","artist"
1887,"name1887","username1887","email1887@email.com","password1887","artist"
1888,"name1888","username1888","email1888@email.com","password1888","artist"
1889,"name1889","username1889","email1889@email.com","password1889","artist"
1890,"name1890","username1890","email1890@email.com","password1890","artist"
1891,"name1891","username1891","email1891@email.com","password1891","user"
1892,"name1892","username1892","email1892@email.com","password1892","user"
1893,"name1893","username1893","email1893@email.com","password1893","artist"
1894,"name1894","username1894","email1894@email.com","password1894","artist"
1895,"name1895","username1895","email1895@email.com","password1895","artist"
1896,"name1896","username1896","email1896@email.com","password1896","user"
1897,"name1897","username1897","email1897@email.com","password1897","artist"
1898,"name1898","username1898","email1898@email.com","password1898","artist"
1899,"name1899","username1899","email1899@email.com","password1899","artist"
1900,"name1900","username1900","email1900@email.com","password1900","artist"
1901,"name1901","username1901","email1901@email.com","password1901","user"
1902,"name1902","username1902","email1902@email.com","password1902","artist"
1903,"name1903","username1903","email1903@email.com","password1903","artist"
1904,"name1904","username1904","email1904@email.com","password1904","artist"
1905,"name1905","username1905","email1905@email.com","password1905","user"
1906,"name1906","username1906","email1906@email.com","password1906","user"
1907,"name1907","username1907","email1907@email.com","password1907","artist"
1908,"name1908","username1908","email1908@email.com","password1908","artist"
1909,"name1909","username1909","email1909@email.com","password1909","artist"
1910,"name1910","username1910","email1910@email.com","password1910","artist"
1911,"name1911","username1911","email1911@email.com","password1911","artist"
1912,"name1912","username1912","email1912@email.com","password1912","user"
1913,"name1913","username1913","email1913@email.com","password1913","user"
1914,"name1914","username1914","email1914@email.com","password1914","user"
1915,"name1915","username1915","email1915@email.com","password1915","user"
1916,"name1916","username1916","email1916@email.com","password1916","artist"
1917,"name1917","username1917","email1917@email.com","password1917","artist"
1918,"name1918","username1918","email1918@email.com","password1918","artist"
1919,"name1919","username1919","email1919@email.com","password1919","user"
1920,"name1920","username1920","email1920@email.com","password1920","user"
1921,"name1921","username1921","email1921@email.com","password1921","user"
1922,"name1922","username1922","email1922@email.com","password1922","artist"
1923,"name1923","username1923","email1923@email.com","password1923","user"
1924,"name1924","username1924","email1924@email.com","password1924","user"
1925,"name1925","username1925","email1925@email.com","password1925","artist"
1926,"name1926","username1926","email1926@email.com","password1926","user"
1927,"name1927","username1927","email1927@email.com","password1927","user"
1928,"name1928","username1928","email1928@email.com","password1928","artist"
1929,"name1929","username1929","email1929@email.com","password1929","artist"
1930,"name1930","username1930","email1930@email.com","password1930","user"
1931,"name1931","username1931","email1931@email.com","password1931","user"
1932,"name1932","username1932","email1932@email.com","password1932","user"
1933,"name1933","username1933","email1933@email.com","password1933","user"
1934,"name1934","username1934","email1934@email.com","password1934","user"
1935,"name1935","username1935","email1935@email.com","password1935","artist"
1936,"name1936","username1936","email1936@email.com","password1936","artist"
1937,"name1937","username1937","email1937@email.com","password1937","artist"
1938,"name1938","username1938","email1938@email.com","password1938","artist"
1939,"name1939","username1939","email1939@email.com","password1939","artist"
1940,"name1940","username1940","email1940@email.com","password1940","user"
1941,"name1941","username1941","email1941@email.com","password1941","artist"
1942,"name1942","username1942","email1942@email.com","password1942","artist"
1943,"name1943","username1943","email1943@email.com","password1943","artist"
1944,"name1944","username1944","email1944@email.com","password1944","user"
1945,"name1945","username1945","email1945@email.com","password1945","user"
1946,"name1946","username1946","email1946@email.com","password1946","user"
1947,"name1947","username1947","email1947@email.com","password1947","user"
1948,"name1948","username1948","email1948@email.com","password1948","artist"
1949,"name1949","username1949","email1949@email.com","password1949","artist"
1950,"name1950","username1950","email1950@email.com","password1950","artist"
1951,"name1951","username1951","email1951@email.com","password1951","artist"
1952,"name1952","username1952","email1952@email.com","password1952","artist"
1953,"name1953","username1953","email1953@email.com","password1953","artist"
1954,"name1954","username1954","email1954@email.com","password1954","user"
1955,"name1955","username1955","email1955@email.com","password1955","artist"
1956,"name1956","username1956","email1956@email.com","password1956","user"
1957,"name1957","username1957","email1957@email.com","password1957","user"
1958,"name1958","username1958","email1958@email.com","password1958","user"
1959,"name1959","username1959","email1959@email.com","password1959","user"
1960,"name1960","username1960","email1960@email.com","password1960","user"
1961,"name1961","username1961","email1961@email.com","password1961","artist"
1962,"name1962","username1962","email1962@email.com","password1962","artist"
1963,"name1963","username1963","email1963@email.com","password1963","user"
1964,"name1964","username1964","email1964@email.com","password1964","user"
1965,"name1965","username1965","email1965@email.com","password1965","user"
1966,"name1966","username1966","email1966@email.com","password1966","user"
1967,"name1967","username1967","email1967@email.com","password1967","artist"
1968,"name1968","username1968","email1968@email.com","password1968","artist"
1969,"name1969","username1969","email1969@email.com","password1969","user"
1970,"name1970","username1970","email1970@email.com","password1970","artist"
1971,"name1971","username1971","email1971@email.com","password1971","artist"
1972,"name1972","username1972","email1972@email.com","password1972","artist"
1973,"name1973","username1973","email1973@email.com","password1973","artist"
1974,"name1974","username1974","email1974@email.com","password1974","user"
1975,"name1975","username1975","email1975@email.com","password1975","artist"
1976,"name1976","username1976","email1976@email.com","password1976","artist"
1977,"name1977","username1977","email1977@email.com","password1977","user"
1978,"name1978","username1978","email1978@email.com","password1978","user"
1979,"name1979","username1979","email1979@email.com","password1979","user"
1980,"name1980","username1980","email1980@email.com","password1980","user"
1981,"name1981","username1981","email1981@email.com","password1981","artist"
1982,"name1982","username1982","email1982@email.com","password1982","artist"
1983,"name1983","username1983","email1983@email.com","password1983","user"
1984,"name1984","username1984","email1984@email.com","password1984","artist"
1985,"name1985","username1985","email1985@email.com","password1985","artist"
1986,"name1986","username1986","email1986@email.com","password1986","artist"
1987,"name1987","username1987","email1987@email.com","password1987","user"
1988,"name1988","username1988","email1988@email.com","password1988","user"
1989,"name1989","username1989","email1989@email.com","password1989","user"
1990,"name1990","username1990","email1990@email.com","password1990","user"
1991,"name1991","username1991","email1991@email.com","password1991","artist"
1992,"name1992","username1992","email1992@email.com","password1992","artist"
1993,"name1993","username1993","email1993@email.com","password1993","artist"
1994,"name1994","username1994","email1994@email.com","password1994","user"
1995,"name1995","username1995","email1995@email.com","password1995","artist"
1996,"name1996","username1996","email1996@email.com","password1996","user"
1997,"name1997","username1997","email1997@email.com","password1997","user"
1998,"name1998","username1998","email1998@email.com","password1998","user"
1999,"name1999","username1999","email1999@email.com","password1999","user"
2000,"name2000","username2000","email2000@email.com","password2000","user"
2001,"name2001","username2001","email2001@email.com","password2001","artist"
2002,"name2002","username2002","email2002@email.com","password2002","user"
2003,"name2003","username2003","email2003@email.com","password2003","artist"
2004,"name2004","username2004","email2004@email.com","password2004","user"
2005,"name2005","username2005","email2005@email.com","password2005","user"
2006,"name2006","username2006","email2006@email.com","password2006","artist"
2007,"name2007","username2007","email2007@email.com","password2007","user"
2008,"name2008","username2008","email2008@email.com","password2008","user"
2009,"name2009","username2009","email2009@email.com","password2009","artist"
2010,"name2010","username2010","email2010@email.com","password2010","user"
2011,"name2011","username2011","email2011@email.com","password2011","user"
2012,"name2012","username2012","email2012@email.com","password2012","artist"
2013,"name2013","username2013","email2013@email.com","password2013","user"
2014,"name2014","username2014","email2014@email.com","password2014","user"
2015,"name2015","username2015","email2015@email.com","password2015","user"
2016,"name2016","username2016","email2016@email.com","password2016","user"
2017,"name2017","username2017","email2017@email.com","password2017","user"
2018,"name2018","username2018","email2018@email.com","password2018","user"
2019,"name2019","username2019","email2019@email.com","password2019","artist"
2020,"name2020","username2020","email2020@email.com","password2020","user"
2021,"name2021","username2021","email2021@email.com","password2021","user"
2022,"name2022","username2022","email2022@email.com","password2022","user"
2023,"name2023","username2023","email2023@email.com","password2023","user"
2024,"name2024","username2024","email2024@email.com","password2024","user"
2025,"name2025","username2025","email2025@email.com","password2025","user"
2026,"name2026","username2026","email2026@email.com","password2026","artist"
2027,"name2027","username2027","email2027@email.com","password2027","user"
2028,"name2028","username2028","email2028@email.com","password2028","user"
2029,"name2029","username2029","email2029@email.com","password2029","artist"
2030,"name2030","username2030","email2030@email.com","password2030","artist"
2031,"name2031","username2031","email2031@email.com","password2031","artist"
2032,"name2032","username2032","email2032@email.com","password2032","user"
2033,"name2033","username2033","email2033@email.com","password2033","artist"
2034,"name2034","username2034","email2034@email.com","password2034","user"
2035,"name2035","username2035","email2035@email.com","password2035","user"
2036,"name2036","username2036","email2036@email.com","password2036","user"
2037,"name2037","username2037","email2037@email.com","password2037","user"
2038,"name2038","username2038","email2038@email.com","password2038","artist"
2039,"name2039","username2039","email2039@email.com","password2039","artist"
2040,"name2040","username2040","email2040@email.com","password2040","artist"
2041,"name2041","username2041","email2041@email.com","password2041","artist"
2042,"name2042","username2042","email2042@email.com","password2042","user"
2043,"name2043","username2043","email2043@email.com","password2043","artist"
2044,"name2044","username2044","email2044@email.com","password2044","user"
2045,"name2045","username2045","email2045@email.com","password2045","artist"
2046,"name2046","username2046","email2046@email.com","password2046","artist"
2047,"name2047","username2047","email2047@email.com","password2047","user"
2048,"name2048","username2048","email2048@email.com","password2048","artist"
2049,"name2049","username2049","email2049@email.com","password2049","artist"
2050,"name2050","username2050","email2050@email.com","password2050","artist"
2051,"name2051","username2051","email2051@email.com","password2051","artist"
2052,"name2052","username2052","email2052@email.com","password2052","user"
2053,"name2053","username2053","email2053@email.com","password2053","user"
2054,"name2054","username2054","email2054@email.com","password2054","user"
2055,"name2055","username2055","email2055@email.com","password2055","user"
2056,"name2056","username2056","email2056@email.com","password2056","user"
2057,"name2057","username2057","email2057@email.com","password2057","user"
2058,"name2058","username2058","email2058@email.com","password2058","artist"
2059,"name2059","username2059","email2059@email.com","password2059","artist"
2060,"name2060","username2060","email2060@email.com","password2060","artist"
2061,"name2061","username2061","email2061@email.com","password2061","user"
2062,"name2062","username2062","email2062@email.com","password2062","user"
2063,"name2063","username2063","email2063@email.com","password2063","user"
2064,"name2064","username2064","email2064@email.com","password2064","artist"
2065,"name2065","username2065","email2065@email.com","password2065","artist"
2066,"name2066","username2066","email2066@email.com","password2066","artist"
2067,"name2067","username2067","email2067@email.com","password2067","user"
2068,"name2068","username2068","email2068@email.com","password2068","artist"
2069,"name2069","username2069","email2069@email.com","password2069","artist"
2070,"name2070","username2070","email2070@email.com","password2070","user"
2071,"name2071","username2071","email2071@email.com","password2071","user"
2072,"name2072","username2072","email2072@email.com","password2072","artist"
2073,"name2073","username2073","email2073@email.com","password2073","artist"
2074,"name2074","username2074","email2074@email.com","password2074","artist"
2075,"name2075","username2075","email2075@email.com","password2075","user"
2076,"name2076","username2076","email2076@email.com","password2076","artist"
2077,"name2077","username2077","email2077@email.com","password2077","artist"
2078,"name2078","username2078","email2078@email.com","password2078","user"
2079,"name2079","username2079","email2079@email.com","password2079","artist"
2080,"name2080","username2080","email2080@email.com","password2080","user"
2081,"name2081","username2081","email2081@email.com","password2081","artist"
2082,"name2082","username2082","email2082@email.com","password2082","user"
2083,"name2083","username2083","email2083@email.com","password2083","user"
2084,"name2084","username2084","email2084@email.com","password2084","user"
2085,"name2085","username2085","email2085@email.com","password2085","artist"
2086,"name2086","username2086","email2086@email.com","password2086","user"
2087,"name2087","username2087","email2087@email.com","password2087","user"
2088,"name2088","username2088","email2088@email.com","password2088","artist"
2089,"name2089","username2089","email2089@email.com","password2089","user"
2090,"name2090","username2090","email2090@email.com","password2090","user"
2091,"name2091","username2091","email2091@email.com","password2091","user"
2092,"name2092","username2092","email2092@email.com","password2092","artist"
2093,"name2093","username2093","email2093@email.com","password2093","user"
2094,"name2094","username2094","email2094@email.com","password2094","user"
2095,"name2095","username2095","email2095@email.com","password2095","artist"
2096,"name2096","username2096","email2096@email.com","password2096","artist"
2097,"name2097","username2097","email2097@email.com","password2097","user"
2098,"name2098","username2098","email2098@email.com","password2098","user"
2099,"name2099","username2099","email2099@email.com","password2099","artist"
2100,"name2100","username2100","email2100@email.com","password2100","artist"
2101,"name2101","username2101","email2101@email.com","password2101","artist"
2102,"name2102","username2102","email2102@email.com","password2102","artist"
2103,"name2103","username2103","email2103@email.com","password2103","user"
2104,"name2104","username2104","email2104@email.com","password2104","artist"
2105,"name2105","username2105","email2105@email.com","password2105","user"
2106,"name2106","username2106","email2106@email.com","password2106","user"
2107,"name2107","username2107","email2107@email.com","password2107","user"
2108,"name2108","username2108","email2108@email.com","password2108","user"
2109,"name2109","username2109","email2109@email.com","password2109","user"
2110,"name2110","username2110","email2110@email.com","password2110","user"
2111,"name2111","username2111","email2111@email.com","password2111","artist"
2112,"name2112","username2112","email2112@email.com","password2112","user"
2113,"name2113","username2113","email2113@email.com","password2113","artist"
2114,"name2114","username2114","email2114@email.com","password2114","user"
2115,"name2115","username2115","email2115@email.com","password2115","artist"
2116,"name2116","username2116","email2116@email.com","password2116","user"
2117,"name2117","username2117","email2117@email.com","password2117","artist"
2118,"name2118","username2118","email2118@email.com","password2118","user"
2119,"name2119","username2119","email2119@email.com","password2119","user"
2120,"name2120","username2120","email2120@email.com","password2120","user"
2121,"name2121","username2121","email2121@email.com","password2121","artist"
2122,"name2122","username2122","email2122@email.com","password2122","user"
2123,"name2123","username2123","email2123@email.com","password2123","user"
2124,"name2124","username2124","email2124@email.com","password2124","artist"
2125,"name2125","username2125","email2125@email.com","password2125","artist"
2126,"name2126","username2126","email2126@email.com","password2126","user"
2127,"name2127","username2127","email2127@email.com","password2127","artist"
2128,"name2128","username2128","email2128@email.com","password2128","user"
2129,"name2129","username2129","email2129@email.com","password2129","user"
2130,"name2130","username2130","email2130@email.com","password2130","artist"
2131,"name2131","username2131","email2131@email.com","password2131","artist"
2132,"name2132","username2132","email2132@email.com","password2132","artist"
2133,"name2133","username2133","email2133@email.com","password2133","user"
2134,"name2134","username2134","email2134@email.com","password2134","user"
2135,"name2135","username2135","email2135@email.com","password2135","artist"
2136,"name2136","username2136","email2136@email.com","password2136","artist"
2137,"name2137","username2137","email2137@email.com","password2137","user"
2138,"name2138","username2138","email2138@email.com","password2138","user"
2139,"name2139","username2139","email2139@email.com","password2139","artist"
2140,"name2140","username2140","email2140@email.com","password2140","user"
2141,"name2141","username2141","email2141@email.com","password2141","user"
2142,"name2142","username2142","email2142@email.com","password2142","artist"
2143,"name2143","username2143","email2143@email.com","password2143","artist"
2144,"name2144","username2144","email2144@email.com","password2144","user"
2145,"name2145","username2145","email2145@email.com","password2145","user"
2146,"name2146","username2146","email2146@email.com","password2146","artist"
2147,"name2147","username2147","email2147@email.com","password2147","artist"
2148,"name2148","username2148","email2148@email.com","password2148","user"
2149,"name2149","username2149","email2149@email.com","password2149","artist"
2150,"name2150","username2150","email2150@email.com","password2150","artist"
2151,"name2151","username2151","email2151@email.com","password2151","artist"
2152,"name2152","username2152","email2152@email.com","password2152","user"
2153,"name2153","username2153","email2153@email.com","password2153","artist"
2154,"name2154","username2154","email2154@email.com","password2154","user"
2155,"name2155","username2155","email2155@email.com","password2155","artist"
2156,"name2156","username2156","email2156@email.com","password2156","user"
2157,"name2157","username2157","email2157@email.com","password2157","user"
2158,"name2158","username2158","email2158@email.com","password2158","artist"
2159,"name2159","username2159","email2159@email.com","password2159","user"
2160,"name2160","username2160","email2160@email.com","password2160","user"
2161,"name2161","username2161","email2161@email.com","password2161","user"
2162,"name2162","username2162","email2162@email.com","password2162","user"
2163,"name2163","username2163","email2163@email.com","password2163","artist"
2164,"name2164","username2164","email2164@email.com","password2164","artist"
2165,"name2165","username2165","email2165@email.com","password2165","artist"
2166,"name2166","username2166","email2166@email.com","password2166","user"
2167,"name2167","username2167","email2167@email.com","password2167","user"
2168,"name2168","username2168","email2168@email.com","password2168","user"
2169,"name2169","username2169","email2169@email.com","password2169","artist"
2170,"name2170","username2170","email2170@email.com","password2170","user"
2171,"name2171","username2171","email2171@email.com","password2171","artist"
2172,"name2172","username2172","email2172@email.com","password2172","artist"
2173,"name2173","username2173","email2173@email.com","password2173","user"
2174,"name2174","username2174","email2174@email.com","password2174","artist"
2175,"name2175","username2175","email2175@email.com","password2175","user"
2176,"name2176","username2176","email2176@email.com","password2176","user"
2177,"name2177","username2177","email2177@email.com","password2177","artist"
2178,"name2178","username2178","email2178@email.com","password2178","artist"
2179,"name2179","username2179","email2179@email.com","password2179","artist"
2180,"name2180","username2180","email2180@email.com","password2180","user"
2181,"name2181","username2181","email2181@email.com","password2181","user"
2182,"name2182","username2182","email2182@email.com","password2182","user"
2183,"name2183","username2183","email2183@email.com","password2183","user"
2184,"name2184","username2184","email2184@email.com","password2184","user"
2185,"name2185","username2185","email2185@email.com","password2185","user"
2186,"name2186","username2186","email2186@email.com","password2186","artist"
2187,"name2187","username2187","email2187@email.com","password2187","artist"
2188,"name2188","username2188","email2188@email.com","password2188","user"
2189,"name2189","username2189","email2189@email.com","password2189","user"
2190,"name2190","username2190","email2190@email.com","password2190","artist"
2191,"name2191","username2191","email2191@email.com","password2191","user"
2192,"name2192","username2192","email2192@email.com","password2192","artist"
2193,"name2193","username2193","email2193@email.com","password2193","artist"
2194,"name2194","username2194","email2194@email.com","password2194","user"
2195,"name2195","username2195","email2195@email.com","password2195","artist"
2196,"name2196","username2196","email2196@email.com","password2196","artist"
2197,"name2197","username2197","email2197@email.com","password2197","artist"
2198,"name2198","username2198","email2198@email.com","password2198","user"
2199,"name2199","username2199","email2199@email.com","password2199","user"
2200,"name2200","username2200","email2200@email.com","password2200","user"
2201,"name2201","username2201","email2201@email.com","password2201","artist"
2202,"name2202","username2202","email2202@email.com","password2202","artist"
2203,"name2203","username2203","email2203@email.com","password2203","artist"
2204,"name2204","username2204","email2204@email.com","password2204","user"
2205,"name2205","username2205","email2205@email.com","password2205","artist"
2206,"name2206","username2206","email2206@email.com","password2206","artist"
2207,"name2207","username2207","email2207@email.com","password2207","artist"
2208,"name2208","username2208","email2208@email.com","password2208","artist"
2209,"name2209","username2209","email2209@email.com","password2209","artist"
2210,"name2210","username2210","email2210@email.com","password2210","user"
2211,"name2211","username2211","email2211@email.com","password2211","artist"
2212,"name2212","username2212","email2212@email.com","password2212","user"
2213,"name2213","username2213","email2213@email.com","password2213","user"
2214,"name2214","username2214","email2214@email.com","password2214","artist"
2215,"name2215","username2215","email2215@email.com","password2215","user"
2216,"name2216","username2216","email2216@email.com","password2216","user"
2217,"name2217","username2217","email2217@email.com","password2217","user"
2218,"name2218","username2218","email2218@email.com","password2218","user"
2219,"name2219","username2219","email2219@email.com","password2219","user"
2220,"name2220","username2220","email2220@email.com","password2220","artist"
2221,"name2221","username2221","email2221@email.com","password2221","artist"
2222,"name2222","username2222","email2222@email.com","password2222","user"
2223,"name2223","username2223","email2223@email.com","password2223","artist"
2224,"name2224","username2224","email2224@email.com","password2224","user"
2225,"name2225","username2225","email2225@email.com","password2225","user"
2226,"name2226","username2226","email2226@email.com","password2226","user"
2227,"name2227","username2227","email2227@email.com","password2227","artist"
2228,"name2228","username2228","email2228@email.com","password2228","artist"
2229,"name2229","username2229","email2229@email.com","password2229","user"
2230,"name2230","username2230","email2230@email.com","password2230","user"
2231,"name2231","username2231","email2231@email.com","password2231","artist"
2232,"name2232","username2232","email2232@email.com","password2232","user"
2233,"name2233","username2233","email2233@email.com","password2233","artist"
2234,"name2234","username2234","email2234@email.com","password2234","artist"
2235,"name2235","username2235","email2235@email.com","password2235","user"
2236,"name2236","username2236","email2236@email.com","password2236","user"
2237,"name2237","username2237","email2237@email.com","password2237","user"
2238,"name2238","username2238","email2238@email.com","password2238","user"
2239,"name2239","username2239","email2239@email.com","password2239","user"
2240,"name2240","username2240","email2240@email.com","password2240","user"
2241,"name2241","username2241","email2241@email.com","password2241","artist"
2242,"name2242","username2242","email2242@email.com","password2242","artist"
2243,"name2243","username2243","email2243@email.com","password2243","user"
2244,"name2244","username2244","email2244@email.com","password2244","user"
2245,"name2245","username2245","email2245@email.com","password2245","artist"
2246,"name2246","username2246","email2246@email.com","password2246","artist"
2247,"name2247","username2247","email2247@email.com","password2247","user"
2248,"name2248","username2248","email2248@email.com","password2248","artist"
2249,"name2249","username2249","email2249@email.com","password2249","user"
2250,"name2250","username2250","email2250@email.com","password2250","user"
2251,"name2251","username2251","email2251@email.com","password2251","user"
2252,"name2252","username2252","email2252@email.com","password2252","user"
2253,"name2253","username2253","email2253@email.com","password2253","artist"
2254,"name2254","username2254","email2254@email.com","password2254","artist"
2255,"name2255","username2255","email2255@email.com","password2255","user"
2256,"name2256","username2256","email2256@email.com","password2256","user"
2257,"name2257","username2257","email2257@email.com","password2257","user"
2258,"name2258","username2258","email2258@email.com","password2258","artist"
2259,"name2259","username2259","email2259@email.com","password2259","user"
2260,"name2260","username2260","email2260@email.com","password2260","user"
2261,"name2261","username2261","email2261@email.com","password2261","artist"
2262,"name2262","username2262","email2262@email.com","password2262","artist"
2263,"name2263","username2263","email2263@email.com","password2263","artist"
2264,"name2264","username2264","email2264@email.com","password2264","artist"
2265,"name2265","username2265","email2265@email.com","password2265","user"
2266,"name2266","username2266","email2266@email.com","password2266","artist"
2267,"name2267","username2267","email2267@email.com","password2267","user"
2268,"name2268","username2268","email2268@email.com","password2268","artist"
2269,"name2269","username2269","email2269@email.com","password2269","artist"
2270,"name2270","username2270","email2270@email.com","password2270","artist"
2271,"name2271","username2271","email2271@email.com","password2271","user"
2272,"name2272","username2272","email2272@email.com","password2272","artist"
2273,"name2273","username2273","email2273@email.com","password2273","user"
2274,"name2274","username2274","email2274@email.com","password2274","user"
2275,"name2275","username2275","email2275@email.com","password2275","artist"
2276,"name2276","username2276","email2276@email.com","password2276","user"
2277,"name2277","username2277","email2277@email.com","password2277","user"
2278,"name2278","username2278","email2278@email.com","password2278","artist"
2279,"name2279","username2279","email2279@email.com","password2279","artist"
2280,"name2280","username2280","email2280@email.com","password2280","user"
2281,"name2281","username2281","email2281@email.com","password2281","user"
2282,"name2282","username2282","email2282@email.com","password2282","user"
2283,"name2283","username2283","email2283@email.com","password2283","artist"
2284,"name2284","username2284","email2284@email.com","password2284","user"
2285,"name2285","username2285","email2285@email.com","password2285","user"
2286,"name2286","username2286","email2286@email.com","password2286","user"
2287,"name2287","username2287","email2287@email.com","password2287","user"
2288,"name2288","username2288","email2288@email.com","password2288","artist"
2289,"name2289","username2289","email2289@email.com","password2289","user"
2290,"name2290","username2290","email2290@email.com","password2290","artist"
2291,"name2291","username2291","email2291@email.com","password2291","artist"
2292,"name2292","username2292","email2292@email.com","password2292","artist"
2293,"name2293","username2293","email2293@email.com","password2293","artist"
2294,"name2294","username2294","email2294@email.com","password2294","artist"
2295,"name2295","username2295","email2295@email.com","password2295","artist"
2296,"name2296","username2296","email2296@email.com","password2296","user"
2297,"name2297","username2297","email2297@email.com","password2297","user"
2298,"name2298","username2298","email2298@email.com","password2298","artist"
2299,"name2299","username2299","email2299@email.com","password2299","artist"
2300,"name2300","username2300","email2300@email.com","password2300","user"
2301,"name2301","username2301","email2301@email.com","password2301","artist"
2302,"name2302","username2302","email2302@email.com","password2302","artist"
2303,"name2303","username2303","email2303@email.com","password2303","user"
2304,"name2304","username2304","email2304@email.com","password2304","artist"
2305,"name2305","username2305","email2305@email.com","password2305","user"
2306,"name2306","username2306","email2306@email.com","password2306","user"
2307,"name2307","username2307","email2307@email.com","password2307","user"
2308,"name2308","username2308","email2308@email.com","password2308","user"
2309,"name2309","username2309","email2309@email.com","password2309","artist"
2310,"name2310","username2310","email2310@email.com","password2310","user"
2311,"name2311","username2311","email2311@email.com","password2311","user"
2312,"name2312","username2312","email2312@email.com","password2312","user"
2313,"name2313","username2313","email2313@email.com","password2313","artist"
2314,"name2314","username2314","email2314@email.com","password2314","artist"
2315,"name2315","username2315","email2315@email.com","password2315","artist"
2316,"name2316","username2316","email2316@email.com","password2316","user"
2317,"name2317","username2317","email2317@email.com","password2317","user"
2318,"name2318","username2318","email2318@email.com","password2318","user"
2319,"name2319","username2319","email2319@email.com","password2319","user"
2320,"name2320","username2320","email2320@email.com","password2320","artist"
2321,"name2321","username2321","email2321@email.com","password2321","artist"
2322,"name2322","username2322","email2322@email.com","password2322","user"
2323,"name2323","username2323","email2323@email.com","password2323","artist"
2324,"name2324","username2324","email2324@email.com","password2324","user"
2325,"name2325","username2325","email2325@email.com","password2325","artist"
2326,"name2326","username2326","email2326@email.com","password2326","user"
2327,"name2327","username2327","email2327@email.com","password2327","artist"
2328,"name2328","username2328","email2328@email.com","password2328","user"
2329,"name2329","username2329","email2329@email.com","password2329","artist"
2330,"name2330","username2330","email2330@email.com","password2330","user"
2331,"name2331","username2331","email2331@email.com","password2331","artist"
2332,"name2332","username2332","email2332@email.com","password2332","artist"
2333,"name2333","username2333","email2333@email.com","password2333","user"
2334,"name2334","username2334","email2334@email.com","password2334","user"
2335,"name2335","username2335","email2335@email.com","password2335","artist"
2336,"name2336","username2336","email2336@email.com","password2336","artist"
2337,"name2337","username2337","email2337@email.com","password2337","artist"
2338,"name2338","username2338","email2338@email.com","password2338","artist"
2339,"name2339","username2339","email2339@email.com","password2339","user"
2340,"name2340","username2340","email2340@email.com","password2340","user"
2341,"name2341","username2341","email2341@email.com","password2341","user"
2342,"name2342","username2342","email2342@email.com","password2342","user"
2343,"name2343","username2343","email2343@email.com","password2343","artist"
2344,"name2344","username2344","email2344@email.com","password2344","user"
2345,"name2345","username2345","email2345@email.com","password2345","artist"
2346,"name2346","username2346","email2346@email.com","password2346","user"
2347,"name2347","username2347","email2347@email.com","password2347","artist"
2348,"name2348","username2348","email2348@email.com","password2348","user"
2349,"name2349","username2349","email2349@email.com","password2349","user"
2350,"name2350","username2350","email2350@email.com","password2350","artist"
2351,"name2351","username2351","email2351@email.com","password2351","artist"
2352,"name2352","username2352","email2352@email.com","password2352","artist"
2353,"name2353","username2353","email2353@email.com","password2353","user"
2354,"name2354","username2354","email2354@email.com","password2354","artist"
2355,"name2355","username2355","email2355@email.com","password2355","artist"
2356,"name2356","username2356","email2356@email.com","password2356","artist"
2357,"name2357","username2357","email2357@email.com","password2357","user"
2358,"name2358","username2358","email2358@email.com","password2358","artist"
2359,"name2359","username2359","email2359@email.com","password2359","user"
2360,"name2360","username2360","email2360@email.com","password2360","user"
2361,"name2361","username2361","email2361@email.com","password2361","artist"
2362,"name2362","username2362","email2362@email.com","password2362","artist"
2363,"name2363","username2363","email2363@email.com","password2363","artist"
2364,"name2364","username2364","email2364@email.com","password2364","user"
2365,"name2365","username2365","email2365@email.com","password2365","artist"
2366,"name2366","username2366","email2366@email.com","password2366","user"
2367,"name2367","username2367","email2367@email.com","password2367","user"
2368,"name2368","username2368","email2368@email.com","password2368","user"
2369,"name2369","username2369","email2369@email.com","password2369","user"
2370,"name2370","username2370","email2370@email.com","password2370","artist"
2371,"name2371","username2371","email2371@email.com","password2371","user"
2372,"name2372","username2372","email2372@email.com","password2372","user"
2373,"name2373","username2373","email2373@email.com","password2373","artist"
2374,"name2374","username2374","email2374@email.com","password2374","artist"
2375,"name2375","username2375","email2375@email.com","password2375","user"
2376,"name2376","username2376","email2376@email.com","password2376","user"
2377,"name2377","username2377","email2377@email.com","password2377","user"
2378,"name2378","username2378","email2378@email.com","password2378","user"
2379,"name2379","username2379","email2379@email.com","password2379","artist"
2380,"name2380","username2380","email2380@email.com","password2380","user"
2381,"name2381","username2381","email2381@email.com","password2381","user"
2382,"name2382","username2382","email2382@email.com","password2382","artist"
2383,"name2383","username2383","email2383@email.com","password2383","artist"
2384,"name2384","username2384","email2384@email.com","password2384","artist"
2385,"name2385","username2385","email2385@email.com","password2385","user"
2386,"name2386","username2386","email2386@email.com","password2386","user"
2387,"name2387","username2387","email2387@email.com","password2387","user"
2388,"name2388","username2388","email2388@email.com","password2388","artist"
2389,"name2389","username2389","email2389@email.com","password2389","artist"
2390,"name2390","username2390","email2390@email.com","password2390","artist"
2391,"name2391","username2391","email2391@email.com","password2391","artist"
2392,"name2392","username2392","email2392@email.com","password2392","user"
2393,"name2393","username2393","email2393@email.com","password2393","artist"
2394,"name2394","username2394","email2394@email.com","password2394","user"
2395,"name2395","username2395","email2395@email.com","password2395","user"
2396,"name2396","username2396","email2396@email.com","password2396","user"
2397,"name2397","username2397","email2397@email.com","password2397","artist"
2398,"name2398","username2398","email2398@email.com","password2398","artist"
2399,"name2399","username2399","email2399@email.com","password2399","user"
2400,"name2400","username2400","email2400@email.com","password2400","user"
2401,"name2401","username2401","email2401@email.com","password2401","user"
2402,"name2402","username2402","email2402@email.com","password2402","user"
2403,"name2403","username2403","email2403@email.com","password2403","user"
2404,"name2404","username2404","email2404@email.com","password2404","artist"
2405,"name2405","username2405","email2405@email.com","password2405","user"
2406,"name2406","username2406","email2406@email.com","password2406","artist"
2407,"name2407","username2407","email2407@email.com","password2407","artist"
2408,"name2408","username2408","email2408@email.com","password2408","user"
2409,"name2409","username2409","email2409@email.com","password2409","user"
2410,"name2410","username2410","email2410@email.com","password2410","artist"
2411,"name2411","username2411","email2411@email.com","password2411","artist"
2412,"name2412","username2412","email2412@email.com","password2412","artist"
2413,"name2413","username2413","email2413@email.com","password2413","user"
2414,"name2414","username2414","email2414@email.com","password2414","artist"
2415,"name2415","username2415","email2415@email.com","password2415","user"
2416,"name2416","username2416","email2416@email.com","password2416","artist"
2417,"name2417","username2417","email2417@email.com","password2417","artist"
2418,"name2418","username2418","email2418@email.com","password2418","user"
2419,"name2419","username2419","email2419@email.com","password2419","user"
2420,"name2420","username2420","email2420@email.com","password2420","artist"
2421,"name2421","username2421","email2421@email.com","password2421","user"
2422,"name2422","username2422","email2422@email.com","password2422","artist"
2423,"name2423","username2423","email2423@email.com","password2423","artist"
2424,"name2424","username2424","email2424@email.com","password2424","artist"
2425,"name2425","username2425","email2425@email.com","password2425","artist"
2426,"name2426","username2426","email2426@email.com","password2426","artist"
2427,"name2427","username2427","email2427@email.com","password2427","user"
2428,"name2428","username2428","email2428@email.com","password2428","artist"
2429,"name2429","username2429","email2429@email.com","password2429","user"
2430,"name2430","username2430","email2430@email.com","password2430","user"
2431,"name2431","username2431","email2431@email.com","password2431","user"
2432,"name2432","username2432","email2432@email.com","password2432","artist"
2433,"name2433","username2433","email2433@email.com","password2433","artist"
2434,"name2434","username2434","email2434@email.com","password2434","user"
2435,"name2435","username2435","email2435@email.com","password2435","artist"
2436,"name2436","username2436","email2436@email.com","password2436","artist"
2437,"name2437","username2437","email2437@email.com","password2437","user"
2438,"name2438","username2438","email2438@email.com","password2438","user"
2439,"name2439","username2439","email2439@email.com","password2439","user"
2440,"name2440","username2440","email2440@email.com","password2440","user"
2441,"name2441","username2441","email2441@email.com","password2441","artist"
2442,"name2442","username2442","email2442@email.com","password2442","artist"
2443,"name2443","username2443","email2443@email.com","password2443","artist"
2444,"name2444","username2444","email2444@email.com","password2444","user"
2445,"name2445","username2445","email2445@email.com","password2445","user"
2446,"name2446","username2446","email2446@email.com","password2446","artist"
2447,"name2447","username2447","email2447@email.com","password2447","artist"
2448,"name2448","username2448","email2448@email.com","password2448","artist"
2449,"name2449","username2449","email2449@email.com","password2449","user"
2450,"name2450","username2450","email2450@email.com","password2450","user"
2451,"name2451","username2451","email2451@email.com","password2451","artist"
2452,"name2452","username2452","email2452@email.com","password2452","artist"
2453,"name2453","username2453","email2453@email.com","password2453","user"
2454,"name2454","username2454","email2454@email.com","password2454","user"
2455,"name2455","username2455","email2455@email.com","password2455","artist"
2456,"name2456","username2456","email2456@email.com","password2456","artist"
2457,"name2457","username2457","email2457@email.com","password2457","artist"
2458,"name2458","username2458","email2458@email.com","password2458","artist"
2459,"name2459","username2459","email2459@email.com","password2459","user"
2460,"name2460","username2460","email2460@email.com","password2460","user"
2461,"name2461","username2461","email2461@email.com","password2461","user"
2462,"name2462","username2462","email2462@email.com","password2462","user"
2463,"name2463","username2463","email2463@email.com","password2463","artist"
2464,"name2464","username2464","email2464@email.com","password2464","user"
2465,"name2465","username2465","email2465@email.com","password2465","user"
2466,"name2466","username2466","email2466@email.com","password2466","user"
2467,"name2467","username2467","email2467@email.com","password2467","artist"
2468,"name2468","username2468","email2468@email.com","password2468","user"
2469,"name2469","username2469","email2469@email.com","password2469","artist"
2470,"name2470","username2470","email2470@email.com","password2470","user"
2471,"name2471","username2471","email2471@email.com","password2471","artist"
2472,"name2472","username2472","email2472@email.com","password2472","user"
2473,"name2473","username2473","email2473@email.com","password2473","user"
2474,"name2474","username2474","email2474@email.com","password2474","artist"
2475,"name2475","username2475","email2475@email.com","password2475","artist"
2476,"name2476","username2476","email2476@email.com","password2476","user"
2477,"name2477","username2477","email2477@email.com","password2477","artist"
2478,"name2478","username2478","email2478@email.com","password2478","artist"
2479,"name2479","username2479","email2479@email.com","password2479","user"
2480,"name2480","username2480","email2480@email.com","password2480","artist"
2481,"name2481","username2481","email2481@email.com","password2481","artist"
2482,"name2482","username2482","email2482@email.com","password2482","artist"
2483,"name2483","username2483","email2483@email.com","password2483","user"
2484,"name2484","username2484","email2484@email.com","password2484","user"
2485,"name2485","username2485","email2485@email.com","password2485","artist"
2486,"name2486","username2486","email2486@email.com","password2486","artist"
2487,"name2487","username2487","email2487@email.com","password2487","artist"
2488,"name2488","username2488","email2488@email.com","password2488","user"
2489,"name2489","username2489","email2489@email.com","password2489","user"
2490,"name2490","username2490","email2490@email.com","password2490","user"
2491,"name2491","username2491","email2491@email.com","password2491","artist"
2492,"name2492","username2492","email2492@email.com","password2492","artist"
2493,"name2493","username2493","email2493@email.com","password2493","artist"
2494,"name2494","username2494","email2494@email.com","password2494","user"
2495,"name2495","username2495","email2495@email.com","password2495","artist"
2496,"name2496","username2496","email2496@email.com","password2496","user"
2497,"name2497","username2497","email2497@email.com","password2497","artist"
2498,"name2498","username2498","email2498@email.com","password2498","user"
2499,"name2499","username2499","email2499@email.com","password2499","user"
2500,"name2500","username2500","email2500@email.com","password2500","artist"
2501,"name2501","username2501","email2501@email.com","password2501","artist"
2502,"name2502","username2502","email2502@email.com","password2502","artist"
2503,"name2503","username2503","email2503@email.com","password2503","artist"
2504,"name2504","username2504","email2504@email.com","password2504","artist"
2505,"name2505","username2505","email2505@email.com","password2505","user"
2506,"name2506","username2506","email2506@email.com","password2506","user"
2507,"name2507","username2507","email2507@email.com","password2507","user"
2508,"name2508","username2508","email2508@email.com","password2508","artist"
2509,"name2509","username2509","email2509@email.com","password2509","user"
2510,"name2510","username2510","email2510@email.com","password2510","user"
2511,"name2511","username2511","email2511@email.com","password2511","user"
2512,"name2512","username2512","email2512@email.com","password2512","artist"
2513,"name2513","username2513","email2513@email.com","password2513","user"
2514,"name2514","username2514","email2514@email.com","password2514","user"
2515,"name2515","username2515","email2515@email.com","password2515","artist"
2516,"name2516","username2516","email2516@email.com","password2516","artist"
2517,"name2517","username2517","email2517@email.com","password2517","user"
2518,"name2518","username2518","email2518@email.com","password2518","user"
2519,"name2519","username2519","email2519@email.com","password2519","user"
2520,"name2520","username2520","email2520@email.com","password2520","user"
2521,"name2521","username2521","email2521@email.com","password2521","artist"
2522,"name2522","username2522","email2522@email.com","password2522","user"
2523,"name2523","username2523","email2523@email.com","password2523","user"
2524,"name2524","username2524","email2524@email.com","password2524","artist"
2525,"name2525","username2525","email2525@email.com","password2525","user"
2526,"name2526","username2526","email2526@email.com","password2526","artist"
2527,"name2527","username2527","email2527@email.com","password2527","artist"
2528,"name2528","username2528","email2528@email.com","password2528","artist"
2529,"name2529","username2529","email2529@email.com","password2529","artist"
2530,"name2530","username2530","email2530@email.com","password2530","user"
2531,"name2531","username2531","email2531@email.com","password2531","user"
2532,"name2532","username2532","email2532@email.com","password2532","user"
2533,"name2533","username2533","email2533@email.com","password2533","artist"
2534,"name2534","username2534","email2534@email.com","password2534","user"
2535,"name2535","username2535","email2535@email.com","password2535","artist"
2536,"name2536","username2536","email2536@email.com","password2536","user"
2537,"name2537","username2537","email2537@email.com","password2537","user"
2538,"name2538","username2538","email2538@email.com","password2538","user"
2539,"name2539","username2539","email2539@email.com","password2539","user"
2540,"name2540","username2540","email2540@email.com","password2540","user"
2541,"name2541","username2541","email2541@email.com","password2541","artist"
2542,"name2542","username2542","email2542@email.com","password2542","artist"
2543,"name2543","username2543","email2543@email.com","password2543","artist"
2544,"name2544","username2544","email2544@email.com","password2544","artist"
2545,"name2545","username2545","email2545@email.com","password2545","artist"
2546,"name2546","username2546","email2546@email.com","password2546","user"
2547,"name2547","username2547","email2547@email.com","password2547","artist"
2548,"name2548","username2548","email2548@email.com","password2548","artist"
2549,"name2549","username2549","email2549@email.com","password2549","user"
2550,"name2550","username2550","email2550@email.com","password2550","user"
2551,"name2551","username2551","email2551@email.com","password2551","artist"
2552,"name2552","username2552","email2552@email.com","password2552","artist"
2553,"name2553","username2553","email2553@email.com","password2553","user"
2554,"name2554","username2554","email2554@email.com","password2554","artist"
2555,"name2555","username2555","email2555@email.com","password2555","artist"
2556,"name2556","username2556","email2556@email.com","password2556","artist"
2557,"name2557","username2557","email2557@email.com","password2557","artist"
2558,"name2558","username2558","email2558@email.com","password2558","artist"
2559,"name2559","username2559","email2559@email.com","password2559","user"
2560,"name2560","username2560","email2560@email.com","password2560","user"
2561,"name2561","username2561","email2561@email.com","password2561","artist"
2562,"name2562","username2562","email2562@email.com","password2562","user"
2563,"name2563","username2563","email2563@email.com","password2563","artist"
2564,"name2564","username2564","email2564@email.com","password2564","artist"
2565,"name2565","username2565","email2565@email.com","password2565","user"
2566,"name2566","username2566","email2566@email.com","password2566","user"
2567,"name2567","username2567","email2567@email.com","password2567","artist"
2568,"name2568","username2568","email2568@email.com","password2568","user"
2569,"name2569","username2569","email2569@email.com","password2569","user"
2570,"name2570","username2570","email2570@email.com","password2570","artist"
2571,"name2571","username2571","email2571@email.com","password2571","user"
2572,"name2572","username2572","email2572@email.com","password2572","user"
2573,"name2573","username2573","email2573@email.com","password2573","artist"
2574,"name2574","username2574","email2574@email.com","password2574","user"
2575,"name2575","username2575","email2575@email.com","password2575","artist"
2576,"name2576","username2576","email2576@email.com","password2576","user"
2577,"name2577","username2577","email2577@email.com","password2577","artist"
2578,"name2578","username2578","email2578@email.com","password2578","artist"
2579,"name2579","username2579","email2579@email.com","password2579","user"
2580,"name2580","username2580","email2580@email.com","password2580","user"
2581,"name2581","username2581","email2581@email.com","password2581","user"
2582,"name2582","username2582","email2582@email.com","password2582","artist"
2583,"name2583","username2583","email2583@email.com","password2583","artist"
2584,"name2584","username2584","email2584@email.com","password2584","artist"
2585,"name2585","username2585","email2585@email.com","password2585","user"
2586,"name2586","username2586","email2586@email.com","password2586","user"
2587,"name2587","username2587","email2587@email.com","password2587","user"
2588,"name2588","username2588","email2588@email.com","password2588","user"
2589,"name2589","username2589","email2589@email.com","password2589","artist"
2590,"name2590","username2590","email2590@email.com","password2590","artist"
2591,"name2591","username2591","email2591@email.com","password2591","artist"
2592,"name2592","username2592","email2592@email.com","password2592","user"
2593,"name2593","username2593","email2593@email.com","password2593","user"
2594,"name2594","username2594","email2594@email.com","password2594","user"
2595,"name2595","username2595","email2595@email.com","password2595","user"
2596,"name2596","username2596","email2596@email.com","password2596","user"
2597,"name2597","username2597","email2597@email.com","password2597","artist"
2598,"name2598","username2598","email2598@email.com","password2598","artist"
2599,"name2599","username2599","email2599@email.com","password2599","user"
2600,"name2600","username2600","email2600@email.com","password2600","user"
2601,"name2601","username2601","email2601@email.com","password2601","artist"
2602,"name2602","username2602","email2602@email.com","password2602","user"
2603,"name2603","username2603","email2603@email.com","password2603","artist"
2604,"name2604","username2604","email2604@email.com","password2604","user"
2605,"name2605","username2605","email2605@email.com","password2605","artist"
2606,"name2606","username2606","email2606@email.com","password2606","artist"
2607,"name2607","username2607","email2607@email.com","password2607","artist"
2608,"name2608","username2608","email2608@email.com","password2608","artist"
2609,"name2609","username2609","email2609@email.com","password2609","user"
2610,"name2610","username2610","email2610@email.com","password2610","user"
2611,"name2611","username2611","email2611@email.com","password2611","artist"
2612,"name2612","username2612","email2612@email.com","password2612","artist"
2613,"name2613","username2613","email2613@email.com","password2613","artist"
2614,"name2614","username2614","email2614@email.com","password2614","user"
2615,"name2615","username2615","email2615@email.com","password2615","user"
2616,"name2616","username2616","email2616@email.com","password2616","user"
2617,"name2617","username2617","email2617@email.com","password2617","user"
2618,"name2618","username2618","email2618@email.com","password2618","user"
2619,"name2619","username2619","email2619@email.com","password2619","artist"
2620,"name2620","username2620","email2620@email.com","password2620","artist"
2621,"name2621","username2621","email2621@email.com","password2621","artist"
2622,"name2622","username2622","email2622@email.com","password2622","artist"
2623,"name2623","username2623","email2623@email.com","password2623","user"
2624,"name2624","username2624","email2624@email.com","password2624","user"
2625,"name2625","username2625","email2625@email.com","password2625","user"
2626,"name2626","username2626","email2626@email.com","password2626","user"
2627,"name2627","username2627","email2627@email.com","password2627","user"
2628,"name2628","username2628","email2628@email.com","password2628","user"
2629,"name2629","username2629","email2629@email.com","password2629","artist"
2630,"name2630","username2630","email2630@email.com","password2630","user"
2631,"name2631","username2631","email2631@email.com","password2631","artist"
2632,"name2632","username2632","email2632@email.com","password2632","user"
2633,"name2633","username2633","email2633@email.com","password2633","artist"
2634,"name2634","username2634","email2634@email.com","password2634","artist"
2635,"name2635","username2635","email2635@email.com","password2635","artist"
2636,"name2636","username2636","email2636@email.com","password2636","artist"
2637,"name2637","username2637","email2637@email.com","password2637","artist"
2638,"name2638","username2638","email2638@email.com","password2638","artist"
2639,"name2639","username2639","email2639@email.com","password2639","artist"
2640,"name2640","username2640","email2640@email.com","password2640","artist"
2641,"name2641","username2641","email2641@email.com","password2641","artist"
2642,"name2642","username2642","email2642@email.com","password2642","artist"
2643,"name2643","username2643","email2643@email.com","password2643","artist"
2644,"name2644","username2644","email2644@email.com","password2644","user"
2645,"name2645","username2645","email2645@email.com","password2645","user"
2646,"name2646","username2646","email2646@email.com","password2646","artist"
2647,"name2647","username2647","email2647@email.com","password2647","user"
2648,"name2648","username2648","email2648@email.com","password2648","user"
2649,"name2649","username2649","email2649@email.com","password2649","user"
2650,"name2650","username2650","email2650@email.com","password2650","user"
2651,"name2651","username2651","email2651@email.com","password2651","artist"
2652,"name2652","username2652","email2652@email.com","password2652","user"
2653,"name2653","username2653","email2653@email.com","password2653","artist"
2654,"name2654","username2654","email2654@email.com","password2654","user"
2655,"name2655","username2655","email2655@email.com","password2655","artist"
2656,"name2656","username2656","email2656@email.com","password2656","user"
2657,"name2657","username2657","email2657@email.com","password2657","user"
2658,"name2658","username2658","email2658@email.com","password2658","artist"
2659,"name2659","username2659","email2659@email.com","password2659","user"
2660,"name2660","username2660","email2660@email.com","password2660","user"
2661,"name2661","username2661","email2661@email.com","password2661","user"
2662,"name2662","username2662","email2662@email.com","password2662","artist"
2663,"name2663","username2663","email2663@email.com","password2663","artist"
2664,"name2664","username2664","email2664@email.com","password2664","user"
2665,"name2665","username2665","email2665@email.com","password2665","user"
2666,"name2666","username2666","email2666@email.com","password2666","user"
2667,"name2667","username2667","email2667@email.com","password2667","user"
2668,"name2668","username2668","email2668@email.com","password2668","user"
2669,"name2669","username2669","email2669@email.com","password2669","artist"
2670,"name2670","username2670","email2670@email.com","password2670","user"
2671,"name2671","username2671","email2671@email.com","password2671","artist"
2672,"name2672","username2672","email2672@email.com","password2672","artist"
2673,"name2673","username2673","email2673@email.com","password2673","artist"
2674,"name2674","username2674","email2674@email.com","password2674","artist"
2675,"name2675","username2675","email2675@email.com","password2675","artist"
2676,"name2676","username2676","email2676@email.com","password2676","user"
2677,"name2677","username2677","email2677@email.com","password2677","artist"
2678,"name2678","username2678","email2678@email.com","password2678","user"
2679,"name2679","username2679","email2679@email.com","password2679","artist"
2680,"name2680","username2680","email2680@email.com","password2680","user"
2681,"name2681","username2681","email2681@email.com","password2681","user"
2682,"name2682","username2682","email2682@email.com","password2682","user"
2683,"name2683","username2683","email2683@email.com","password2683","artist"
2684,"name2684","username2684","email2684@email.com","password2684","artist"
2685,"name2685","username2685","email2685@email.com","password2685","artist"
2686,"name2686","username2686","email2686@email.com","password2686","user"
2687,"name2687","username2687","email2687@email.com","password2687","artist"
2688,"name2688","username2688","email2688@email.com","password2688","artist"
2689,"name2689","username2689","email2689@email.com","password2689","user"
2690,"name2690","username2690","email2690@email.com","password2690","artist"
2691,"name2691","username2691","email2691@email.com","password2691","user"
2692,"name2692","username2692","email2692@email.com","password2692","user"
2693,"name2693","username2693","email2693@email.com","password2693","user"
2694,"name2694","username2694","email2694@email.com","password2694","user"
2695,"name2695","username2695","email2695@email.com","password2695","user"
2696,"name2696","username2696","email2696@email.com","password2696","artist"
2697,"name2697","username2697","email2697@email.com","password2697","user"
2698,"name2698","username2698","email2698@email.com","password2698","user"
2699,"name2699","username2699","email2699@email.com","password2699","user"
2700,"name2700","username2700","email2700@email.com","password2700","user"
2701,"name2701","username2701","email2701@email.com","password2701","user"
2702,"name2702","username2702","email2702@email.com","password2702","user"
2703,"name2703","username2703","email2703@email.com","password2703","artist"
2704,"name2704","username2704","email2704@email.com","password2704","artist"
2705,"name2705","username2705","email2705@email.com","password2705","artist"
2706,"name2706","username2706","email2706@email.com","password2706","artist"
2707,"name2707","username2707","email2707@email.com","password2707","user"
2708,"name2708","username2708","email2708@email.com","password2708","artist"
2709,"name2709","username2709","email2709@email.com","password2709","artist"
2710,"name2710","username2710","email2710@email.com","password2710","user"
2711,"name2711","username2711","email2711@email.com","password2711","user"
2712,"name2712","username2712","email2712@email.com","password2712","artist"
2713,"name2713","username2713","email2713@email.com","password2713","user"
2714,"name2714","username2714","email2714@email.com","password2714","artist"
2715,"name2715","username2715","email2715@email.com","password2715","user"
2716,"name2716","username2716","email2716@email.com","password2716","artist"
2717,"name2717","username2717","email2717@email.com","password2717","artist"
2718,"name2718","username2718","email2718@email.com","password2718","user"
2719,"name2719","username2719","email2719@email.com","password2719","user"
2720,"name2720","username2720","email2720@email.com","password2720","user"
2721,"name2721","username2721","email2721@email.com","password2721","artist"
2722,"name2722","username2722","email2722@email.com","password2722","artist"
2723,"name2723","username2723","email2723@email.com","password2723","artist"
2724,"name2724","username2724","email2724@email.com","password2724","user"
2725,"name2725","username2725","email2725@email.com","password2725","user"
2726,"name2726","username2726","email2726@email.com","password2726","artist"
2727,"name2727","username2727","email2727@email.com","password2727","artist"
2728,"name2728","username2728","email2728@email.com","password2728","user"
2729,"name2729","username2729","email2729@email.com","password2729","user"
2730,"name2730","username2730","email2730@email.com","password2730","artist"
2731,"name2731","username2731","email2731@email.com","password2731","artist"
2732,"name2732","username2732","email2732@email.com","password2732","artist"
2733,"name2733","username2733","email2733@email.com","password2733","artist"
2734,"name2734","username2734","email2734@email.com","password2734","user"
2735,"name2735","username2735","email2735@email.com","password2735","artist"
2736,"name2736","username2736","email2736@email.com","password2736","user"
2737,"name2737","username2737","email2737@email.com","password2737","user"
2738,"name2738","username2738","email2738@email.com","password2738","user"
2739,"name2739","username2739","email2739@email.com","password2739","user"
2740,"name2740","username2740","email2740@email.com","password2740","user"
2741,"name2741","username2741","email2741@email.com","password2741","artist"
2742,"name2742","username2742","email2742@email.com","password2742","user"
2743,"name2743","username2743","email2743@email.com","password2743","user"
2744,"name2744","username2744","email2744@email.com","password2744","artist"
2745,"name2745","username2745","email2745@email.com","password2745","user"
2746,"name2746","username2746","email2746@email.com","password2746","artist"
2747,"name2747","username2747","email2747@email.com","password2747","artist"
2748,"name2748","username2748","email2748@email.com","password2748","user"
2749,"name2749","username2749","email2749@email.com","password2749","artist"
2750,"name2750","username2750","email2750@email.com","password2750","artist"
2751,"name2751","username2751","email2751@email.com","password2751","artist"
2752,"name2752","username2752","email2752@email.com","password2752","user"
2753,"name2753","username2753","email2753@email.com","password2753","artist"
2754,"name2754","username2754","email2754@email.com","password2754","artist"
2755,"name2755","username2755","email2755@email.com","password2755","user"
2756,"name2756","username2756","email2756@email.com","password2756","user"
2757,"name2757","username2757","email2757@email.com","password2757","user"
2758,"name2758","username2758","email2758@email.com","password2758","user"
2759,"name2759","username2759","email2759@email.com","password2759","user"
2760,"name2760","username2760","email2760@email.com","password2760","user"
2761,"name2761","username2761","email2761@email.com","password2761","user"
2762,"name2762","username2762","email2762@email.com","password2762","artist"
2763,"name2763","username2763","email2763@email.com","password2763","artist"
2764,"name2764","username2764","email2764@email.com","password2764","artist"
2765,"name2765","username2765","email2765@email.com","password2765","user"
2766,"name2766","username2766","email2766@email.com","password2766","artist"
2767,"name2767","username2767","email2767@email.com","password2767","user"
2768,"name2768","username2768","email2768@email.com","password2768","artist"
2769,"name2769","username2769","email2769@email.com","password2769","user"
2770,"name2770","username2770","email2770@email.com","password2770","artist"
2771,"name2771","username2771","email2771@email.com","password2771","user"
2772,"name2772","username2772","email2772@email.com","password2772","artist"
2773,"name2773","username2773","email2773@email.com","password2773","artist"
2774,"name2774","username2774","email2774@email.com","password2774","artist"
2775,"name2775","username2775","email2775@email.com","password2775","artist"
2776,"name2776","username2776","email2776@email.com","password2776","artist"
2777,"name2777","username2777","email2777@email.com","password2777","artist"
2778,"name2778","username2778","email2778@email.com","password2778","user"
2779,"name2779","username2779","email2779@email.com","password2779","user"
2780,"name2780","username2780","email2780@email.com","password2780","user"
2781,"name2781","username2781","email2781@email.com","password2781","artist"
2782,"name2782","username2782","email2782@email.com","password2782","user"
2783,"name2783","username2783","email2783@email.com","password2783","artist"
2784,"name2784","username2784","email2784@email.com","password2784","artist"
2785,"name2785","username2785","email2785@email.com","password2785","artist"
2786,"name2786","username2786","email2786@email.com","password2786","artist"
2787,"name2787","username2787","email2787@email.com","password2787","artist"
2788,"name2788","username2788","email2788@email.com","password2788","user"
2789,"name2789","username2789","email2789@email.com","password2789","artist"
2790,"name2790","username2790","email2790@email.com","password2790","artist"
2791,"name2791","username2791","email2791@email.com","password2791","user"
2792,"name2792","username2792","email2792@email.com","password2792","user"
2793,"name2793","username2793","email2793@email.com","password2793","artist"
2794,"name2794","username2794","email2794@email.com","password2794","artist"
2795,"name2795","username2795","email2795@email.com","password2795","artist"
2796,"name2796","username2796","email2796@email.com","password2796","user"
2797,"name2797","username2797","email2797@email.com","password2797","artist"
2798,"name2798","username2798","email2798@email.com","password2798","artist"
2799,"name2799","username2799","email2799@email.com","password2799","user"
2800,"name2800","username2800","email2800@email.com","password2800","artist"
2801,"name2801","username2801","email2801@email.com","password2801","artist"
2802,"name2802","username2802","email2802@email.com","password2802","artist"
2803,"name2803","username2803","email2803@email.com","password2803","artist"
2804,"name2804","username2804","email2804@email.com","password2804","artist"
2805,"name2805","username2805","email2805@email.com","password2805","artist"
2806,"name2806","username2806","email2806@email.com","password2806","artist"
2807,"name2807","username2807","email2807@email.com","password2807","artist"
2808,"name2808","username2808","email2808@email.com","password2808","user"
2809,"name2809","username2809","email2809@email.com","password2809","user"
2810,"name2810","username2810","email2810@email.com","password2810","artist"
2811,"name2811","username2811","email2811@email.com","password2811","artist"
2812,"name2812","username2812","email2812@email.com","password2812","user"
2813,"name2813","username2813","email2813@email.com","password2813","artist"
2814,"name2814","username2814","email2814@email.com","password2814","user"
2815,"name2815","username2815","email2815@email.com","password2815","user"
2816,"name2816","username2816","email2816@email.com","password2816","artist"
2817,"name2817","username2817","email2817@email.com","password2817","user"
2818,"name2818","username2818","email2818@email.com","password2818","artist"
2819,"name2819","username2819","email2819@email.com","password2819","user"
2820,"name2820","username2820","email2820@email.com","password2820","user"
2821,"name2821","username2821","email2821@email.com","password2821","artist"
2822,"name2822","username2822","email2822@email.com","password2822","user"
2823,"name2823","username2823","email2823@email.com","password2823","user"
2824,"name2824","username2824","email2824@email.com","password2824","artist"
2825,"name2825","username2825","email2825@email.com","password2825","artist"
2826,"name2826","username2826","email2826@email.com","password2826","user"
2827,"name2827","username2827","email2827@email.com","password2827","artist"
2828,"name2828","username2828","email2828@email.com","password2828","user"
2829,"name2829","username2829","email2829@email.com","password2829","user"
2830,"name2830","username2830","email2830@email.com","password2830","user"
2831,"name2831","username2831","email2831@email.com","password2831","user"
2832,"name2832","username2832","email2832@email.com","password2832","artist"
2833,"name2833","username2833","email2833@email.com","password2833","artist"
2834,"name2834","username2834","email2834@email.com","password2834","user"
2835,"name2835","username2835","email2835@email.com","password2835","user"
2836,"name2836","username2836","email2836@email.com","password2836","artist"
2837,"name2837","username2837","email2837@email.com","password2837","user"
2838,"name2838","username2838","email2838@email.com","password2838","user"
2839,"name2839","username2839","email2839@email.com","password2839","user"
2840,"name2840","username2840","email2840@email.com","password2840","user"
2841,"name2841","username2841","email2841@email.com","password2841","user"
2842,"name2842","username2842","email2842@email.com","password2842","artist"
2843,"name2843","username2843","email2843@email.com","password2843","artist"
2844,"name2844","username2844","email2844@email.com","password2844","artist"
2845,"name2845","username2845","email2845@email.com","password2845","user"
2846,"name2846","username2846","email2846@email.com","password2846","artist"
2847,"name2847","username2847","email2847@email.com","password2847","user"
2848,"name2848","username2848","email2848@email.com","password2848","artist"
2849,"name2849","username2849","email2849@email.com","password2849","artist"
2850,"name2850","username2850","email2850@email.com","password2850","artist"
2851,"name2851","username2851","email2851@email.com","password2851","user"
2852,"name2852","username2852","email2852@email.com","password2852","user"
2853,"name2853","username2853","email2853@email.com","password2853","user"
2854,"name2854","username2854","email2854@email.com","password2854","artist"
2855,"name2855","username2855","email2855@email.com","password2855","user"
2856,"name2856","username2856","email2856@email.com","password2856","user"
2857,"name2857","username2857","email2857@email.com","password2857","artist"
2858,"name2858","username2858","email2858@email.com","password2858","user"
2859,"name2859","username2859","email2859@email.com","password2859","user"
2860,"name2860","username2860","email2860@email.com","password2860","user"
2861,"name2861","username2861","email2861@email.com","password2861","artist"
2862,"name2862","username2862","email2862@email.com","password2862","artist"
2863,"name2863","username2863","email2863@email.com","password2863","user"
2864,"name2864","username2864","email2864@email.com","password2864","user"
2865,"name2865","username2865","email2865@email.com","password2865","artist"
2866,"name2866","username2866","email2866@email.com","password2866","artist"
2867,"name2867","username2867","email2867@email.com","password2867","user"
2868,"name2868","username2868","email2868@email.com","password2868","user"
2869,"name2869","username2869","email2869@email.com","password2869","artist"
2870,"name2870","username2870","email2870@email.com","password2870","artist"
2871,"name2871","username2871","email2871@email.com","password2871","user"
2872,"name2872","username2872","email2872@email.com","password2872","user"
2873,"name2873","username2873","email2873@email.com","password2873","user"
2874,"name2874","username2874","email2874@email.com","password2874","user"
2875,"name2875","username2875","email2875@email.com","password2875","artist"
2876,"name2876","username2876","email2876@email.com","password2876","user"
2877,"name2877","username2877","email2877@email.com","password2877","user"
2878,"name2878","username2878","email2878@email.com","password2878","artist"
2879,"name2879","username2879","email2879@email.com","password2879","artist"
2880,"name2880","username2880","email2880@email.com","password2880","user"
2881,"name2881","username2881","email2881@email.com","password2881","user"
2882,"name2882","username2882","email2882@email.com","password2882","artist"
2883,"name2883","username2883","email2883@email.com","password2883","user"
2884,"name2884","username2884","email2884@email.com","password2884","artist"
2885,"name2885","username2885","email2885@email.com","password2885","user"
2886,"name2886","username2886","email2886@email.com","password2886","artist"
2887,"name2887","username2887","email2887@email.com","password2887","user"
2888,"name2888","username2888","email2888@email.com","password2888","user"
2889,"name2889","username2889","email2889@email.com","password2889","artist"
2890,"name2890","username2890","email2890@email.com","password2890","artist"
2891,"name2891","username2891","email2891@email.com","password2891","user"
2892,"name2892","username2892","email2892@email.com","password2892","user"
2893,"name2893","username2893","email2893@email.com","password2893","artist"
2894,"name2894","username2894","email2894@email.com","password2894","artist"
2895,"name2895","username2895","email2895@email.com","password2895","artist"
2896,"name2896","username2896","email2896@email.com","password2896","artist"
2897,"name2897","username2897","email2897@email.com","password2897","user"
2898,"name2898","username2898","email2898@email.com","password2898","artist"
2899,"name2899","username2899","email2899@email.com","password2899","user"
2900,"name2900","username2900","email2900@email.com","password2900","artist"
2901,"name2901","username2901","email2901@email.com","password2901","artist"
2902,"name2902","username2902","email2902@email.com","password2902","artist"
2903,"name2903","username2903","email2903@email.com","password2903","artist"
2904,"name2904","username2904","email2904@email.com","password2904","artist"
2905,"name2905","username2905","email2905@email.com","password2905","user"
2906,"name2906","username2906","email2906@email.com","password2906","artist"
2907,"name2907","username2907","email2907@email.com","password2907","user"
2908,"name2908","username2908","email2908@email.com","password2908","user"
2909,"name2909","username2909","email2909@email.com","password2909","user"
2910,"name2910","username2910","email2910@email.com","password2910","user"
2911,"name2911","username2911","email2911@email.com","password2911","artist"
2912,"name2912","username2912","email2912@email.com","password2912","user"
2913,"name2913","username2913","email2913@email.com","password2913","user"
2914,"name2914","username2914","email2914@email.com","password2914","artist"
2915,"name2915","username2915","email2915@email.com","password2915","user"
2916,"name2916","username2916","email2916@email.com","password2916","artist"
2917,"name2917","username2917","email2917@email.com","password2917","artist"
2918,"name2918","username2918","email2918@email.com","password2918","user"
2919,"name2919","username2919","email2919@email.com","password2919","user"
2920,"name2920","username2920","email2920@email.com","password2920","user"
2921,"name2921","username2921","email2921@email.com","password2921","artist"
2922,"name2922","username2922","email2922@email.com","password2922","user"
2923,"name2923","username2923","email2923@email.com","password2923","artist"
2924,"name2924","username2924","email2924@email.com","password2924","user"
2925,"name2925","username2925","email2925@email.com","password2925","artist"
2926,"name2926","username2926","email2926@email.com","password2926","artist"
2927,"name2927","username2927","email2927@email.com","password2927","artist"
2928,"name2928","username2928","email2928@email.com","password2928","artist"
2929,"name2929","username2929","email2929@email.com","password2929","artist"
2930,"name2930","username2930","email2930@email.com","password2930","user"
2931,"name2931","username2931","email2931@email.com","password2931","user"
2932,"name2932","username2932","email2932@email.com","password2932","user"
2933,"name2933","username2933","email2933@email.com","password2933","artist"
2934,"name2934","username2934","email2934@email.com","password2934","user"
2935,"name2935","username2935","email2935@email.com","password2935","artist"
2936,"name2936","username2936","email2936@email.com","password2936","user"
2937,"name2937","username2937","email2937@email.com","password2937","user"
2938,"name2938","username2938","email2938@email.com","password2938","user"
2939,"name2939","username2939","email2939@email.com","password2939","user"
2940,"name2940","username2940","email2940@email.com","password2940","user"
2941,"name2941","username2941","email2941@email.com","password2941","artist"
2942,"name2942","username2942","email2942@email.com","password2942","artist"
2943,"name2943","username2943","email2943@email.com","password2943","user"
2944,"name2944","username2944","email2944@email.com","password2944","artist"
2945,"name2945","username2945","email2945@email.com","password2945","artist"
2946,"name2946","username2946","email2946@email.com","password2946","artist"
2947,"name2947","username2947","email2947@email.com","password2947","user"
2948,"name2948","username2948","email2948@email.com","password2948","user"
2949,"name2949","username2949","email2949@email.com","password2949","user"
2950,"name2950","username2950","email2950@email.com","password2950","artist"
2951,"name2951","username2951","email2951@email.com","password2951","user"
2952,"name2952","username2952","email2952@email.com","password2952","artist"
2953,"name2953","username2953","email2953@email.com","password2953","artist"
2954,"name2954","username2954","email2954@email.com","password2954","user"
2955,"name2955","username2955","email2955@email.com","password2955","artist"
2956,"name2956","username2956","email2956@email.com","password2956","user"
2957,"name2957","username2957","email2957@email.com","password2957","user"
2958,"name2958","username2958","email2958@email.com","password2958","artist"
2959,"name2959","username2959","email2959@email.com","password2959","user"
2960,"name2960","username2960","email2960@email.com","password2960","user"
2961,"name2961","username2961","email2961@email.com","password2961","artist"
2962,"name2962","username2962","email2962@email.com","password2962","artist"
2963,"name2963","username2963","email2963@email.com","password2963","user"
2964,"name2964","username2964","email2964@email.com","password2964","artist"
2965,"name2965","username2965","email2965@email.com","password2965","user"
2966,"name2966","username2966","email2966@email.com","password2966","user"
2967,"name2967","username2967","email2967@email.com","password2967","artist"
2968,"name2968","username2968","email2968@email.com","password2968","artist"
2969,"name2969","username2969","email2969@email.com","password2969","user"
2970,"name2970","username2970","email2970@email.com","password2970","user"
2971,"name2971","username2971","email2971@email.com","password2971","user"
2972,"name2972","username2972","email2972@email.com","password2972","artist"
2973,"name2973","username2973","email2973@email.com","password2973","user"
2974,"name2974","username2974","email2974@email.com","password2974","artist"
2975,"name2975","username2975","email2975@email.com","password2975","artist"
2976,"name2976","username2976","email2976@email.com","password2976","artist"
2977,"name2977","username2977","email2977@email.com","password2977","user"
2978,"name2978","username2978","email2978@email.com","password2978","artist"
2979,"name2979","username2979","email2979@email.com","password2979","artist"
2980,"name2980","username2980","email2980@email.com","password2980","user"
2981,"name2981","username2981","email2981@email.com","password2981","artist"
2982,"name2982","username2982","email2982@email.com","password2982","artist"
2983,"name2983","username2983","email2983@email.com","password2983","artist"
2984,"name2984","username2984","email2984@email.com","password2984","user"
2985,"name2985","username2985","email2985@email.com","password2985","user"
2986,"name2986","username2986","email2986@email.com","password2986","artist"
2987,"name2987","username2987","email2987@email.com","password2987","user"
2988,"name2988","username2988","email2988@email.com","password2988","artist"
2989,"name2989","username2989","email2989@email.com","password2989","user"
2990,"name2990","username2990","email2990@email.com","password2990","user"
2991,"name2991","username2991","email2991@email.com","password2991","user"
2992,"name2992","username2992","email2992@email.com","password2992","artist"
2993,"name2993","username2993","email2993@email.com","password2993","user"
2994,"name2994","username2994","email2994@email.com","password2994","user"
2995,"name2995","username2995","email2995@email.com","password2995","artist"
2996,"name2996","username2996","email2996@email.com","password2996","user"
2997,"name2997","username2997","email2997@email.com","password2997","user"
2998,"name2998","username2998","email2998@email.com","password2998","user"
2999,"name2999","username2999","email2999@email.com","password2999","user"
3000,"name3000","username3000","email3000@email.com","password3000","user"
3001,"name3001","username3001","email3001@email.com","password3001","artist"
3002,"name3002","username3002","email3002@email.com","password3002","artist"
3003,"name3003","username3003","email3003@email.com","password3003","user"
3004,"name3004","username3004","email3004@email.com","password3004","user"
3005,"name3005","username3005","email3005@email.com","password3005","user"
3006,"name3006","username3006","email3006@email.com","password3006","artist"
3007,"name3007","username3007","email3007@email.com","password3007","user"
3008,"name3008","username3008","email3008@email.com","password3008","artist"
3009,"name3009","username3009","email3009@email.com","password3009","user"
3010,"name3010","username3010","email3010@email.com","password3010","user"
3011,"name3011","username3011","email3011@email.com","password3011","user"
3012,"name3012","username3012","email3012@email.com","password3012","artist"
3013,"name3013","username3013","email3013@email.com","password3013","user"
3014,"name3014","username3014","email3014@email.com","password3014","user"
3015,"name3015","username3015","email3015@email.com","password3015","user"
3016,"name3016","username3016","email3016@email.com","password3016","user"
3017,"name3017","username3017","email3017@email.com","password3017","artist"
3018,"name3018","username3018","email3018@email.com","password3018","artist"
3019,"name3019","username3019","email3019@email.com","password3019","artist"
3020,"name3020","username3020","email3020@email.com","password3020","user"
3021,"name3021","username3021","email3021@email.com","password3021","artist"
3022,"name3022","username3022","email3022@email.com","password3022","artist"
3023,"name3023","username3023","email3023@email.com","password3023","artist"
3024,"name3024","username3024","email3024@email.com","password3024","artist"
3025,"name3025","username3025","email3025@email.com","password3025","artist"
3026,"name3026","username3026","email3026@email.com","password3026","user"
3027,"name3027","username3027","email3027@email.com","password3027","artist"
3028,"name3028","username3028","email3028@email.com","password3028","user"
3029,"name3029","username3029","email3029@email.com","password3029","artist"
3030,"name3030","username3030","email3030@email.com","password3030","user"
3031,"name3031","username3031","email3031@email.com","password3031","user"
3032,"name3032","username3032","email3032@email.com","password3032","user"
3033,"name3033","username3033","email3033@email.com","password3033","user"
3034,"name3034","username3034","email3034@email.com","password3034","user"
3035,"name3035","username3035","email3035@email.com","password3035","artist"
3036,"name3036","username3036","email3036@email.com","password3036","artist"
3037,"name3037","username3037","email3037@email.com","password3037","user"
3038,"name3038","username3038","email3038@email.com","password3038","artist"
3039,"name3039","username3039","email3039@email.com","password3039","user"
3040,"name3040","username3040","email3040@email.com","password3040","artist"
3041,"name3041","username3041","email3041@email.com","password3041","artist"
3042,"name3042","username3042","email3042@email.com","password3042","artist"
3043,"name3043","username3043","email3043@email.com","password3043","user"
3044,"name3044","username3044","email3044@email.com","password3044","user"
3045,"name3045","username3045","email3045@email.com","password3045","artist"
3046,"name3046","username3046","email3046@email.com","password3046","user"
3047,"name3047","username3047","email3047@email.com","password3047","user"
3048,"name3048","username3048","email3048@email.com","password3048","artist"
3049,"name3049","username3049","email3049@email.com","password3049","user"
3050,"name3050","username3050","email3050@email.com","password3050","user"
3051,"name3051","username3051","email3051@email.com","password3051","artist"
3052,"name3052","username3052","email3052@email.com","password3052","user"
3053,"name3053","username3053","email3053@email.com","password3053","artist"
3054,"name3054","username3054","email3054@email.com","password3054","artist"
3055,"name3055","username3055","email3055@email.com","password3055","artist"
3056,"name3056","username3056","email3056@email.com","password3056","user"
3057,"name3057","username3057","email3057@email.com","password3057","artist"
3058,"name3058","username3058","email3058@email.com","password3058","user"
3059,"name3059","username3059","email3059@email.com","password3059","user"
3060,"name3060","username3060","email3060@email.com","password3060","artist"
3061,"name3061","username3061","email3061@email.com","password3061","artist"
3062,"name3062","username3062","email3062@email.com","password3062","artist"
3063,"name3063","username3063","email3063@email.com","password3063","user"
3064,"name3064","username3064","email3064@email.com","password3064","user"
3065,"name3065","username3065","email3065@email.com","password3065","user"
3066,"name3066","username3066","email3066@email.com","password3066","artist"
3067,"name3067","username3067","email3067@email.com","password3067","user"
3068,"name3068","username3068","email3068@email.com","password3068","user"
3069,"name3069","username3069","email3069@email.com","password3069","user"
3070,"name3070","username3070","email3070@email.com","password3070","artist"
3071,"name3071","username3071","email3071@email.com","password3071","artist"
3072,"name3072","username3072","email3072@email.com","password3072","artist"
3073,"name3073","username3073","email3073@email.com","password3073","user"
3074,"name3074","username3074","email3074@email.com","password3074","user"
3075,"name3075","username3075","email3075@email.com","password3075","user"
3076,"name3076","username3076","email3076@email.com","password3076","artist"
3077,"name3077","username3077","email3077@email.com","password3077","user"
3078,"name3078","username3078","email3078@email.com","password3078","user"
3079,"name3079","username3079","email3079@email.com","password3079","user"
3080,"name3080","username3080","email3080@email.com","password3080","user"
3081,"name3081","username3081","email3081@email.com","password3081","user"
3082,"name3082","username3082","email3082@email.com","password3082","artist"
3083,"name3083","username3083","email3083@email.com","password3083","user"
3084,"name3084","username3084","email3084@email.com","password3084","artist"
3085,"name3085","username3085","email3085@email.com","password3085","artist"
3086,"name3086","username3086","email3086@email.com","password3086","artist"
3087,"name3087","username3087","email3087@email.com","password3087","user"
3088,"name3088","username3088","email3088@email.com","password3088","artist"
3089,"name3089","username3089","email3089@email.com","password3089","artist"
3090,"name3090","username3090","email3090@email.com","password3090","artist"
3091,"name3091","username3091","email3091@email.com","password3091","user"
3092,"name3092","username3092","email3092@email.com","password3092","user"
3093,"name3093","username3093","email3093@email.com","password3093","user"
3094,"name3094","username3094","email3094@email.com","password3094","artist"
3095,"name3095","username3095","email3095@email.com","password3095","artist"
3096,"name3096","username3096","email3096@email.com","password3096","user"
3097,"name3097","username3097","email3097@email.com","password3097","artist"
3098,"name3098","username3098","email3098@email.com","password3098","artist"
3099,"name3099","username3099","email3099@email.com","password3099","artist"
3100,"name3100","username3100","email3100@email.com","password3100","user"
3101,"name3101","username3101","email3101@email.com","password3101","artist"
3102,"name3102","username3102","email3102@email.com","password3102","artist"
3103,"name3103","username3103","email3103@email.com","password3103","artist"
3104,"name3104","username3104","email3104@email.com","password3104","user"
3105,"name3105","username3105","email3105@email.com","password3105","artist"
3106,"name3106","username3106","email3106@email.com","password3106","user"
3107,"name3107","username3107","email3107@email.com","password3107","user"
3108,"name3108","username3108","email3108@email.com","password3108","artist"
3109,"name3109","username3109","email3109@email.com","password3109","artist"
3110,"name3110","username3110","email3110@email.com","password3110","user"
3111,"name3111","username3111","email3111@email.com","password3111","user"
3112,"name3112","username3112","email3112@email.com","password3112","user"
3113,"name3113","username3113","email3113@email.com","password3113","artist"
3114,"name3114","username3114","email3114@email.com","password3114","user"
3115,"name3115","username3115","email3115@email.com","password3115","user"
3116,"name3116","username3116","email3116@email.com","password3116","artist"
3117,"name3117","username3117","email3117@email.com","password3117","user"
3118,"name3118","username3118","email3118@email.com","password3118","user"
3119,"name3119","username3119","email3119@email.com","password3119","artist"
3120,"name3120","username3120","email3120@email.com","password3120","artist"
3121,"name3121","username3121","email3121@email.com","password3121","artist"
3122,"name3122","username3122","email3122@email.com","password3122","artist"
3123,"name3123","username3123","email3123@email.com","password3123","artist"
3124,"name3124","username3124","email3124@email.com","password3124","artist"
3125,"name3125","username3125","email3125@email.com","password3125","artist"
3126,"name3126","username3126","email3126@email.com","password3126","user"
3127,"name3127","username3127","email3127@email.com","password3127","artist"
3128,"name3128","username3128","email3128@email.com","password3128","artist"
3129,"name3129","username3129","email3129@email.com","password3129","user"
3130,"name3130","username3130","email3130@email.com","password3130","artist"
3131,"name3131","username3131","email3131@email.com","password3131","user"
3132,"name3132","username3132","email3132@email.com","password3132","artist"
3133,"name3133","username3133","email3133@email.com","password3133","user"
3134,"name3134","username3134","email3134@email.com","password3134","user"
3135,"name3135","username3135","email3135@email.com","password3135","user"
3136,"name3136","username3136","email3136@email.com","password3136","artist"
3137,"name3137","username3137","email3137@email.com","password3137","user"
3138,"name3138","username3138","email3138@email.com","password3138","user"
3139,"name3139","username3139","email3139@email.com","password3139","artist"
3140,"name3140","username3140","email3140@email.com","password3140","artist"
3141,"name3141","username3141","email3141@email.com","password3141","user"
3142,"name3142","username3142","email3142@email.com","password3142","user"
3143,"name3143","username3143","email3143@email.com","password3143","user"
3144,"name3144","username3144","email3144@email.com","password3144","user"
3145,"name3145","username3145","email3145@email.com","password3145","user"
3146,"name3146","username3146","email3146@email.com","password3146","artist"
3147,"name3147","username3147","email3147@email.com","password3147","user"
3148,"name3148","username3148","email3148@email.com","password3148","artist"
3149,"name3149","username3149","email3149@email.com","password3149","artist"
3150,"name3150","username3150","email3150@email.com","password3150","artist"
3151,"name3151","username3151","email3151@email.com","password3151","artist"
3152,"name3152","username3152","email3152@email.com","password3152","user"
3153,"name3153","username3153","email3153@email.com","password3153","user"
3154,"name3154","username3154","email3154@email.com","password3154","user"
3155,"name3155","username3155","email3155@email.com","password3155","artist"
3156,"name3156","username3156","email3156@email.com","password3156","artist"
3157,"name3157","username3157","email3157@email.com","password3157","user"
3158,"name3158","username3158","email3158@email.com","password3158","artist"
3159,"name3159","username3159","email3159@email.com","password3159","user"
3160,"name3160","username3160","email3160@email.com","password3160","user"
3161,"name3161","username3161","email3161@email.com","password3161","user"
3162,"name3162","username3162","email3162@email.com","password3162","artist"
3163,"name3163","username3163","email3163@email.com","password3163","artist"
3164,"name3164","username3164","email3164@email.com","password3164","user"
3165,"name3165","username3165","email3165@email.com","password3165","user"
3166,"name3166","username3166","email3166@email.com","password3166","user"
3167,"name3167","username3167","email3167@email.com","password3167","artist"
3168,"name3168","username3168","email3168@email.com","password3168","user"
3169,"name3169","username3169","email3169@email.com","password3169","artist"
3170,"name3170","username3170","email3170@email.com","password3170","user"
3171,"name3171","username3171","email3171@email.com","password3171","artist"
3172,"name3172","username3172","email3172@email.com","password3172","user"
3173,"name3173","username3173","email3173@email.com","password3173","user"
3174,"name3174","username3174","email3174@email.com","password3174","user"
3175,"name3175","username3175","email3175@email.com","password3175","user"
3176,"name3176","username3176","email3176@email.com","password3176","user"
3177,"name3177","username3177","email3177@email.com","password3177","artist"
3178,"name3178","username3178","email3178@email.com","password3178","user"
3179,"name3179","username3179","email3179@email.com","password3179","user"
3180,"name3180","username3180","email3180@email.com","password3180","user"
3181,"name3181","username3181","email3181@email.com","password3181","artist"
3182,"name3182","username3182","email3182@email.com","password3182","artist"
3183,"name3183","username3183","email3183@email.com","password3183","artist"
3184,"name3184","username3184","email3184@email.com","password3184","user"
3185,"name3185","username3185","email3185@email.com","password3185","artist"
3186,"name3186","username3186","email3186@email.com","password3186","user"
3187,"name3187","username3187","email3187@email.com","password3187","user"
3188,"name3188","username3188","email3188@email.com","password3188","user"
3189,"name3189","username3189","email3189@email.com","password3189","artist"
3190,"name3190","username3190","email3190@email.com","password3190","artist"
3191,"name3191","username3191","email3191@email.com","password3191","artist"
3192,"name3192","username3192","email3192@email.com","password3192","user"
3193,"name3193","username3193","email3193@email.com","password3193","artist"
3194,"name3194","username3194","email3194@email.com","password3194","user"
3195,"name3195","username3195","email3195@email.com","password3195","user"
3196,"name3196","username3196","email3196@email.com","password3196","artist"
3197,"name3197","username3197","email3197@email.com","password3197","user"
3198,"name3198","username3198","email3198@email.com","password3198","user"
3199,"name3199","username3199","email3199@email.com","password3199","artist"
3200,"name3200","username3200","email3200@email.com","password3200","user"
3201,"name3201","username3201","email3201@email.com","password3201","user"
3202,"name3202","username3202","email3202@email.com","password3202","artist"
3203,"name3203","username3203","email3203@email.com","password3203","user"
3204,"name3204","username3204","email3204@email.com","password3204","artist"
3205,"name3205","username3205","email3205@email.com","password3205","user"
3206,"name3206","username3206","email3206@email.com","password3206","user"
3207,"name3207","username3207","email3207@email.com","password3207","user"
3208,"name3208","username3208","email3208@email.com","password3208","artist"
3209,"name3209","username3209","email3209@email.com","password3209","user"
3210,"name3210","username3210","email3210@email.com","password3210","user"
3211,"name3211","username3211","email3211@email.com","password3211","user"
3212,"name3212","username3212","email3212@email.com","password3212","artist"
3213,"name3213","username3213","email3213@email.com","password3213","user"
3214,"name3214","username3214","email3214@email.com","password3214","user"
3215,"name3215","username3215","email3215@email.com","password3215","user"
3216,"name3216","username3216","email3216@email.com","password3216","artist"
3217,"name3217","username3217","email3217@email.com","password3217","user"
3218,"name3218","username3218","email3218@email.com","password3218","artist"
3219,"name3219","username3219","email3219@email.com","password3219","user"
3220,"name3220","username3220","email3220@email.com","password3220","user"
3221,"name3221","username3221","email3221@email.com","password3221","user"
3222,"name3222","username3222","email3222@email.com","password3222","artist"
3223,"name3223","username3223","email3223@email.com","password3223","artist"
3224,"name3224","username3224","email3224@email.com","password3224","user"
3225,"name3225","username3225","email3225@email.com","password3225","artist"
3226,"name3226","username3226","email3226@email.com","password3226","user"
3227,"name3227","username3227","email3227@email.com","password3227","user"
3228,"name3228","username3228","email3228@email.com","password3228","artist"
3229,"name3229","username3229","email3229@email.com","password3229","artist"
3230,"name3230","username3230","email3230@email.com","password3230","user"
3231,"name3231","username3231","email3231@email.com","password3231","user"
3232,"name3232","username3232","email3232@email.com","password3232","user"
3233,"name3233","username3233","email3233@email.com","password3233","user"
3234,"name3234","username3234","email3234@email.com","password3234","artist"
3235,"name3235","username3235","email3235@email.com","password3235","user"
3236,"name3236","username3236","email3236@email.com","password3236","user"
3237,"name3237","username3237","email3237@email.com","password3237","artist"
3238,"name3238","username3238","email3238@email.com","password3238","artist"
3239,"name3239","username3239","email3239@email.com","password3239","artist"
3240,"name3240","username3240","email3240@email.com","password3240","user"
3241,"name3241","username3241","email3241@email.com","password3241","user"
3242,"name3242","username3242","email3242@email.com","password3242","user"
3243,"name3243","username3243","email3243@email.com","password3243","user"
3244,"name3244","username3244","email3244@email.com","password3244","user"
3245,"name3245","username3245","email3245@email.com","password3245","artist"
3246,"name3246","username3246","email3246@email.com","password3246","user"
3247,"name3247","username3247","email3247@email.com","password3247","artist"
3248,"name3248","username3248","email3248@email.com","password3248","user"
3249,"name3249","username3249","email3249@email.com","password3249","user"
3250,"name3250","username3250","email3250@email.com","password3250","user"
3251,"name3251","username3251","email3251@email.com","password3251","artist"
3252,"name3252","username3252","email3252@email.com","password3252","user"
3253,"name3253","username3253","email3253@email.com","password3253","artist"
3254,"name3254","username3254","email3254@email.com","password3254","user"
3255,"name3255","username3255","email3255@email.com","password3255","user"
3256,"name3256","username3256","email3256@email.com","password3256","artist"
3257,"name3257","username3257","email3257@email.com","password3257","user"
3258,"name3258","username3258","email3258@email.com","password3258","artist"
3259,"name3259","username3259","email3259@email.com","password3259","user"
3260,"name3260","username3260","email3260@email.com","password3260","user"
3261,"name3261","username3261","email3261@email.com","password3261","user"
3262,"name3262","username3262","email3262@email.com","password3262","user"
3263,"name3263","username3263","email3263@email.com","password3263","user"
3264,"name3264","username3264","email3264@email.com","password3264","user"
3265,"name3265","username3265","email3265@email.com","password3265","user"
3266,"name3266","username3266","email3266@email.com","password3266","artist"
3267,"name3267","username3267","email3267@email.com","password3267","user"
3268,"name3268","username3268","email3268@email.com","password3268","user"
3269,"name3269","username3269","email3269@email.com","password3269","artist"
3270,"name3270","username3270","email3270@email.com","password3270","artist"
3271,"name3271","username3271","email3271@email.com","password3271","user"
3272,"name3272","username3272","email3272@email.com","password3272","artist"
3273,"name3273","username3273","email3273@email.com","password3273","artist"
3274,"name3274","username3274","email3274@email.com","password3274","artist"
3275,"name3275","username3275","email3275@email.com","password3275","artist"
3276,"name3276","username3276","email3276@email.com","password3276","user"
3277,"name3277","username3277","email3277@email.com","password3277","artist"
3278,"name3278","username3278","email3278@email.com","password3278","user"
3279,"name3279","username3279","email3279@email.com","password3279","artist"
3280,"name3280","username3280","email3280@email.com","password3280","user"
3281,"name3281","username3281","email3281@email.com","password3281","artist"
3282,"name3282","username3282","email3282@email.com","password3282","artist"
3283,"name3283","username3283","email3283@email.com","password3283","user"
3284,"name3284","username3284","email3284@email.com","password3284","artist"
3285,"name3285","username3285","email3285@email.com","password3285","user"
3286,"name3286","username3286","email3286@email.com","password3286","artist"
3287,"name3287","username3287","email3287@email.com","password3287","artist"
3288,"name3288","username3288","email3288@email.com","password3288","user"
3289,"name3289","username3289","email3289@email.com","password3289","user"
3290,"name3290","username3290","email3290@email.com","password3290","artist"
3291,"name3291","username3291","email3291@email.com","password3291","artist"
3292,"name3292","username3292","email3292@email.com","password3292","artist"
3293,"name3293","username3293","email3293@email.com","password3293","artist"
3294,"name3294","username3294","email3294@email.com","password3294","user"
3295,"name3295","username3295","email3295@email.com","password3295","artist"
3296,"name3296","username3296","email3296@email.com","password3296","user"
3297,"name3297","username3297","email3297@email.com","password3297","user"
3298,"name3298","username3298","email3298@email.com","password3298","user"
3299,"name3299","username3299","email3299@email.com","password3299","artist"
3300,"name3300","username3300","email3300@email.com","password3300","user"
3301,"name3301","username3301","email3301@email.com","password3301","artist"
3302,"name3302","username3302","email3302@email.com","password3302","artist"
3303,"name3303","username3303","email3303@email.com","password3303","artist"
3304,"name3304","username3304","email3304@email.com","password3304","artist"
3305,"name3305","username3305","email3305@email.com","password3305","user"
3306,"name3306","username3306","email3306@email.com","password3306","artist"
3307,"name3307","username3307","email3307@email.com","password3307","user"
3308,"name3308","username3308","email3308@email.com","password3308","artist"
3309,"name3309","username3309","email3309@email.com","password3309","user"
3310,"name3310","username3310","email3310@email.com","password3310","user"
3311,"name3311","username3311","email3311@email.com","password3311","artist"
3312,"name3312","username3312","email3312@email.com","password3312","artist"
3313,"name3313","username3313","email3313@email.com","password3313","artist"
3314,"name3314","username3314","email3314@email.com","password3314","user"
3315,"name3315","username3315","email3315@email.com","password3315","artist"
3316,"name3316","username3316","email3316@email.com","password3316","user"
3317,"name3317","username3317","email3317@email.com","password3317","user"
3318,"name3318","username3318","email3318@email.com","password3318","artist"
3319,"name3319","username3319","email3319@email.com","password3319","user"
3320,"name3320","username3320","email3320@email.com","password3320","artist"
3321,"name3321","username3321","email3321@email.com","password3321","artist"
3322,"name3322","username3322","email3322@email.com","password3322","user"
3323,"name3323","username3323","email3323@email.com","password3323","user"
3324,"name3324","username3324","email3324@email.com","password3324","user"
3325,"name3325","username3325","email3325@email.com","password3325","artist"
3326,"name3326","username3326","email3326@email.com","password3326","artist"
3327,"name3327","username3327","email3327@email.com","password3327","user"
3328,"name3328","username3328","email3328@email.com","password3328","user"
3329,"name3329","username3329","email3329@email.com","password3329","user"
3330,"name3330","username3330","email3330@email.com","password3330","user"
3331,"name3331","username3331","email3331@email.com","password3331","artist"
3332,"name3332","username3332","email3332@email.com","password3332","user"
3333,"name3333","username3333","email3333@email.com","password3333","artist"
3334,"name3334","username3334","email3334@email.com","password3334","artist"
3335,"name3335","username3335","email3335@email.com","password3335","artist"
3336,"name3336","username3336","email3336@email.com","password3336","artist"
3337,"name3337","username3337","email3337@email.com","password3337","artist"
3338,"name3338","username3338","email3338@email.com","password3338","artist"
3339,"name3339","username3339","email3339@email.com","password3339","user"
3340,"name3340","username3340","email3340@email.com","password3340","artist"
3341,"name3341","username3341","email3341@email.com","password3341","user"
3342,"name3342","username3342","email3342@email.com","password3342","artist"
3343,"name3343","username3343","email3343@email.com","password3343","artist"
3344,"name3344","username3344","email3344@email.com","password3344","user"
3345,"name3345","username3345","email3345@email.com","password3345","user"
3346,"name3346","username3346","email3346@email.com","password3346","user"
3347,"name3347","username3347","email3347@email.com","password3347","artist"
3348,"name3348","username3348","email3348@email.com","password3348","artist"
3349,"name3349","username3349","email3349@email.com","password3349","user"
3350,"name3350","username3350","email3350@email.com","password3350","user"
3351,"name3351","username3351","email3351@email.com","password3351","artist"
3352,"name3352","username3352","email3352@email.com","password3352","artist"
3353,"name3353","username3353","email3353@email.com","password3353","artist"
3354,"name3354","username3354","email3354@email.com","password3354","artist"
3355,"name3355","username3355","email3355@email.com","password3355","artist"
3356,"name3356","username3356","email3356@email.com","password3356","artist"
3357,"name3357","username3357","email3357@email.com","password3357","user"
3358,"name3358","username3358","email3358@email.com","password3358","artist"
3359,"name3359","username3359","email3359@email.com","password3359","artist"
3360,"name3360","username3360","email3360@email.com","password3360","user"
3361,"name3361","username3361","email3361@email.com","password3361","user"
3362,"name3362","username3362","email3362@email.com","password3362","artist"
3363,"name3363","username3363","email3363@email.com","password3363","user"
3364,"name3364","username3364","email3364@email.com","password3364","artist"
3365,"name3365","username3365","email3365@email.com","password3365","user"
3366,"name3366","username3366","email3366@email.com","password3366","artist"
3367,"name3367","username3367","email3367@email.com","password3367","artist"
3368,"name3368","username3368","email3368@email.com","password3368","user"
3369,"name3369","username3369","email3369@email.com","password3369","artist"
3370,"name3370","username3370","email3370@email.com","password3370","artist"
3371,"name3371","username3371","email3371@email.com","password3371","user"
3372,"name3372","username3372","email3372@email.com","password3372","user"
3373,"name3373","username3373","email3373@email.com","password3373","artist"
3374,"name3374","username3374","email3374@email.com","password3374","user"
3375,"name3375","username3375","email3375@email.com","password3375","artist"
3376,"name3376","username3376","email3376@email.com","password3376","artist"
3377,"name3377","username3377","email3377@email.com","password3377","user"
3378,"name3378","username3378","email3378@email.com","password3378","artist"
3379,"name3379","username3379","email3379@email.com","password3379","user"
3380,"name3380","username3380","email3380@email.com","password3380","user"
3381,"name3381","username3381","email3381@email.com","password3381","user"
3382,"name3382","username3382","email3382@email.com","password3382","artist"
3383,"name3383","username3383","email3383@email.com","password3383","artist"
3384,"name3384","username3384","email3384@email.com","password3384","user"
3385,"name3385","username3385","email3385@email.com","password3385","artist"
3386,"name3386","username3386","email3386@email.com","password3386","artist"
3387,"name3387","username3387","email3387@email.com","password3387","user"
3388,"name3388","username3388","email3388@email.com","password3388","user"
3389,"name3389","username3389","email3389@email.com","password3389","user"
3390,"name3390","username3390","email3390@email.com","password3390","artist"
3391,"name3391","username3391","email3391@email.com","password3391","artist"
3392,"name3392","username3392","email3392@email.com","password3392","user"
3393,"name3393","username3393","email3393@email.com","password3393","user"
3394,"name3394","username3394","email3394@email.com","password3394","artist"
3395,"name3395","username3395","email3395@email.com","password3395","user"
3396,"name3396","username3396","email3396@email.com","password3396","artist"
3397,"name3397","username3397","email3397@email.com","password3397","artist"
3398,"name3398","username3398","email3398@email.com","password3398","artist"
3399,"name3399","username3399","email3399@email.com","password3399","artist"
3400,"name3400","username3400","email3400@email.com","password3400","user"
3401,"name3401","username3401","email3401@email.com","password3401","artist"
3402,"name3402","username3402","email3402@email.com","password3402","user"
3403,"name3403","username3403","email3403@email.com","password3403","artist"
3404,"name3404","username3404","email3404@email.com","password3404","artist"
3405,"name3405","username3405","email3405@email.com","password3405","user"
3406,"name3406","username3406","email3406@email.com","password3406","artist"
3407,"name3407","username3407","email3407@email.com","password3407","user"
3408,"name3408","username3408","email3408@email.com","password3408","user"
3409,"name3409","username3409","email3409@email.com","password3409","user"
3410,"name3410","username3410","email3410@email.com","password3410","user"
3411,"name3411","username3411","email3411@email.com","password3411","user"
3412,"name3412","username3412","email3412@email.com","password3412","user"
3413,"name3413","username3413","email3413@email.com","password3413","user"
3414,"name3414","username3414","email3414@email.com","password3414","user"
3415,"name3415","username3415","email3415@email.com","password3415","user"
3416,"name3416","username3416","email3416@email.com","password3416","artist"
3417,"name3417","username3417","email3417@email.com","password3417","artist"
3418,"name3418","username3418","email3418@email.com","password3418","artist"
3419,"name3419","username3419","email3419@email.com","password3419","artist"
3420,"name3420","username3420","email3420@email.com","password3420","artist"
3421,"name3421","username3421","email3421@email.com","password3421","user"
3422,"name3422","username3422","email3422@email.com","password3422","artist"
3423,"name3423","username3423","email3423@email.com","password3423","user"
3424,"name3424","username3424","email3424@email.com","password3424","user"
3425,"name3425","username3425","email3425@email.com","password3425","artist"
3426,"name3426","username3426","email3426@email.com","password3426","artist"
3427,"name3427","username3427","email3427@email.com","password3427","user"
3428,"name3428","username3428","email3428@email.com","password3428","user"
3429,"name3429","username3429","email3429@email.com","password3429","artist"
3430,"name3430","username3430","email3430@email.com","password3430","user"
3431,"name3431","username3431","email3431@email.com","password3431","user"
3432,"name3432","username3432","email3432@email.com","password3432","artist"
3433,"name3433","username3433","email3433@email.com","password3433","artist"
3434,"name3434","username3434","email3434@email.com","password3434","artist"
3435,"name3435","username3435","email3435@email.com","password3435","artist"
3436,"name3436","username3436","email3436@email.com","password3436","artist"
3437,"name3437","username3437","email3437@email.com","password3437","user"
3438,"name3438","username3438","email3438@email.com","password3438","artist"
3439,"name3439","username3439","email3439@email.com","password3439","user"
3440,"name3440","username3440","email3440@email.com","password3440","artist"
3441,"name3441","username3441","email3441@email.com","password3441","artist"
3442,"name3442","username3442","email3442@email.com","password3442","artist"
3443,"name3443","username3443","email3443@email.com","password3443","user"
3444,"name3444","username3444","email3444@email.com","password3444","user"
3445,"name3445","username3445","email3445@email.com","password3445","user"
3446,"name3446","username3446","email3446@email.com","password3446","user"
3447,"name3447","username3447","email3447@email.com","password3447","artist"
3448,"name3448","username3448","email3448@email.com","password3448","user"
3449,"name3449","username3449","email3449@email.com","password3449","artist"
3450,"name3450","username3450","email3450@email.com","password3450","artist"
3451,"name3451","username3451","email3451@email.com","password3451","user"
3452,"name3452","username3452","email3452@email.com","password3452","artist"
3453,"name3453","username3453","email3453@email.com","password3453","artist"
3454,"name3454","username3454","email3454@email.com","password3454","user"
3455,"name3455","username3455","email3455@email.com","password3455","user"
3456,"name3456","username3456","email3456@email.com","password3456","artist"
3457,"name3457","username3457","email3457@email.com","password3457","artist"
3458,"name3458","username3458","email3458@email.com","password3458","user"
3459,"name3459","username3459","email3459@email.com","password3459","artist"
3460,"name3460","username3460","email3460@email.com","password3460","artist"
3461,"name3461","username3461","email3461@email.com","password3461","artist"
3462,"name3462","username3462","email3462@email.com","password3462","artist"
3463,"name3463","username3463","email3463@email.com","password3463","artist"
3464,"name3464","username3464","email3464@email.com","password3464","user"
3465,"name3465","username3465","email3465@email.com","password3465","artist"
3466,"name3466","username3466","email3466@email.com","password3466","artist"
3467,"name3467","username3467","email3467@email.com","password3467","user"
3468,"name3468","username3468","email3468@email.com","password3468","user"
3469,"name3469","username3469","email3469@email.com","password3469","artist"
3470,"name3470","username3470","email3470@email.com","password3470","user"
3471,"name3471","username3471","email3471@email.com","password3471","artist"
3472,"name3472","username3472","email3472@email.com","password3472","artist"
3473,"name3473","username3473","email3473@email.com","password3473","user"
3474,"name3474","username3474","email3474@email.com","password3474","artist"
3475,"name3475","username3475","email3475@email.com","password3475","artist"
3476,"name3476","username3476","email3476@email.com","password3476","user"
3477,"name3477","username3477","email3477@email.com","password3477","user"
3478,"name3478","username3478","email3478@email.com","password3478","user"
3479,"name3479","username3479","email3479@email.com","password3479","user"
3480,"name3480","username3480","email3480@email.com","password3480","artist"
3481,"name3481","username3481","email3481@email.com","password3481","user"
3482,"name3482","username3482","email3482@email.com","password3482","user"
3483,"name3483","username3483","email3483@email.com","password3483","user"
3484,"name3484","username3484","email3484@email.com","password3484","artist"
3485,"name3485","username3485","email3485@email.com","password3485","user"
3486,"name3486","username3486","email3486@email.com","password3486","user"
3487,"name3487","username3487","email3487@email.com","password3487","artist"
3488,"name3488","username3488","email3488@email.com","password3488","artist"
3489,"name3489","username3489","email3489@email.com","password3489","artist"
3490,"name3490","username3490","email3490@email.com","password3490","user"
3491,"name3491","username3491","email3491@email.com","password3491","user"
3492,"name3492","username3492","email3492@email.com","password3492","user"
3493,"name3493","username3493","email3493@email.com","password3493","user"
3494,"name3494","username3494","email3494@email.com","password3494","artist"
3495,"name3495","username3495","email3495@email.com","password3495","user"
3496,"name3496","username3496","email3496@email.com","password3496","user"
3497,"name3497","username3497","email3497@email.com","password3497","artist"
3498,"name3498","username3498","email3498@email.com","password3498","user"
3499,"name3499","username3499","email3499@email.com","password3499","user"
3500,"name3500","username3500","email3500@email.com","password3500","artist"
3501,"name3501","username3501","email3501@email.com","password3501","artist"
3502,"name3502","username3502","email3502@email.com","password3502","artist"
3503,"name3503","username3503","email3503@email.com","password3503","artist"
3504,"name3504","username3504","email3504@email.com","password3504","user"
3505,"name3505","username3505","email3505@email.com","password3505","user"
3506,"name3506","username3506","email3506@email.com","password3506","artist"
3507,"name3507","username3507","email3507@email.com","password3507","artist"
3508,"name3508","username3508","email3508@email.com","password3508","artist"
3509,"name3509","username3509","email3509@email.com","password3509","user"
3510,"name3510","username3510","email3510@email.com","password3510","user"
3511,"name3511","username3511","email3511@email.com","password3511","artist"
3512,"name3512","username3512","email3512@email.com","password3512","artist"
3513,"name3513","username3513","email3513@email.com","password3513","artist"
3514,"name3514","username3514","email3514@email.com","password3514","user"
3515,"name3515","username3515","email3515@email.com","password3515","user"
3516,"name3516","username3516","email3516@email.com","password3516","artist"
3517,"name3517","username3517","email3517@email.com","password3517","artist"
3518,"name3518","username3518","email3518@email.com","password3518","user"
3519,"name3519","username3519","email3519@email.com","password3519","artist"
3520,"name3520","username3520","email3520@email.com","password3520","user"
3521,"name3521","username3521","email3521@email.com","password3521","user"
3522,"name3522","username3522","email3522@email.com","password3522","artist"
3523,"name3523","username3523","email3523@email.com","password3523","artist"
3524,"name3524","username3524","email3524@email.com","password3524","user"
3525,"name3525","username3525","email3525@email.com","password3525","artist"
3526,"name3526","username3526","email3526@email.com","password3526","artist"
3527,"name3527","username3527","email3527@email.com","password3527","artist"
3528,"name3528","username3528","email3528@email.com","password3528","artist"
3529,"name3529","username3529","email3529@email.com","password3529","user"
3530,"name3530","username3530","email3530@email.com","password3530","user"
3531,"name3531","username3531","email3531@email.com","password3531","user"
3532,"name3532","username3532","email3532@email.com","password3532","artist"
3533,"name3533","username3533","email3533@email.com","password3533","artist"
3534,"name3534","username3534","email3534@email.com","password3534","user"
3535,"name3535","username3535","email3535@email.com","password3535","user"
3536,"name3536","username3536","email3536@email.com","password3536","user"
3537,"name3537","username3537","email3537@email.com","password3537","artist"
3538,"name3538","username3538","email3538@email.com","password3538","artist"
3539,"name3539","username3539","email3539@email.com","password3539","user"
3540,"name3540","username3540","email3540@email.com","password3540","user"
3541,"name3541","username3541","email3541@email.com","password3541","user"
3542,"name3542","username3542","email3542@email.com","password3542","user"
3543,"name3543","username3543","email3543@email.com","password3543","artist"
3544,"name3544","username3544","email3544@email.com","password3544","artist"
3545,"name3545","username3545","email3545@email.com","password3545","user"
3546,"name3546","username3546","email3546@email.com","password3546","user"
3547,"name3547","username3547","email3547@email.com","password3547","user"
3548,"name3548","username3548","email3548@email.com","password3548","artist"
3549,"name3549","username3549","email3549@email.com","password3549","artist"
3550,"name3550","username3550","email3550@email.com","password3550","artist"
3551,"name3551","username3551","email3551@email.com","password3551","user"
3552,"name3552","username3552","email3552@email.com","password3552","artist"
3553,"name3553","username3553","email3553@email.com","password3553","artist"
3554,"name3554","username3554","email3554@email.com","password3554","user"
3555,"name3555","username3555","email3555@email.com","password3555","user"
3556,"name3556","username3556","email3556@email.com","password3556","artist"
3557,"name3557","username3557","email3557@email.com","password3557","artist"
3558,"name3558","username3558","email3558@email.com","password3558","artist"
3559,"name3559","username3559","email3559@email.com","password3559","user"
3560,"name3560","username3560","email3560@email.com","password3560","artist"
3561,"name3561","username3561","email3561@email.com","password3561","user"
3562,"name3562","username3562","email3562@email.com","password3562","artist"
3563,"name3563","username3563","email3563@email.com","password3563","artist"
3564,"name3564","username3564","email3564@email.com","password3564","user"
3565,"name3565","username3565","email3565@email.com","password3565","user"
3566,"name3566","username3566","email3566@email.com","password3566","artist"
3567,"name3567","username3567","email3567@email.com","password3567","user"
3568,"name3568","username3568","email3568@email.com","password3568","user"
3569,"name3569","username3569","email3569@email.com","password3569","artist"
3570,"name3570","username3570","email3570@email.com","password3570","user"
3571,"name3571","username3571","email3571@email.com","password3571","artist"
3572,"name3572","username3572","email3572@email.com","password3572","artist"
3573,"name3573","username3573","email3573@email.com","password3573","user"
3574,"name3574","username3574","email3574@email.com","password3574","user"
3575,"name3575","username3575","email3575@email.com","password3575","artist"
3576,"name3576","username3576","email3576@email.com","password3576","user"
3577,"name3577","username3577","email3577@email.com","password3577","artist"
3578,"name3578","username3578","email3578@email.com","password3578","artist"
3579,"name3579","username3579","email3579@email.com","password3579","artist"
3580,"name3580","username3580","email3580@email.com","password3580","user"
3581,"name3581","username3581","email3581@email.com","password3581","artist"
3582,"name3582","username3582","email3582@email.com","password3582","artist"
3583,"name3583","username3583","email3583@email.com","password3583","artist"
3584,"name3584","username3584","email3584@email.com","password3584","artist"
3585,"name3585","username3585","email3585@email.com","password3585","user"
3586,"name3586","username3586","email3586@email.com","password3586","user"
3587,"name3587","username3587","email3587@email.com","password3587","user"
3588,"name3588","username3588","email3588@email.com","password3588","artist"
3589,"name3589","username3589","email3589@email.com","password3589","artist"
3590,"name3590","username3590","email3590@email.com","password3590","user"
3591,"name3591","username3591","email3591@email.com","password3591","user"
3592,"name3592","username3592","email3592@email.com","password3592","user"
3593,"name3593","username3593","email3593@email.com","password3593","artist"
3594,"name3594","username3594","email3594@email.com","password3594","user"
3595,"name3595","username3595","email3595@email.com","password3595","user"
3596,"name3596","username3596","email3596@email.com","password3596","artist"
3597,"name3597","username3597","email3597@email.com","password3597","artist"
3598,"name3598","username3598","email3598@email.com","password3598","user"
3599,"name3599","username3599","email3599@email.com","password3599","user"
3600,"name3600","username3600","email3600@email.com","password3600","user"
3601,"name3601","username3601","email3601@email.com","password3601","user"
3602,"name3602","username3602","email3602@email.com","password3602","user"
3603,"name3603","username3603","email3603@email.com","password3603","artist"
3604,"name3604","username3604","email3604@email.com","password3604","user"
3605,"name3605","username3605","email3605@email.com","password3605","artist"
3606,"name3606","username3606","email3606@email.com","password3606","user"
3607,"name3607","username3607","email3607@email.com","password3607","user"
3608,"name3608","username3608","email3608@email.com","password3608","artist"
3609,"name3609","username3609","email3609@email.com","password3609","artist"
3610,"name3610","username3610","email3610@email.com","password3610","user"
3611,"name3611","username3611","email3611@email.com","password3611","user"
3612,"name3612","username3612","email3612@email.com","password3612","artist"
3613,"name3613","username3613","email3613@email.com","password3613","user"
3614,"name3614","username3614","email3614@email.com","password3614","artist"
3615,"name3615","username3615","email3615@email.com","password3615","user"
3616,"name3616","username3616","email3616@email.com","password3616","artist"
3617,"name3617","username3617","email3617@email.com","password3617","user"
3618,"name3618","username3618","email3618@email.com","password3618","artist"
3619,"name3619","username3619","email3619@email.com","password3619","user"
3620,"name3620","username3620","email3620@email.com","password3620","user"
3621,"name3621","username3621","email3621@email.com","password3621","artist"
3622,"name3622","username3622","email3622@email.com","password3622","user"
3623,"name3623","username3623","email3623@email.com","password3623","user"
3624,"name3624","username3624","email3624@email.com","password3624","user"
3625,"name3625","username3625","email3625@email.com","password3625","user"
3626,"name3626","username3626","email3626@email.com","password3626","user"
3627,"name3627","username3627","email3627@email.com","password3627","artist"
3628,"name3628","username3628","email3628@email.com","password3628","user"
3629,"name3629","username3629","email3629@email.com","password3629","user"
3630,"name3630","username3630","email3630@email.com","password3630","artist"
3631,"name3631","username3631","email3631@email.com","password3631","artist"
3632,"name3632","username3632","email3632@email.com","password3632","artist"
3633,"name3633","username3633","email3633@email.com","password3633","user"
3634,"name3634","username3634","email3634@email.com","password3634","user"
3635,"name3635","username3635","email3635@email.com","password3635","user"
3636,"name3636","username3636","email3636@email.com","password3636","artist"
3637,"name3637","username3637","email3637@email.com","password3637","artist"
3638,"name3638","username3638","email3638@email.com","password3638","artist"
3639,"name3639","username3639","email3639@email.com","password3639","artist"
3640,"name3640","username3640","email3640@email.com","password3640","artist"
3641,"name3641","username3641","email3641@email.com","password3641","artist"
3642,"name3642","username3642","email3642@email.com","password3642","user"
3643,"name3643","username3643","email3643@email.com","password3643","user"
3644,"name3644","username3644","email3644@email.com","password3644","artist"
3645,"name3645","username3645","email3645@email.com","password3645","artist"
3646,"name3646","username3646","email3646@email.com","password3646","user"
3647,"name3647","username3647","email3647@email.com","password3647","artist"
3648,"name3648","username3648","email3648@email.com","password3648","user"
3649,"name3649","username3649","email3649@email.com","password3649","user"
3650,"name3650","username3650","email3650@email.com","password3650","artist"
3651,"name3651","username3651","email3651@email.com","password3651","artist"
3652,"name3652","username3652","email3652@email.com","password3652","user"
3653,"name3653","username3653","email3653@email.com","password3653","artist"
3654,"name3654","username3654","email3654@email.com","password3654","user"
3655,"name3655","username3655","email3655@email.com","password3655","artist"
3656,"name3656","username3656","email3656@email.com","password3656","artist"
3657,"name3657","username3657","email3657@email.com","password3657","user"
3658,"name3658","username3658","email3658@email.com","password3658","user"
3659,"name3659","username3659","email3659@email.com","password3659","artist"
3660,"name3660","username3660","email3660@email.com","password3660","artist"
3661,"name3661","username3661","email3661@email.com","password3661","user"
3662,"name3662","username3662","email3662@email.com","password3662","user"
3663,"name3663","username3663","email3663@email.com","password3663","artist"
3664,"name3664","username3664","email3664@email.com","password3664","user"
3665,"name3665","username3665","email3665@email.com","password3665","user"
3666,"name3666","username3666","email3666@email.com","password3666","user"
3667,"name3667","username3667","email3667@email.com","password3667","artist"
3668,"name3668","username3668","email3668@email.com","password3668","user"
3669,"name3669","username3669","email3669@email.com","password3669","artist"
3670,"name3670","username3670","email3670@email.com","password3670","user"
3671,"name3671","username3671","email3671@email.com","password3671","artist"
3672,"name3672","username3672","email3672@email.com","password3672","user"
3673,"name3673","username3673","email3673@email.com","password3673","artist"
3674,"name3674","username3674","email3674@email.com","password3674","artist"
3675,"name3675","username3675","email3675@email.com","password3675","user"
3676,"name3676","username3676","email3676@email.com","password3676","artist"
3677,"name3677","username3677","email3677@email.com","password3677","artist"
3678,"name3678","username3678","email3678@email.com","password3678","user"
3679,"name3679","username3679","email3679@email.com","password3679","user"
3680,"name3680","username3680","email3680@email.com","password3680","user"
3681,"name3681","username3681","email3681@email.com","password3681","user"
3682,"name3682","username3682","email3682@email.com","password3682","artist"
3683,"name3683","username3683","email3683@email.com","password3683","user"
3684,"name3684","username3684","email3684@email.com","password3684","user"
3685,"name3685","username3685","email3685@email.com","password3685","artist"
3686,"name3686","username3686","email3686@email.com","password3686","artist"
3687,"name3687","username3687","email3687@email.com","password3687","user"
3688,"name3688","username3688","email3688@email.com","password3688","user"
3689,"name3689","username3689","email3689@email.com","password3689","artist"
3690,"name3690","username3690","email3690@email.com","password3690","artist"
3691,"name3691","username3691","email3691@email.com","password3691","artist"
3692,"name3692","username3692","email3692@email.com","password3692","artist"
3693,"name3693","username3693","email3693@email.com","password3693","user"
3694,"name3694","username3694","email3694@email.com","password3694","artist"
3695,"name3695","username3695","email3695@email.com","password3695","artist"
3696,"name3696","username3696","email3696@email.com","password3696","artist"
3697,"name3697","username3697","email3697@email.com","password3697","artist"
3698,"name3698","username3698","email3698@email.com","password3698","artist"
3699,"name3699","username3699","email3699@email.com","password3699","user"
3700,"name3700","username3700","email3700@email.com","password3700","artist"
3701,"name3701","username3701","email3701@email.com","password3701","user"
3702,"name3702","username3702","email3702@email.com","password3702","artist"
3703,"name3703","username3703","email3703@email.com","password3703","artist"
3704,"name3704","username3704","email3704@email.com","password3704","artist"
3705,"name3705","username3705","email3705@email.com","password3705","user"
3706,"name3706","username3706","email3706@email.com","password3706","user"
3707,"name3707","username3707","email3707@email.com","password3707","artist"
3708,"name3708","username3708","email3708@email.com","password3708","artist"
3709,"name3709","username3709","email3709@email.com","password3709","artist"
3710,"name3710","username3710","email3710@email.com","password3710","artist"
3711,"name3711","username3711","email3711@email.com","password3711","user"
3712,"name3712","username3712","email3712@email.com","password3712","user"
3713,"name3713","username3713","email3713@email.com","password3713","user"
3714,"name3714","username3714","email3714@email.com","password3714","artist"
3715,"name3715","username3715","email3715@email.com","password3715","artist"
3716,"name3716","username3716","email3716@email.com","password3716","artist"
3717,"name3717","username3717","email3717@email.com","password3717","user"
3718,"name3718","username3718","email3718@email.com","password3718","artist"
3719,"name3719","username3719","email3719@email.com","password3719","artist"
3720,"name3720","username3720","email3720@email.com","password3720","artist"
3721,"name3721","username3721","email3721@email.com","password3721","artist"
3722,"name3722","username3722","email3722@email.com","password3722","user"
3723,"name3723","username3723","email3723@email.com","password3723","user"
3724,"name3724","username3724","email3724@email.com","password3724","user"
3725,"name3725","username3725","email3725@email.com","password3725","artist"
3726,"name3726","username3726","email3726@email.com","password3726","user"
3727,"name3727","username3727","email3727@email.com","password3727","artist"
3728,"name3728","username3728","email3728@email.com","password3728","user"
3729,"name3729","username3729","email3729@email.com","password3729","user"
3730,"name3730","username3730","email3730@email.com","password3730","artist"
3731,"name3731","username3731","email3731@email.com","password3731","artist"
3732,"name3732","username3732","email3732@email.com","password3732","user"
3733,"name3733","username3733","email3733@email.com","password3733","artist"
3734,"name3734","username3734","email3734@email.com","password3734","user"
3735,"name3735","username3735","email3735@email.com","password3735","artist"
3736,"name3736","username3736","email3736@email.com","password3736","user"
3737,"name3737","username3737","email3737@email.com","password3737","artist"
3738,"name3738","username3738","email3738@email.com","password3738","artist"
3739,"name3739","username3739","email3739@email.com","password3739","user"
3740,"name3740","username3740","email3740@email.com","password3740","artist"
3741,"name3741","username3741","email3741@email.com","password3741","user"
3742,"name3742","username3742","email3742@email.com","password3742","user"
3743,"name3743","username3743","email3743@email.com","password3743","user"
3744,"name3744","username3744","email3744@email.com","password3744","user"
3745,"name3745","username3745","email3745@email.com","password3745","artist"
3746,"name3746","username3746","email3746@email.com","password3746","user"
3747,"name3747","username3747","email3747@email.com","password3747","artist"
3748,"name3748","username3748","email3748@email.com","password3748","artist"
3749,"name3749","username3749","email3749@email.com","password3749","artist"
3750,"name3750","username3750","email3750@email.com","password3750","artist"
3751,"name3751","username3751","email3751@email.com","password3751","user"
3752,"name3752","username3752","email3752@email.com","password3752","artist"
3753,"name3753","username3753","email3753@email.com","password3753","user"
3754,"name3754","username3754","email3754@email.com","password3754","artist"
3755,"name3755","username3755","email3755@email.com","password3755","artist"
3756,"name3756","username3756","email3756@email.com","password3756","user"
3757,"name3757","username3757","email3757@email.com","password3757","artist"
3758,"name3758","username3758","email3758@email.com","password3758","artist"
3759,"name3759","username3759","email3759@email.com","password3759","artist"
3760,"name3760","username3760","email3760@email.com","password3760","artist"
3761,"name3761","username3761","email3761@email.com","password3761","user"
3762,"name3762","username3762","email3762@email.com","password3762","user"
3763,"name3763","username3763","email3763@email.com","password3763","user"
3764,"name3764","username3764","email3764@email.com","password3764","artist"
3765,"name3765","username3765","email3765@email.com","password3765","artist"
3766,"name3766","username3766","email3766@email.com","password3766","user"
3767,"name3767","username3767","email3767@email.com","password3767","user"
3768,"name3768","username3768","email3768@email.com","password3768","user"
3769,"name3769","username3769","email3769@email.com","password3769","user"
3770,"name3770","username3770","email3770@email.com","password3770","user"
3771,"name3771","username3771","email3771@email.com","password3771","user"
3772,"name3772","username3772","email3772@email.com","password3772","user"
3773,"name3773","username3773","email3773@email.com","password3773","user"
3774,"name3774","username3774","email3774@email.com","password3774","artist"
3775,"name3775","username3775","email3775@email.com","password3775","user"
3776,"name3776","username3776","email3776@email.com","password3776","artist"
3777,"name3777","username3777","email3777@email.com","password3777","artist"
3778,"name3778","username3778","email3778@email.com","password3778","user"
3779,"name3779","username3779","email3779@email.com","password3779","artist"
3780,"name3780","username3780","email3780@email.com","password3780","artist"
3781,"name3781","username3781","email3781@email.com","password3781","user"
3782,"name3782","username3782","email3782@email.com","password3782","artist"
3783,"name3783","username3783","email3783@email.com","password3783","artist"
3784,"name3784","username3784","email3784@email.com","password3784","user"
3785,"name3785","username3785","email3785@email.com","password3785","user"
3786,"name3786","username3786","email3786@email.com","password3786","user"
3787,"name3787","username3787","email3787@email.com","password3787","artist"
3788,"name3788","username3788","email3788@email.com","password3788","artist"
3789,"name3789","username3789","email3789@email.com","password3789","user"
3790,"name3790","username3790","email3790@email.com","password3790","user"
3791,"name3791","username3791","email3791@email.com","password3791","user"
3792,"name3792","username3792","email3792@email.com","password3792","artist"
3793,"name3793","username3793","email3793@email.com","password3793","artist"
3794,"name3794","username3794","email3794@email.com","password3794","artist"
3795,"name3795","username3795","email3795@email.com","password3795","artist"
3796,"name3796","username3796","email3796@email.com","password3796","artist"
3797,"name3797","username3797","email3797@email.com","password3797","artist"
3798,"name3798","username3798","email3798@email.com","password3798","artist"
3799,"name3799","username3799","email3799@email.com","password3799","user"
3800,"name3800","username3800","email3800@email.com","password3800","user"
3801,"name3801","username3801","email3801@email.com","password3801","artist"
3802,"name3802","username3802","email3802@email.com","password3802","user"
3803,"name3803","username3803","email3803@email.com","password3803","user"
3804,"name3804","username3804","email3804@email.com","password3804","artist"
3805,"name3805","username3805","email3805@email.com","password3805","artist"
3806,"name3806","username3806","email3806@email.com","password3806","user"
3807,"name3807","username3807","email3807@email.com","password3807","artist"
3808,"name3808","username3808","email3808@email.com","password3808","artist"
3809,"name3809","username3809","email3809@email.com","password3809","artist"
3810,"name3810","username3810","email3810@email.com","password3810","user"
3811,"name3811","username3811","email3811@email.com","password3811","artist"
3812,"name3812","username3812","email3812@email.com","password3812","artist"
3813,"name3813","username3813","email3813@email.com","password3813","artist"
3814,"name3814","username3814","email3814@email.com","password3814","artist"
3815,"name3815","username3815","email3815@email.com","password3815","artist"
3816,"name3816","username3816","email3816@email.com","password3816","artist"
3817,"name3817","username3817","email3817@email.com","password3817","user"
3818,"name3818","username3818","email3818@email.com","password3818","user"
3819,"name3819","username3819","email3819@email.com","password3819","user"
3820,"name3820","username3820","email3820@email.com","password3820","artist"
3821,"name3821","username3821","email3821@email.com","password3821","artist"
3822,"name3822","username3822","email3822@email.com","password3822","user"
3823,"name3823","username3823","email3823@email.com","password3823","user"
3824,"name3824","username3824","email3824@email.com","password3824","user"
3825,"name3825","username3825","email3825@email.com","password3825","user"
3826,"name3826","username3826","email3826@email.com","password3826","user"
3827,"name3827","username3827","email3827@email.com","password3827","user"
3828,"name3828","username3828","email3828@email.com","password3828","artist"
3829,"name3829","username3829","email3829@email.com","password3829","artist"
3830,"name3830","username3830","email3830@email.com","password3830","artist"
3831,"name3831","username3831","email3831@email.com","password3831","artist"
3832,"name3832","username3832","email3832@email.com","password3832","user"
3833,"name3833","username3833","email3833@email.com","password3833","user"
3834,"name3834","username3834","email3834@email.com","password3834","artist"
3835,"name3835","username3835","email3835@email.com","password3835","artist"
3836,"name3836","username3836","email3836@email.com","password3836","artist"
3837,"name3837","username3837","email3837@email.com","password3837","user"
3838,"name3838","username3838","email3838@email.com","password3838","user"
3839,"name3839","username3839","email3839@email.com","password3839","artist"
3840,"name3840","username3840","email3840@email.com","password3840","user"
3841,"name3841","username3841","email3841@email.com","password3841","user"
3842,"name3842","username3842","email3842@email.com","password3842","user"
3843,"name3843","username3843","email3843@email.com","password3843","artist"
3844,"name3844","username3844","email3844@email.com","password3844","artist"
3845,"name3845","username3845","email3845@email.com","password3845","user"
3846,"name3846","username3846","email3846@email.com","password3846","user"
3847,"name3847","username3847","email3847@email.com","password3847","user"
3848,"name3848","username3848","email3848@email.com","password3848","user"
3849,"name3849","username3849","email3849@email.com","password3849","artist"
3850,"name3850","username3850","email3850@email.com","password3850","user"
3851,"name3851","username3851","email3851@email.com","password3851","artist"
3852,"name3852","username3852","email3852@email.com","password3852","user"
3853,"name3853","username3853","email3853@email.com","password3853","user"
3854,"name3854","username3854","email3854@email.com","password3854","user"
3855,"name3855","username3855","email3855@email.com","password3855","artist"
3856,"name3856","username3856","email3856@email.com","password3856","user"
3857,"name3857","username3857","email3857@email.com","password3857","user"
3858,"name3858","username3858","email3858@email.com","password3858","artist"
3859,"name3859","username3859","email3859@email.com","password3859","artist"
3860,"name3860","username3860","email3860@email.com","password3860","user"
3861,"name3861","username3861","email3861@email.com","password3861","user"
3862,"name3862","username3862","email3862@email.com","password3862","user"
3863,"name3863","username3863","email3863@email.com","password3863","user"
3864,"name3864","username3864","email3864@email.com","password3864","user"
3865,"name3865","username3865","email3865@email.com","password3865","user"
3866,"name3866","username3866","email3866@email.com","password3866","artist"
3867,"name3867","username3867","email3867@email.com","password3867","artist"
3868,"name3868","username3868","email3868@email.com","password3868","artist"
3869,"name3869","username3869","email3869@email.com","password3869","user"
3870,"name3870","username3870","email3870@email.com","password3870","artist"
3871,"name3871","username3871","email3871@email.com","password3871","artist"
3872,"name3872","username3872","email3872@email.com","password3872","artist"
3873,"name3873","username3873","email3873@email.com","password3873","user"
3874,"name3874","username3874","email3874@email.com","password3874","user"
3875,"name3875","username3875","email3875@email.com","password3875","artist"
3876,"name3876","username3876","email3876@email.com","password3876","artist"
3877,"name3877","username3877","email3877@email.com","password3877","artist"
3878,"name3878","username3878","email3878@email.com","password3878","artist"
3879,"name3879","username3879","email3879@email.com","password3879","artist"
3880,"name3880","username3880","email3880@email.com","password3880","artist"
3881,"name3881","username3881","email3881@email.com","password3881","user"
3882,"name3882","username3882","email3882@email.com","password3882","artist"
3883,"name3883","username3883","email3883@email.com","password3883","artist"
3884,"name3884","username3884","email3884@email.com","password3884","user"
3885,"name3885","username3885","email3885@email.com","password3885","artist"
3886,"name3886","username3886","email3886@email.com","password3886","user"
3887,"name3887","username3887","email3887@email.com","password3887","user"
3888,"name3888","username3888","email3888@email.com","password3888","artist"
3889,"name3889","username3889","email3889@email.com","password3889","artist"
3890,"name3890","username3890","email3890@email.com","password3890","user"
3891,"name3891","username3891","email3891@email.com","password3891","artist"
3892,"name3892","username3892","email3892@email.com","password3892","user"
3893,"name3893","username3893","email3893@email.com","password3893","artist"
3894,"name3894","username3894","email3894@email.com","password3894","artist"
3895,"name3895","username3895","email3895@email.com","password3895","artist"
3896,"name3896","username3896","email3896@email.com","password3896","artist"
3897,"name3897","username3897","email3897@email.com","password3897","artist"
3898,"name3898","username3898","email3898@email.com","password3898","user"
3899,"name3899","username3899","email3899@email.com","password3899","artist"
3900,"name3900","username3900","email3900@email.com","password3900","user"
3901,"name3901","username3901","email3901@email.com","password3901","artist"
3902,"name3902","username3902","email3902@email.com","password3902","user"
3903,"name3903","username3903","email3903@email.com","password3903","artist"
3904,"name3904","username3904","email3904@email.com","password3904","artist"
3905,"name3905","username3905","email3905@email.com","password3905","artist"
3906,"name3906","username3906","email3906@email.com","password3906","artist"
3907,"name3907","username3907","email3907@email.com","password3907","user"
3908,"name3908","username3908","email3908@email.com","password3908","user"
3909,"name3909","username3909","email3909@email.com","password3909","user"
3910,"name3910","username3910","email3910@email.com","password3910","user"
3911,"name3911","username3911","email3911@email.com","password3911","user"
3912,"name3912","username3912","email3912@email.com","password3912","artist"
3913,"name3913","username3913","email3913@email.com","password3913","user"
3914,"name3914","username3914","email3914@email.com","password3914","artist"
3915,"name3915","username3915","email3915@email.com","password3915","user"
3916,"name3916","username3916","email3916@email.com","password3916","user"
3917,"name3917","username3917","email3917@email.com","password3917","artist"
3918,"name3918","username3918","email3918@email.com","password3918","user"
3919,"name3919","username3919","email3919@email.com","password3919","user"
3920,"name3920","username3920","email3920@email.com","password3920","artist"
3921,"name3921","username3921","email3921@email.com","password3921","artist"
3922,"name3922","username3922","email3922@email.com","password3922","user"
3923,"name3923","username3923","email3923@email.com","password3923","artist"
3924,"name3924","username3924","email3924@email.com","password3924","artist"
3925,"name3925","username3925","email3925@email.com","password3925","artist"
3926,"name3926","username3926","email3926@email.com","password3926","user"
3927,"name3927","username3927","email3927@email.com","password3927","user"
3928,"name3928","username3928","email3928@email.com","password3928","artist"
3929,"name3929","username3929","email3929@email.com","password3929","user"
3930,"name3930","username3930","email3930@email.com","password3930","artist"
3931,"name3931","username3931","email3931@email.com","password3931","artist"
3932,"name3932","username3932","email3932@email.com","password3932","artist"
3933,"name3933","username3933","email3933@email.com","password3933","artist"
3934,"name3934","username3934","email3934@email.com","password3934","artist"
3935,"name3935","username3935","email3935@email.com","password3935","artist"
3936,"name3936","username3936","email3936@email.com","password3936","artist"
3937,"name3937","username3937","email3937@email.com","password3937","artist"
3938,"name3938","username3938","email3938@email.com","password3938","artist"
3939,"name3939","username3939","email3939@email.com","password3939","user"
3940,"name3940","username3940","email3940@email.com","password3940","artist"
3941,"name3941","username3941","email3941@email.com","password3941","artist"
3942,"name3942","username3942","email3942@email.com","password3942","user"
3943,"name3943","username3943","email3943@email.com","password3943","user"
3944,"name3944","username3944","email3944@email.com","password3944","user"
3945,"name3945","username3945","email3945@email.com","password3945","artist"
3946,"name3946","username3946","email3946@email.com","password3946","artist"
3947,"name3947","username3947","email3947@email.com","password3947","artist"
3948,"name3948","username3948","email3948@email.com","password3948","user"
3949,"name3949","username3949","email3949@email.com","password3949","user"
3950,"name3950","username3950","email3950@email.com","password3950","user"
3951,"name3951","username3951","email3951@email.com","password3951","user"
3952,"name3952","username3952","email3952@email.com","password3952","user"
3953,"name3953","username3953","email3953@email.com","password3953","user"
3954,"name3954","username3954","email3954@email.com","password3954","user"
3955,"name3955","username3955","email3955@email.com","password3955","artist"
3956,"name3956","username3956","email3956@email.com","password3956","user"
3957,"name3957","username3957","email3957@email.com","password3957","artist"
3958,"name3958","username3958","email3958@email.com","password3958","user"
3959,"name3959","username3959","email3959@email.com","password3959","artist"
3960,"name3960","username3960","email3960@email.com","password3960","artist"
3961,"name3961","username3961","email3961@email.com","password3961","user"
3962,"name3962","username3962","email3962@email.com","password3962","artist"
3963,"name3963","username3963","email3963@email.com","password3963","artist"
3964,"name3964","username3964","email3964@email.com","password3964","user"
3965,"name3965","username3965","email3965@email.com","password3965","user"
3966,"name3966","username3966","email3966@email.com","password3966","artist"
3967,"name3967","username3967","email3967@email.com","password3967","user"
3968,"name3968","username3968","email3968@email.com","password3968","artist"
3969,"name3969","username3969","email3969@email.com","password3969","user"
3970,"name3970","username3970","email3970@email.com","password3970","artist"
3971,"name3971","username3971","email3971@email.com","password3971","artist"
3972,"name3972","username3972","email3972@email.com","password3972","artist"
3973,"name3973","username3973","email3973@email.com","password3973","user"
3974,"name3974","username3974","email3974@email.com","password3974","user"
3975,"name3975","username3975","email3975@email.com","password3975","artist"
3976,"name3976","username3976","email3976@email.com","password3976","user"
3977,"name3977","username3977","email3977@email.com","password3977","user"
3978,"name3978","username3978","email3978@email.com","password3978","artist"
3979,"name3979","username3979","email3979@email.com","password3979","artist"
3980,"name3980","username3980","email3980@email.com","password3980","user"
3981,"name3981","username3981","email3981@email.com","password3981","user"
3982,"name3982","username3982","email3982@email.com","password3982","artist"
3983,"name3983","username3983","email3983@email.com","password3983","user"
3984,"name3984","username3984","email3984@email.com","password3984","artist"
3985,"name3985","username3985","email3985@email.com","password3985","user"
3986,"name3986","username3986","email3986@email.com","password3986","user"
3987,"name3987","username3987","email3987@email.com","password3987","user"
3988,"name3988","username3988","email3988@email.com","password3988","user"
3989,"name3989","username3989","email3989@email.com","password3989","user"
3990,"name3990","username3990","email3990@email.com","password3990","artist"
3991,"name3991","username3991","email3991@email.com","password3991","user"
3992,"name3992","username3992","email3992@email.com","password3992","artist"
3993,"name3993","username3993","email3993@email.com","password3993","user"
3994,"name3994","username3994","email3994@email.com","password3994","artist"
3995,"name3995","username3995","email3995@email.com","password3995","user"
3996,"name3996","username3996","email3996@email.com","password3996","user"
3997,"name3997","username3997","email3997@email.com","password3997","user"
3998,"name3998","username3998","email3998@email.com","password3998","artist"
3999,"name3999","username3999","email3999@email.com","password3999","user"
4000,"name4000","username4000","email4000@email.com","password4000","user"
4001,"name4001","username4001","email4001@email.com","password4001","artist"
4002,"name4002","username4002","email4002@email.com","password4002","artist"
4003,"name4003","username4003","email4003@email.com","password4003","user"
4004,"name4004","username4004","email4004@email.com","password4004","artist"
4005,"name4005","username4005","email4005@email.com","password4005","artist"
4006,"name4006","username4006","email4006@email.com","password4006","user"
4007,"name4007","username4007","email4007@email.com","password4007","user"
4008,"name4008","username4008","email4008@email.com","password4008","user"
4009,"name4009","username4009","email4009@email.com","password4009","user"
4010,"name4010","username4010","email4010@email.com","password4010","user"
4011,"name4011","username4011","email4011@email.com","password4011","artist"
4012,"name4012","username4012","email4012@email.com","password4012","artist"
4013,"name4013","username4013","email4013@email.com","password4013","user"
4014,"name4014","username4014","email4014@email.com","password4014","user"
4015,"name4015","username4015","email4015@email.com","password4015","artist"
4016,"name4016","username4016","email4016@email.com","password4016","user"
4017,"name4017","username4017","email4017@email.com","password4017","user"
4018,"name4018","username4018","email4018@email.com","password4018","artist"
4019,"name4019","username4019","email4019@email.com","password4019","artist"
4020,"name4020","username4020","email4020@email.com","password4020","artist"
4021,"name4021","username4021","email4021@email.com","password4021","user"
4022,"name4022","username4022","email4022@email.com","password4022","artist"
4023,"name4023","username4023","email4023@email.com","password4023","user"
4024,"name4024","username4024","email4024@email.com","password4024","artist"
4025,"name4025","username4025","email4025@email.com","password4025","user"
4026,"name4026","username4026","email4026@email.com","password4026","artist"
4027,"name4027","username4027","email4027@email.com","password4027","user"
4028,"name4028","username4028","email4028@email.com","password4028","artist"
4029,"name4029","username4029","email4029@email.com","password4029","artist"
4030,"name4030","username4030","email4030@email.com","password4030","user"
4031,"name4031","username4031","email4031@email.com","password4031","artist"
4032,"name4032","username4032","email4032@email.com","password4032","artist"
4033,"name4033","username4033","email4033@email.com","password4033","user"
4034,"name4034","username4034","email4034@email.com","password4034","user"
4035,"name4035","username4035","email4035@email.com","password4035","user"
4036,"name4036","username4036","email4036@email.com","password4036","user"
4037,"name4037","username4037","email4037@email.com","password4037","user"
4038,"name4038","username4038","email4038@email.com","password4038","artist"
4039,"name4039","username4039","email4039@email.com","password4039","user"
4040,"name4040","username4040","email4040@email.com","password4040","user"
4041,"name4041","username4041","email4041@email.com","password4041","user"
4042,"name4042","username4042","email4042@email.com","password4042","user"
4043,"name4043","username4043","email4043@email.com","password4043","user"
4044,"name4044","username4044","email4044@email.com","password4044","artist"
4045,"name4045","username4045","email4045@email.com","password4045","user"
4046,"name4046","username4046","email4046@email.com","password4046","user"
4047,"name4047","username4047","email4047@email.com","password4047","artist"
4048,"name4048","username4048","email4048@email.com","password4048","user"
4049,"name4049","username4049","email4049@email.com","password4049","artist"
4050,"name4050","username4050","email4050@email.com","password4050","artist"
4051,"name4051","username4051","email4051@email.com","password4051","user"
4052,"name4052","username4052","email4052@email.com","password4052","artist"
4053,"name4053","username4053","email4053@email.com","password4053","artist"
4054,"name4054","username4054","email4054@email.com","password4054","user"
4055,"name4055","username4055","email4055@email.com","password4055","artist"
4056,"name4056","username4056","email4056@email.com","password4056","user"
4057,"name4057","username4057","email4057@email.com","password4057","user"
4058,"name4058","username4058","email4058@email.com","password4058","user"
4059,"name4059","username4059","email4059@email.com","password4059","user"
4060,"name4060","username4060","email4060@email.com","password4060","artist"
4061,"name4061","username4061","email4061@email.com","password4061","artist"
4062,"name4062","username4062","email4062@email.com","password4062","user"
4063,"name4063","username4063","email4063@email.com","password4063","artist"
4064,"name4064","username4064","email4064@email.com","password4064","artist"
4065,"name4065","username4065","email4065@email.com","password4065","artist"
4066,"name4066","username4066","email4066@email.com","password4066","artist"
4067,"name4067","username4067","email4067@email.com","password4067","user"
4068,"name4068","username4068","email4068@email.com","password4068","user"
4069,"name4069","username4069","email4069@email.com","password4069","user"
4070,"name4070","username4070","email4070@email.com","password4070","user"
4071,"name4071","username4071","email4071@email.com","password4071","user"
4072,"name4072","username4072","email4072@email.com","password4072","artist"
4073,"name4073","username4073","email4073@email.com","password4073","user"
4074,"name4074","username4074","email4074@email.com","password4074","user"
4075,"name4075","username4075","email4075@email.com","password4075","artist"
4076,"name4076","username4076","email4076@email.com","password4076","artist"
4077,"name4077","username4077","email4077@email.com","password4077","user"
4078,"name4078","username4078","email4078@email.com","password4078","artist"
4079,"name4079","username4079","email4079@email.com","password4079","artist"
4080,"name4080","username4080","email4080@email.com","password4080","user"
4081,"name4081","username4081","email4081@email.com","password4081","user"
4082,"name4082","username4082","email4082@email.com","password4082","user"
4083,"name4083","username4083","email4083@email.com","password4083","artist"
4084,"name4084","username4084","email4084@email.com","password4084","artist"
4085,"name4085","username4085","email4085@email.com","password4085","user"
4086,"name4086","username4086","email4086@email.com","password4086","user"
4087,"name4087","username4087","email4087@email.com","password4087","user"
4088,"name4088","username4088","email4088@email.com","password4088","user"
4089,"name4089","username4089","email4089@email.com","password4089","user"
4090,"name4090","username4090","email4090@email.com","password4090","artist"
4091,"name4091","username4091","email4091@email.com","password4091","artist"
4092,"name4092","username4092","email4092@email.com","password4092","artist"
4093,"name4093","username4093","email4093@email.com","password4093","user"
4094,"name4094","username4094","email4094@email.com","password4094","user"
4095,"name4095","username4095","email4095@email.com","password4095","user"
4096,"name4096","username4096","email4096@email.com","password4096","user"
4097,"name4097","username4097","email4097@email.com","password4097","user"
4098,"name4098","username4098","email4098@email.com","password4098","artist"
4099,"name4099","username4099","email4099@email.com","password4099","artist"
4100,"name4100","username4100","email4100@email.com","password4100","user"
4101,"name4101","username4101","email4101@email.com","password4101","artist"
4102,"name4102","username4102","email4102@email.com","password4102","artist"
4103,"name4103","username4103","email4103@email.com","password4103","artist"
4104,"name4104","username4104","email4104@email.com","password4104","artist"
4105,"name4105","username4105","email4105@email.com","password4105","artist"
4106,"name4106","username4106","email4106@email.com","password4106","artist"
4107,"name4107","username4107","email4107@email.com","password4107","artist"
4108,"name4108","username4108","email4108@email.com","password4108","user"
4109,"name4109","username4109","email4109@email.com","password4109","artist"
4110,"name4110","username4110","email4110@email.com","password4110","artist"
4111,"name4111","username4111","email4111@email.com","password4111","artist"
4112,"name4112","username4112","email4112@email.com","password4112","artist"
4113,"name4113","username4113","email4113@email.com","password4113","artist"
4114,"name4114","username4114","email4114@email.com","password4114","artist"
4115,"name4115","username4115","email4115@email.com","password4115","artist"
4116,"name4116","username4116","email4116@email.com","password4116","user"
4117,"name4117","username4117","email4117@email.com","password4117","artist"
4118,"name4118","username4118","email4118@email.com","password4118","user"
4119,"name4119","username4119","email4119@email.com","password4119","user"
4120,"name4120","username4120","email4120@email.com","password4120","artist"
4121,"name4121","username4121","email4121@email.com","password4121","user"
4122,"name4122","username4122","email4122@email.com","password4122","user"
4123,"name4123","username4123","email4123@email.com","password4123","artist"
4124,"name4124","username4124","email4124@email.com","password4124","artist"
4125,"name4125","username4125","email4125@email.com","password4125","artist"
4126,"name4126","username4126","email4126@email.com","password4126","artist"
4127,"name4127","username4127","email4127@email.com","password4127","artist"
4128,"name4128","username4128","email4128@email.com","password4128","user"
4129,"name4129","username4129","email4129@email.com","password4129","user"
4130,"name4130","username4130","email4130@email.com","password4130","user"
4131,"name4131","username4131","email4131@email.com","password4131","artist"
4132,"name4132","username4132","email4132@email.com","password4132","user"
4133,"name4133","username4133","email4133@email.com","password4133","user"
4134,"name4134","username4134","email4134@email.com","password4134","user"
4135,"name4135","username4135","email4135@email.com","password4135","user"
4136,"name4136","username4136","email4136@email.com","password4136","user"
4137,"name4137","username4137","email4137@email.com","password4137","user"
4138,"name4138","username4138","email4138@email.com","password4138","artist"
4139,"name4139","username4139","email4139@email.com","password4139","artist"
4140,"name4140","username4140","email4140@email.com","password4140","user"
4141,"name4141","username4141","email4141@email.com","password4141","user"
4142,"name4142","username4142","email4142@email.com","password4142","artist"
4143,"name4143","username4143","email4143@email.com","password4143","user"
4144,"name4144","username4144","email4144@email.com","password4144","user"
4145,"name4145","username4145","email4145@email.com","password4145","artist"
4146,"name4146","username4146","email4146@email.com","password4146","artist"
4147,"name4147","username4147","email4147@email.com","password4147","user"
4148,"name4148","username4148","email4148@email.com","password4148","user"
4149,"name4149","username4149","email4149@email.com","password4149","artist"
4150,"name4150","username4150","email4150@email.com","password4150","artist"
4151,"name4151","username4151","email4151@email.com","password4151","artist"
4152,"name4152","username4152","email4152@email.com","password4152","user"
4153,"name4153","username4153","email4153@email.com","password4153","artist"
4154,"name4154","username4154","email4154@email.com","password4154","artist"
4155,"name4155","username4155","email4155@email.com","password4155","user"
4156,"name4156","username4156","email4156@email.com","password4156","artist"
4157,"name4157","username4157","email4157@email.com","password4157","user"
4158,"name4158","username4158","email4158@email.com","password4158","user"
4159,"name4159","username4159","email4159@email.com","password4159","artist"
4160,"name4160","username4160","email4160@email.com","password4160","artist"
4161,"name4161","username4161","email4161@email.com","password4161","user"
4162,"name4162","username4162","email4162@email.com","password4162","user"
4163,"name4163","username4163","email4163@email.com","password4163","user"
4164,"name4164","username4164","email4164@email.com","password4164","artist"
4165,"name4165","username4165","email4165@email.com","password4165","user"
4166,"name4166","username4166","email4166@email.com","password4166","artist"
4167,"name4167","username4167","email4167@email.com","password4167","artist"
4168,"name4168","username4168","email4168@email.com","password4168","user"
4169,"name4169","username4169","email4169@email.com","password4169","artist"
4170,"name4170","username4170","email4170@email.com","password4170","user"
4171,"name4171","username4171","email4171@email.com","password4171","user"
4172,"name4172","username4172","email4172@email.com","password4172","user"
4173,"name4173","username4173","email4173@email.com","password4173","artist"
4174,"name4174","username4174","email4174@email.com","password4174","user"
4175,"name4175","username4175","email4175@email.com","password4175","artist"
4176,"name4176","username4176","email4176@email.com","password4176","artist"
4177,"name4177","username4177","email4177@email.com","password4177","artist"
4178,"name4178","username4178","email4178@email.com","password4178","artist"
4179,"name4179","username4179","email4179@email.com","password4179","user"
4180,"name4180","username4180","email4180@email.com","password4180","artist"
4181,"name4181","username4181","email4181@email.com","password4181","user"
4182,"name4182","username4182","email4182@email.com","password4182","artist"
4183,"name4183","username4183","email4183@email.com","password4183","artist"
4184,"name4184","username4184","email4184@email.com","password4184","user"
4185,"name4185","username4185","email4185@email.com","password4185","artist"
4186,"name4186","username4186","email4186@email.com","password4186","user"
4187,"name4187","username4187","email4187@email.com","password4187","user"
4188,"name4188","username4188","email4188@email.com","password4188","artist"
4189,"name4189","username4189","email4189@email.com","password4189","user"
4190,"name4190","username4190","email4190@email.com","password4190","artist"
4191,"name4191","username4191","email4191@email.com","password4191","user"
4192,"name4192","username4192","email4192@email.com","password4192","artist"
4193,"name4193","username4193","email4193@email.com","password4193","user"
4194,"name4194","username4194","email4194@email.com","password4194","user"
4195,"name4195","username4195","email4195@email.com","password4195","artist"
4196,"name4196","username4196","email4196@email.com","password4196","artist"
4197,"name4197","username4197","email4197@email.com","password4197","artist"
4198,"name4198","username4198","email4198@email.com","password4198","artist"
4199,"name4199","username4199","email4199@email.com","password4199","artist"
4200,"name4200","username4200","email4200@email.com","password4200","artist"
4201,"name4201","username4201","email4201@email.com","password4201","user"
4202,"name4202","username4202","email4202@email.com","password4202","user"
4203,"name4203","username4203","email4203@email.com","password4203","user"
4204,"name4204","username4204","email4204@email.com","password4204","user"
4205,"name4205","username4205","email4205@email.com","password4205","artist"
4206,"name4206","username4206","email4206@email.com","password4206","user"
4207,"name4207","username4207","email4207@email.com","password4207","user"
4208,"name4208","username4208","email4208@email.com","password4208","artist"
4209,"name4209","username4209","email4209@email.com","password4209","user"
4210,"name4210","username4210","email4210@email.com","password4210","user"
4211,"name4211","username4211","email4211@email.com","password4211","user"
4212,"name4212","username4212","email4212@email.com","password4212","artist"
4213,"name4213","username4213","email4213@email.com","password4213","artist"
4214,"name4214","username4214","email4214@email.com","password4214","user"
4215,"name4215","username4215","email4215@email.com","password4215","user"
4216,"name4216","username4216","email4216@email.com","password4216","artist"
4217,"name4217","username4217","email4217@email.com","password4217","artist"
4218,"name4218","username4218","email4218@email.com","password4218","user"
4219,"name4219","username4219","email4219@email.com","password4219","user"
4220,"name4220","username4220","email4220@email.com","password4220","artist"
4221,"name4221","username4221","email4221@email.com","password4221","user"
4222,"name4222","username4222","email4222@email.com","password4222","artist"
4223,"name4223","username4223","email4223@email.com","password4223","artist"
4224,"name4224","username4224","email4224@email.com","password4224","user"
4225,"name4225","username4225","email4225@email.com","password4225","artist"
4226,"name4226","username4226","email4226@email.com","password4226","artist"
4227,"name4227","username4227","email4227@email.com","password4227","user"
4228,"name4228","username4228","email4228@email.com","password4228","user"
4229,"name4229","username4229","email4229@email.com","password4229","user"
4230,"name4230","username4230","email4230@email.com","password4230","user"
4231,"name4231","username4231","email4231@email.com","password4231","user"
4232,"name4232","username4232","email4232@email.com","password4232","artist"
4233,"name4233","username4233","email4233@email.com","password4233","user"
4234,"name4234","username4234","email4234@email.com","password4234","user"
4235,"name4235","username4235","email4235@email.com","password4235","user"
4236,"name4236","username4236","email4236@email.com","password4236","user"
4237,"name4237","username4237","email4237@email.com","password4237","user"
4238,"name4238","username4238","email4238@email.com","password4238","artist"
4239,"name4239","username4239","email4239@email.com","password4239","artist"
4240,"name4240","username4240","email4240@email.com","password4240","user"
4241,"name4241","username4241","email4241@email.com","password4241","artist"
4242,"name4242","username4242","email4242@email.com","password4242","artist"
4243,"name4243","username4243","email4243@email.com","password4243","user"
4244,"name4244","username4244","email4244@email.com","password4244","artist"
4245,"name4245","username4245","email4245@email.com","password4245","user"
4246,"name4246","username4246","email4246@email.com","password4246","artist"
4247,"name4247","username4247","email4247@email.com","password4247","artist"
4248,"name4248","username4248","email4248@email.com","password4248","user"
4249,"name4249","username4249","email4249@email.com","password4249","user"
4250,"name4250","username4250","email4250@email.com","password4250","artist"
4251,"name4251","username4251","email4251@email.com","password4251","user"
4252,"name4252","username4252","email4252@email.com","password4252","user"
4253,"name4253","username4253","email4253@email.com","password4253","user"
4254,"name4254","username4254","email4254@email.com","password4254","artist"
4255,"name4255","username4255","email4255@email.com","password4255","user"
4256,"name4256","username4256","email4256@email.com","password4256","user"
4257,"name4257","username4257","email4257@email.com","password4257","artist"
4258,"name4258","username4258","email4258@email.com","password4258","artist"
4259,"name4259","username4259","email4259@email.com","password4259","artist"
4260,"name4260","username4260","email4260@email.com","password4260","artist"
4261,"name4261","username4261","email4261@email.com","password4261","user"
4262,"name4262","username4262","email4262@email.com","password4262","user"
4263,"name4263","username4263","email4263@email.com","password4263","user"
4264,"name4264","username4264","email4264@email.com","password4264","user"
4265,"name4265","username4265","email4265@email.com","password4265","artist"
4266,"name4266","username4266","email4266@email.com","password4266","user"
4267,"name4267","username4267","email4267@email.com","password4267","user"
4268,"name4268","username4268","email4268@email.com","password4268","artist"
4269,"name4269","username4269","email4269@email.com","password4269","user"
4270,"name4270","username4270","email4270@email.com","password4270","user"
4271,"name4271","username4271","email4271@email.com","password4271","artist"
4272,"name4272","username4272","email4272@email.com","password4272","artist"
4273,"name4273","username4273","email4273@email.com","password4273","artist"
4274,"name4274","username4274","email4274@email.com","password4274","artist"
4275,"name4275","username4275","email4275@email.com","password4275","artist"
4276,"name4276","username4276","email4276@email.com","password4276","artist"
4277,"name4277","username4277","email4277@email.com","password4277","user"
4278,"name4278","username4278","email4278@email.com","password4278","artist"
4279,"name4279","username4279","email4279@email.com","password4279","artist"
4280,"name4280","username4280","email4280@email.com","password4280","user"
4281,"name4281","username4281","email4281@email.com","password4281","user"
4282,"name4282","username4282","email4282@email.com","password4282","artist"
4283,"name4283","username4283","email4283@email.com","password4283","user"
4284,"name4284","username4284","email4284@email.com","password4284","artist"
4285,"name4285","username4285","email4285@email.com","password4285","artist"
4286,"name4286","username4286","email4286@email.com","password4286","user"
4287,"name4287","username4287","email4287@email.com","password4287","artist"
4288,"name4288","username4288","email4288@email.com","password4288","user"
4289,"name4289","username4289","email4289@email.com","password4289","artist"
4290,"name4290","username4290","email4290@email.com","password4290","artist"
4291,"name4291","username4291","email4291@email.com","password4291","artist"
4292,"name4292","username4292","email4292@email.com","password4292","artist"
4293,"name4293","username4293","email4293@email.com","password4293","artist"
4294,"name4294","username4294","email4294@email.com","password4294","user"
4295,"name4295","username4295","email4295@email.com","password4295","artist"
4296,"name4296","username4296","email4296@email.com","password4296","artist"
4297,"name4297","username4297","email4297@email.com","password4297","user"
4298,"name4298","username4298","email4298@email.com","password4298","artist"
4299,"name4299","username4299","email4299@email.com","password4299","artist"
4300,"name4300","username4300","email4300@email.com","password4300","user"
4301,"name4301","username4301","email4301@email.com","password4301","artist"
4302,"name4302","username4302","email4302@email.com","password4302","artist"
4303,"name4303","username4303","email4303@email.com","password4303","user"
4304,"name4304","username4304","email4304@email.com","password4304","artist"
4305,"name4305","username4305","email4305@email.com","password4305","artist"
4306,"name4306","username4306","email4306@email.com","password4306","artist"
4307,"name4307","username4307","email4307@email.com","password4307","artist"
4308,"name4308","username4308","email4308@email.com","password4308","artist"
4309,"name4309","username4309","email4309@email.com","password4309","artist"
4310,"name4310","username4310","email4310@email.com","password4310","artist"
4311,"name4311","username4311","email4311@email.com","password4311","artist"
4312,"name4312","username4312","email4312@email.com","password4312","artist"
4313,"name4313","username4313","email4313@email.com","password4313","artist"
4314,"name4314","username4314","email4314@email.com","password4314","user"
4315,"name4315","username4315","email4315@email.com","password4315","user"
4316,"name4316","username4316","email4316@email.com","password4316","artist"
4317,"name4317","username4317","email4317@email.com","password4317","artist"
4318,"name4318","username4318","email4318@email.com","password4318","artist"
4319,"name4319","username4319","email4319@email.com","password4319","user"
4320,"name4320","username4320","email4320@email.com","password4320","artist"
4321,"name4321","username4321","email4321@email.com","password4321","artist"
4322,"name4322","username4322","email4322@email.com","password4322","artist"
4323,"name4323","username4323","email4323@email.com","password4323","user"
4324,"name4324","username4324","email4324@email.com","password4324","artist"
4325,"name4325","username4325","email4325@email.com","password4325","user"
4326,"name4326","username4326","email4326@email.com","password4326","user"
4327,"name4327","username4327","email4327@email.com","password4327","user"
4328,"name4328","username4328","email4328@email.com","password4328","user"
4329,"name4329","username4329","email4329@email.com","password4329","artist"
4330,"name4330","username4330","email4330@email.com","password4330","artist"
4331,"name4331","username4331","email4331@email.com","password4331","user"
4332,"name4332","username4332","email4332@email.com","password4332","user"
4333,"name4333","username4333","email4333@email.com","password4333","artist"
4334,"name4334","username4334","email4334@email.com","password4334","user"
4335,"name4335","username4335","email4335@email.com","password4335","artist"
4336,"name4336","username4336","email4336@email.com","password4336","user"
4337,"name4337","username4337","email4337@email.com","password4337","user"
4338,"name4338","username4338","email4338@email.com","password4338","user"
4339,"name4339","username4339","email4339@email.com","password4339","user"
4340,"name4340","username4340","email4340@email.com","password4340","user"
4341,"name4341","username4341","email4341@email.com","password4341","user"
4342,"name4342","username4342","email4342@email.com","password4342","artist"
4343,"name4343","username4343","email4343@email.com","password4343","artist"
4344,"name4344","username4344","email4344@email.com","password4344","artist"
4345,"name4345","username4345","email4345@email.com","password4345","artist"
4346,"name4346","username4346","email4346@email.com","password4346","artist"
4347,"name4347","username4347","email4347@email.com","password4347","artist"
4348,"name4348","username4348","email4348@email.com","password4348","user"
4349,"name4349","username4349","email4349@email.com","password4349","user"
4350,"name4350","username4350","email4350@email.com","password4350","artist"
4351,"name4351","username4351","email4351@email.com","password4351","artist"
4352,"name4352","username4352","email4352@email.com","password4352","artist"
4353,"name4353","username4353","email4353@email.com","password4353","user"
4354,"name4354","username4354","email4354@email.com","password4354","user"
4355,"name4355","username4355","email4355@email.com","password4355","artist"
4356,"name4356","username4356","email4356@email.com","password4356","user"
4357,"name4357","username4357","email4357@email.com","password4357","artist"
4358,"name4358","username4358","email4358@email.com","password4358","user"
4359,"name4359","username4359","email4359@email.com","password4359","user"
4360,"name4360","username4360","email4360@email.com","password4360","user"
4361,"name4361","username4361","email4361@email.com","password4361","artist"
4362,"name4362","username4362","email4362@email.com","password4362","user"
4363,"name4363","username4363","email4363@email.com","password4363","artist"
4364,"name4364","username4364","email4364@email.com","password4364","artist"
4365,"name4365","username4365","email4365@email.com","password4365","artist"
4366,"name4366","username4366","email4366@email.com","password4366","user"
4367,"name4367","username4367","email4367@email.com","password4367","artist"
4368,"name4368","username4368","email4368@email.com","password4368","user"
4369,"name4369","username4369","email4369@email.com","password4369","user"
4370,"name4370","username4370","email4370@email.com","password4370","user"
4371,"name4371","username4371","email4371@email.com","password4371","user"
4372,"name4372","username4372","email4372@email.com","password4372","artist"
4373,"name4373","username4373","email4373@email.com","password4373","user"
4374,"name4374","username4374","email4374@email.com","password4374","user"
4375,"name4375","username4375","email4375@email.com","password4375","user"
4376,"name4376","username4376","email4376@email.com","password4376","artist"
4377,"name4377","username4377","email4377@email.com","password4377","user"
4378,"name4378","username4378","email4378@email.com","password4378","artist"
4379,"name4379","username4379","email4379@email.com","password4379","artist"
4380,"name4380","username4380","email4380@email.com","password4380","user"
4381,"name4381","username4381","email4381@email.com","password4381","user"
4382,"name4382","username4382","email4382@email.com","password4382","artist"
4383,"name4383","username4383","email4383@email.com","password4383","artist"
4384,"name4384","username4384","email4384@email.com","password4384","artist"
4385,"name4385","username4385","email4385@email.com","password4385","artist"
4386,"name4386","username4386","email4386@email.com","password4386","artist"
4387,"name4387","username4387","email4387@email.com","password4387","user"
4388,"name4388","username4388","email4388@email.com","password4388","user"
4389,"name4389","username4389","email4389@email.com","password4389","user"
4390,"name4390","username4390","email4390@email.com","password4390","artist"
4391,"name4391","username4391","email4391@email.com","password4391","user"
4392,"name4392","username4392","email4392@email.com","password4392","artist"
4393,"name4393","username4393","email4393@email.com","password4393","artist"
4394,"name4394","username4394","email4394@email.com","password4394","artist"
4395,"name4395","username4395","email4395@email.com","password4395","artist"
4396,"name4396","username4396","email4396@email.com","password4396","user"
4397,"name4397","username4397","email4397@email.com","password4397","artist"
4398,"name4398","username4398","email4398@email.com","password4398","artist"
4399,"name4399","username4399","email4399@email.com","password4399","artist"
4400,"name4400","username4400","email4400@email.com","password4400","user"
4401,"name4401","username4401","email4401@email.com","password4401","artist"
4402,"name4402","username4402","email4402@email.com","password4402","user"
4403,"name4403","username4403","email4403@email.com","password4403","artist"
4404,"name4404","username4404","email4404@email.com","password4404","artist"
4405,"name4405","username4405","email4405@email.com","password4405","user"
4406,"name4406","username4406","email4406@email.com","password4406","user"
4407,"name4407","username4407","email4407@email.com","password4407","artist"
4408,"name4408","username4408","email4408@email.com","password4408","user"
4409,"name4409","username4409","email4409@email.com","password4409","user"
4410,"name4410","username4410","email4410@email.com","password4410","artist"
4411,"name4411","username4411","email4411@email.com","password4411","artist"
4412,"name4412","username4412","email4412@email.com","password4412","artist"
4413,"name4413","username4413","email4413@email.com","password4413","artist"
4414,"name4414","username4414","email4414@email.com","password4414","artist"
4415,"name4415","username4415","email4415@email.com","password4415","artist"
4416,"name4416","username4416","email4416@email.com","password4416","user"
4417,"name4417","username4417","email4417@email.com","password4417","user"
4418,"name4418","username4418","email4418@email.com","password4418","user"
4419,"name4419","username4419","email4419@email.com","password4419","artist"
4420,"name4420","username4420","email4420@email.com","password4420","user"
4421,"name4421","username4421","email4421@email.com","password4421","artist"
4422,"name4422","username4422","email4422@email.com","password4422","artist"
4423,"name4423","username4423","email4423@email.com","password4423","user"
4424,"name4424","username4424","email4424@email.com","password4424","artist"
4425,"name4425","username4425","email4425@email.com","password4425","user"
4426,"name4426","username4426","email4426@email.com","password4426","user"
4427,"name4427","username4427","email4427@email.com","password4427","user"
4428,"name4428","username4428","email4428@email.com","password4428","user"
4429,"name4429","username4429","email4429@email.com","password4429","user"
4430,"name4430","username4430","email4430@email.com","password4430","artist"
4431,"name4431","username4431","email4431@email.com","password4431","artist"
4432,"name4432","username4432","email4432@email.com","password4432","artist"
4433,"name4433","username4433","email4433@email.com","password4433","user"
4434,"name4434","username4434","email4434@email.com","password4434","artist"
4435,"name4435","username4435","email4435@email.com","password4435","artist"
4436,"name4436","username4436","email4436@email.com","password4436","user"
4437,"name4437","username4437","email4437@email.com","password4437","artist"
4438,"name4438","username4438","email4438@email.com","password4438","user"
4439,"name4439","username4439","email4439@email.com","password4439","user"
4440,"name4440","username4440","email4440@email.com","password4440","user"
4441,"name4441","username4441","email4441@email.com","password4441","artist"
4442,"name4442","username4442","email4442@email.com","password4442","user"
4443,"name4443","username4443","email4443@email.com","password4443","artist"
4444,"name4444","username4444","email4444@email.com","password4444","user"
4445,"name4445","username4445","email4445@email.com","password4445","user"
4446,"name4446","username4446","email4446@email.com","password4446","user"
4447,"name4447","username4447","email4447@email.com","password4447","artist"
4448,"name4448","username4448","email4448@email.com","password4448","user"
4449,"name4449","username4449","email4449@email.com","password4449","artist"
4450,"name4450","username4450","email4450@email.com","password4450","user"
4451,"name4451","username4451","email4451@email.com","password4451","user"
4452,"name4452","username4452","email4452@email.com","password4452","artist"
4453,"name4453","username4453","email4453@email.com","password4453","artist"
4454,"name4454","username4454","email4454@email.com","password4454","artist"
4455,"name4455","username4455","email4455@email.com","password4455","user"
4456,"name4456","username4456","email4456@email.com","password4456","artist"
4457,"name4457","username4457","email4457@email.com","password4457","artist"
4458,"name4458","username4458","email4458@email.com","password4458","user"
4459,"name4459","username4459","email4459@email.com","password4459","artist"
4460,"name4460","username4460","email4460@email.com","password4460","artist"
4461,"name4461","username4461","email4461@email.com","password4461","artist"
4462,"name4462","username4462","email4462@email.com","password4462","user"
4463,"name4463","username4463","email4463@email.com","password4463","artist"
4464,"name4464","username4464","email4464@email.com","password4464","user"
4465,"name4465","username4465","email4465@email.com","password4465","artist"
4466,"name4466","username4466","email4466@email.com","password4466","artist"
4467,"name4467","username4467","email4467@email.com","password4467","artist"
4468,"name4468","username4468","email4468@email.com","password4468","user"
4469,"name4469","username4469","email4469@email.com","password4469","artist"
4470,"name4470","username4470","email4470@email.com","password4470","artist"
4471,"name4471","username4471","email4471@email.com","password4471","user"
4472,"name4472","username4472","email4472@email.com","password4472","user"
4473,"name4473","username4473","email4473@email.com","password4473","artist"
4474,"name4474","username4474","email4474@email.com","password4474","artist"
4475,"name4475","username4475","email4475@email.com","password4475","user"
4476,"name4476","username4476","email4476@email.com","password4476","artist"
4477,"name4477","username4477","email4477@email.com","password4477","user"
4478,"name4478","username4478","email4478@email.com","password4478","artist"
4479,"name4479","username4479","email4479@email.com","password4479","artist"
4480,"name4480","username4480","email4480@email.com","password4480","artist"
4481,"name4481","username4481","email4481@email.com","password4481","user"
4482,"name4482","username4482","email4482@email.com","password4482","user"
4483,"name4483","username4483","email4483@email.com","password4483","artist"
4484,"name4484","username4484","email4484@email.com","password4484","artist"
4485,"name4485","username4485","email4485@email.com","password4485","artist"
4486,"name4486","username4486","email4486@email.com","password4486","user"
4487,"name4487","username4487","email4487@email.com","password4487","artist"
4488,"name4488","username4488","email4488@email.com","password4488","artist"
4489,"name4489","username4489","email4489@email.com","password4489","artist"
4490,"name4490","username4490","email4490@email.com","password4490","artist"
4491,"name4491","username4491","email4491@email.com","password4491","user"
4492,"name4492","username4492","email4492@email.com","password4492","artist"
4493,"name4493","username4493","email4493@email.com","password4493","artist"
4494,"name4494","username4494","email4494@email.com","password4494","user"
4495,"name4495","username4495","email4495@email.com","password4495","artist"
4496,"name4496","username4496","email4496@email.com","password4496","artist"
4497,"name4497","username4497","email4497@email.com","password4497","user"
4498,"name4498","username4498","email4498@email.com","password4498","artist"
4499,"name4499","username4499","email4499@email.com","password4499","user"
4500,"name4500","username4500","email4500@email.com","password4500","user"
4501,"name4501","username4501","email4501@email.com","password4501","user"
4502,"name4502","username4502","email4502@email.com","password4502","user"
4503,"name4503","username4503","email4503@email.com","password4503","artist"
4504,"name4504","username4504","email4504@email.com","password4504","artist"
4505,"name4505","username4505","email4505@email.com","password4505","user"
4506,"name4506","username4506","email4506@email.com","password4506","artist"
4507,"name4507","username4507","email4507@email.com","password4507","artist"
4508,"name4508","username4508","email4508@email.com","password4508","artist"
4509,"name4509","username4509","email4509@email.com","password4509","user"
4510,"name4510","username4510","email4510@email.com","password4510","user"
4511,"name4511","username4511","email4511@email.com","password4511","artist"
4512,"name4512","username4512","email4512@email.com","password4512","user"
4513,"name4513","username4513","email4513@email.com","password4513","artist"
4514,"name4514","username4514","email4514@email.com","password4514","artist"
4515,"name4515","username4515","email4515@email.com","password4515","user"
4516,"name4516","username4516","email4516@email.com","password4516","user"
4517,"name4517","username4517","email4517@email.com","password4517","user"
4518,"name4518","username4518","email4518@email.com","password4518","artist"
4519,"name4519","username4519","email4519@email.com","password4519","user"
4520,"name4520","username4520","email4520@email.com","password4520","artist"
4521,"name4521","username4521","email4521@email.com","password4521","user"
4522,"name4522","username4522","email4522@email.com","password4522","user"
4523,"name4523","username4523","email4523@email.com","password4523","artist"
4524,"name4524","username4524","email4524@email.com","password4524","artist"
4525,"name4525","username4525","email4525@email.com","password4525","artist"
4526,"name4526","username4526","email4526@email.com","password4526","artist"
4527,"name4527","username4527","email4527@email.com","password4527","user"
4528,"name4528","username4528","email4528@email.com","password4528","user"
4529,"name4529","username4529","email4529@email.com","password4529","artist"
4530,"name4530","username4530","email4530@email.com","password4530","artist"
4531,"name4531","username4531","email4531@email.com","password4531","artist"
4532,"name4532","username4532","email4532@email.com","password4532","artist"
4533,"name4533","username4533","email4533@email.com","password4533","user"
4534,"name4534","username4534","email4534@email.com","password4534","user"
4535,"name4535","username4535","email4535@email.com","password4535","artist"
4536,"name4536","username4536","email4536@email.com","password4536","artist"
4537,"name4537","username4537","email4537@email.com","password4537","artist"
4538,"name4538","username4538","email4538@email.com","password4538","user"
4539,"name4539","username4539","email4539@email.com","password4539","artist"
4540,"name4540","username4540","email4540@email.com","password4540","artist"
4541,"name4541","username4541","email4541@email.com","password4541","artist"
4542,"name4542","username4542","email4542@email.com","password4542","user"
4543,"name4543","username4543","email4543@email.com","password4543","user"
4544,"name4544","username4544","email4544@email.com","password4544","user"
4545,"name4545","username4545","email4545@email.com","password4545","artist"
4546,"name4546","username4546","email4546@email.com","password4546","user"
4547,"name4547","username4547","email4547@email.com","password4547","artist"
4548,"name4548","username4548","email4548@email.com","password4548","user"
4549,"name4549","username4549","email4549@email.com","password4549","artist"
4550,"name4550","username4550","email4550@email.com","password4550","artist"
4551,"name4551","username4551","email4551@email.com","password4551","user"
4552,"name4552","username4552","email4552@email.com","password4552","artist"
4553,"name4553","username4553","email4553@email.com","password4553","user"
4554,"name4554","username4554","email4554@email.com","password4554","user"
4555,"name4555","username4555","email4555@email.com","password4555","user"
4556,"name4556","username4556","email4556@email.com","password4556","artist"
4557,"name4557","username4557","email4557@email.com","password4557","artist"
4558,"name4558","username4558","email4558@email.com","password4558","artist"
4559,"name4559","username4559","email4559@email.com","password4559","artist"
4560,"name4560","username4560","email4560@email.com","password4560","user"
4561,"name4561","username4561","email4561@email.com","password4561","artist"
4562,"name4562","username4562","email4562@email.com","password4562","user"
4563,"name4563","username4563","email4563@email.com","password4563","user"
4564,"name4564","username4564","email4564@email.com","password4564","user"
4565,"name4565","username4565","email4565@email.com","password4565","user"
4566,"name4566","username4566","email4566@email.com","password4566","artist"
4567,"name4567","username4567","email4567@email.com","password4567","artist"
4568,"name4568","username4568","email4568@email.com","password4568","artist"
4569,"name4569","username4569","email4569@email.com","password4569","artist"
4570,"name4570","username4570","email4570@email.com","password4570","artist"
4571,"name4571","username4571","email4571@email.com","password4571","artist"
4572,"name4572","username4572","email4572@email.com","password4572","user"
4573,"name4573","username4573","email4573@email.com","password4573","user"
4574,"name4574","username4574","email4574@email.com","password4574","user"
4575,"name4575","username4575","email4575@email.com","password4575","artist"
4576,"name4576","username4576","email4576@email.com","password4576","artist"
4577,"name4577","username4577","email4577@email.com","password4577","user"
4578,"name4578","username4578","email4578@email.com","password4578","artist"
4579,"name4579","username4579","email4579@email.com","password4579","artist"
4580,"name4580","username4580","email4580@email.com","password4580","user"
4581,"name4581","username4581","email4581@email.com","password4581","artist"
4582,"name4582","username4582","email4582@email.com","password4582","user"
4583,"name4583","username4583","email4583@email.com","password4583","artist"
4584,"name4584","username4584","email4584@email.com","password4584","artist"
4585,"name4585","username4585","email4585@email.com","password4585","artist"
4586,"name4586","username4586","email4586@email.com","password4586","artist"
4587,"name4587","username4587","email4587@email.com","password4587","user"
4588,"name4588","username4588","email4588@email.com","password4588","user"
4589,"name4589","username4589","email4589@email.com","password4589","user"
4590,"name4590","username4590","email4590@email.com","password4590","user"
4591,"name4591","username4591","email4591@email.com","password4591","artist"
4592,"name4592","username4592","email4592@email.com","password4592","user"
4593,"name4593","username4593","email4593@email.com","password4593","artist"
4594,"name4594","username4594","email4594@email.com","password4594","user"
4595,"name4595","username4595","email4595@email.com","password4595","user"
4596,"name4596","username4596","email4596@email.com","password4596","artist"
4597,"name4597","username4597","email4597@email.com","password4597","artist"
4598,"name4598","username4598","email4598@email.com","password4598","user"
4599,"name4599","username4599","email4599@email.com","password4599","user"
4600,"name4600","username4600","email4600@email.com","password4600","artist"
4601,"name4601","username4601","email4601@email.com","password4601","artist"
4602,"name4602","username4602","email4602@email.com","password4602","user"
4603,"name4603","username4603","email4603@email.com","password4603","artist"
4604,"name4604","username4604","email4604@email.com","password4604","artist"
4605,"name4605","username4605","email4605@email.com","password4605","user"
4606,"name4606","username4606","email4606@email.com","password4606","artist"
4607,"name4607","username4607","email4607@email.com","password4607","artist"
4608,"name4608","username4608","email4608@email.com","password4608","artist"
4609,"name4609","username4609","email4609@email.com","password4609","artist"
4610,"name4610","username4610","email4610@email.com","password4610","user"
4611,"name4611","username4611","email4611@email.com","password4611","artist"
4612,"name4612","username4612","email4612@email.com","password4612","user"
4613,"name4613","username4613","email4613@email.com","password4613","artist"
4614,"name4614","username4614","email4614@email.com","password4614","user"
4615,"name4615","username4615","email4615@email.com","password4615","artist"
4616,"name4616","username4616","email4616@email.com","password4616","artist"
4617,"name4617","username4617","email4617@email.com","password4617","artist"
4618,"name4618","username4618","email4618@email.com","password4618","user"
4619,"name4619","username4619","email4619@email.com","password4619","artist"
4620,"name4620","username4620","email4620@email.com","password4620","artist"
4621,"name4621","username4621","email4621@email.com","password4621","user"
4622,"name4622","username4622","email4622@email.com","password4622","artist"
4623,"name4623","username4623","email4623@email.com","password4623","artist"
4624,"name4624","username4624","email4624@email.com","password4624","artist"
4625,"name4625","username4625","email4625@email.com","password4625","artist"
4626,"name4626","username4626","email4626@email.com","password4626","user"
4627,"name4627","username4627","email4627@email.com","password4627","user"
4628,"name4628","username4628","email4628@email.com","password4628","user"
4629,"name4629","username4629","email4629@email.com","password4629","artist"
4630,"name4630","username4630","email4630@email.com","password4630","user"
4631,"name4631","username4631","email4631@email.com","password4631","user"
4632,"name4632","username4632","email4632@email.com","password4632","user"
4633,"name4633","username4633","email4633@email.com","password4633","artist"
4634,"name4634","username4634","email4634@email.com","password4634","user"
4635,"name4635","username4635","email4635@email.com","password4635","artist"
4636,"name4636","username4636","email4636@email.com","password4636","artist"
4637,"name4637","username4637","email4637@email.com","password4637","artist"
4638,"name4638","username4638","email4638@email.com","password4638","artist"
4639,"name4639","username4639","email4639@email.com","password4639","artist"
4640,"name4640","username4640","email4640@email.com","password4640","artist"
4641,"name4641","username4641","email4641@email.com","password4641","user"
4642,"name4642","username4642","email4642@email.com","password4642","user"
4643,"name4643","username4643","email4643@email.com","password4643","user"
4644,"name4644","username4644","email4644@email.com","password4644","user"
4645,"name4645","username4645","email4645@email.com","password4645","artist"
4646,"name4646","username4646","email4646@email.com","password4646","artist"
4647,"name4647","username4647","email4647@email.com","password4647","artist"
4648,"name4648","username4648","email4648@email.com","password4648","user"
4649,"name4649","username4649","email4649@email.com","password4649","artist"
4650,"name4650","username4650","email4650@email.com","password4650","user"
4651,"name4651","username4651","email4651@email.com","password4651","artist"
4652,"name4652","username4652","email4652@email.com","password4652","user"
4653,"name4653","username4653","email4653@email.com","password4653","artist"
4654,"name4654","username4654","email4654@email.com","password4654","artist"
4655,"name4655","username4655","email4655@email.com","password4655","artist"
4656,"name4656","username4656","email4656@email.com","password4656","artist"
4657,"name4657","username4657","email4657@email.com","password4657","artist"
4658,"name4658","username4658","email4658@email.com","password4658","artist"
4659,"name4659","username4659","email4659@email.com","password4659","artist"
4660,"name4660","username4660","email4660@email.com","password4660","user"
4661,"name4661","username4661","email4661@email.com","password4661","artist"
4662,"name4662","username4662","email4662@email.com","password4662","artist"
4663,"name4663","username4663","email4663@email.com","password4663","artist"
4664,"name4664","username4664","email4664@email.com","password4664","user"
4665,"name4665","username4665","email4665@email.com","password4665","artist"
4666,"name4666","username4666","email4666@email.com","password4666","user"
4667,"name4667","username4667","email4667@email.com","password4667","user"
4668,"name4668","username4668","email4668@email.com","password4668","user"
4669,"name4669","username4669","email4669@email.com","password4669","user"
4670,"name4670","username4670","email4670@email.com","password4670","user"
4671,"name4671","username4671","email4671@email.com","password4671","user"
4672,"name4672","username4672","email4672@email.com","password4672","artist"
4673,"name4673","username4673","email4673@email.com","password4673","artist"
4674,"name4674","username4674","email4674@email.com","password4674","artist"
4675,"name4675","username4675","email4675@email.com","password4675","artist"
4676,"name4676","username4676","email4676@email.com","password4676","artist"
4677,"name4677","username4677","email4677@email.com","password4677","artist"
4678,"name4678","username4678","email4678@email.com","password4678","user"
4679,"name4679","username4679","email4679@email.com","password4679","user"
4680,"name4680","username4680","email4680@email.com","password4680","user"
4681,"name4681","username4681","email4681@email.com","password4681","user"
4682,"name4682","username4682","email4682@email.com","password4682","user"
4683,"name4683","username4683","email4683@email.com","password4683","artist"
4684,"name4684","username4684","email4684@email.com","password4684","user"
4685,"name4685","username4685","email4685@email.com","password4685","artist"
4686,"name4686","username4686","email4686@email.com","password4686","artist"
4687,"name4687","username4687","email4687@email.com","password4687","artist"
4688,"name4688","username4688","email4688@email.com","password4688","user"
4689,"name4689","username4689","email4689@email.com","password4689","artist"
4690,"name4690","username4690","email4690@email.com","password4690","user"
4691,"name4691","username4691","email4691@email.com","password4691","artist"
4692,"name4692","username4692","email4692@email.com","password4692","user"
4693,"name4693","username4693","email4693@email.com","password4693","artist"
4694,"name4694","username4694","email4694@email.com","password4694","artist"
4695,"name4695","username4695","email4695@email.com","password4695","user"
4696,"name4696","username4696","email4696@email.com","password4696","user"
4697,"name4697","username4697","email4697@email.com","password4697","user"
4698,"name4698","username4698","email4698@email.com","password4698","user"
4699,"name4699","username4699","email4699@email.com","password4699","user"
4700,"name4700","username4700","email4700@email.com","password4700","artist"
4701,"name4701","username4701","email4701@email.com","password4701","artist"
4702,"name4702","username4702","email4702@email.com","password4702","user"
4703,"name4703","username4703","email4703@email.com","password4703","artist"
4704,"name4704","username4704","email4704@email.com","password4704","artist"
4705,"name4705","username4705","email4705@email.com","password4705","artist"
4706,"name4706","username4706","email4706@email.com","password4706","user"
4707,"name4707","username4707","email4707@email.com","password4707","user"
4708,"name4708","username4708","email4708@email.com","password4708","user"
4709,"name4709","username4709","email4709@email.com","password4709","user"
4710,"name4710","username4710","email4710@email.com","password4710","user"
4711,"name4711","username4711","email4711@email.com","password4711","artist"
4712,"name4712","username4712","email4712@email.com","password4712","artist"
4713,"name4713","username4713","email4713@email.com","password4713","artist"
4714,"name4714","username4714","email4714@email.com","password4714","user"
4715,"name4715","username4715","email4715@email.com","password4715","user"
4716,"name4716","username4716","email4716@email.com","password4716","artist"
4717,"name4717","username4717","email4717@email.com","password4717","user"
4718,"name4718","username4718","email4718@email.com","password4718","artist"
4719,"name4719","username4719","email4719@email.com","password4719","user"
4720,"name4720","username4720","email4720@email.com","password4720","user"
4721,"name4721","username4721","email4721@email.com","password4721","user"
4722,"name4722","username4722","email4722@email.com","password4722","artist"
4723,"name4723","username4723","email4723@email.com","password4723","user"
4724,"name4724","username4724","email4724@email.com","password4724","user"
4725,"name4725","username4725","email4725@email.com","password4725","artist"
4726,"name4726","username4726","email4726@email.com","password4726","artist"
4727,"name4727","username4727","email4727@email.com","password4727","user"
4728,"name4728","username4728","email4728@email.com","password4728","artist"
4729,"name4729","username4729","email4729@email.com","password4729","user"
4730,"name4730","username4730","email4730@email.com","password4730","artist"
4731,"name4731","username4731","email4731@email.com","password4731","artist"
4732,"name4732","username4732","email4732@email.com","password4732","artist"
4733,"name4733","username4733","email4733@email.com","password4733","artist"
4734,"name4734","username4734","email4734@email.com","password4734","artist"
4735,"name4735","username4735","email4735@email.com","password4735","user"
4736,"name4736","username4736","email4736@email.com","password4736","artist"
4737,"name4737","username4737","email4737@email.com","password4737","user"
4738,"name4738","username4738","email4738@email.com","password4738","artist"
4739,"name4739","username4739","email4739@email.com","password4739","artist"
4740,"name4740","username4740","email4740@email.com","password4740","artist"
4741,"name4741","username4741","email4741@email.com","password4741","user"
4742,"name4742","username4742","email4742@email.com","password4742","artist"
4743,"name4743","username4743","email4743@email.com","password4743","artist"
4744,"name4744","username4744","email4744@email.com","password4744","user"
4745,"name4745","username4745","email4745@email.com","password4745","user"
4746,"name4746","username4746","email4746@email.com","password4746","artist"
4747,"name4747","username4747","email4747@email.com","password4747","user"
4748,"name4748","username4748","email4748@email.com","password4748","artist"
4749,"name4749","username4749","email4749@email.com","password4749","artist"
4750,"name4750","username4750","email4750@email.com","password4750","artist"
4751,"name4751","username4751","email4751@email.com","password4751","user"
4752,"name4752","username4752","email4752@email.com","password4752","user"
4753,"name4753","username4753","email4753@email.com","password4753","artist"
4754,"name4754","username4754","email4754@email.com","password4754","artist"
4755,"name4755","username4755","email4755@email.com","password4755","artist"
4756,"name4756","username4756","email4756@email.com","password4756","artist"
4757,"name4757","username4757","email4757@email.com","password4757","artist"
4758,"name4758","username4758","email4758@email.com","password4758","user"
4759,"name4759","username4759","email4759@email.com","password4759","artist"
4760,"name4760","username4760","email4760@email.com","password4760","artist"
4761,"name4761","username4761","email4761@email.com","password4761","user"
4762,"name4762","username4762","email4762@email.com","password4762","artist"
4763,"name4763","username4763","email4763@email.com","password4763","user"
4764,"name4764","username4764","email4764@email.com","password4764","artist"
4765,"name4765","username4765","email4765@email.com","password4765","user"
4766,"name4766","username4766","email4766@email.com","password4766","user"
4767,"name4767","username4767","email4767@email.com","password4767","user"
4768,"name4768","username4768","email4768@email.com","password4768","user"
4769,"name4769","username4769","email4769@email.com","password4769","user"
4770,"name4770","username4770","email4770@email.com","password4770","artist"
4771,"name4771","username4771","email4771@email.com","password4771","artist"
4772,"name4772","username4772","email4772@email.com","password4772","artist"
4773,"name4773","username4773","email4773@email.com","password4773","user"
4774,"name4774","username4774","email4774@email.com","password4774","artist"
4775,"name4775","username4775","email4775@email.com","password4775","artist"
4776,"name4776","username4776","email4776@email.com","password4776","artist"
4777,"name4777","username4777","email4777@email.com","password4777","artist"
4778,"name4778","username4778","email4778@email.com","password4778","artist"
4779,"name4779","username4779","email4779@email.com","password4779","user"
4780,"name4780","username4780","email4780@email.com","password4780","user"
4781,"name4781","username4781","email4781@email.com","password4781","artist"
4782,"name4782","username4782","email4782@email.com","password4782","user"
4783,"name4783","username4783","email4783@email.com","password4783","artist"
4784,"name4784","username4784","email4784@email.com","password4784","artist"
4785,"name4785","username4785","email4785@email.com","password4785","artist"
4786,"name4786","username4786","email4786@email.com","password4786","user"
4787,"name4787","username4787","email4787@email.com","password4787","user"
4788,"name4788","username4788","email4788@email.com","password4788","user"
4789,"name4789","username4789","email4789@email.com","password4789","user"
4790,"name4790","username4790","email4790@email.com","password4790","artist"
4791,"name4791","username4791","email4791@email.com","password4791","artist"
4792,"name4792","username4792","email4792@email.com","password4792","artist"
4793,"name4793","username4793","email4793@email.com","password4793","artist"
4794,"name4794","username4794","email4794@email.com","password4794","user"
4795,"name4795","username4795","email4795@email.com","password4795","artist"
4796,"name4796","username4796","email4796@email.com","password4796","user"
4797,"name4797","username4797","email4797@email.com","password4797","artist"
4798,"name4798","username4798","email4798@email.com","password4798","artist"
4799,"name4799","username4799","email4799@email.com","password4799","artist"
4800,"name4800","username4800","email4800@email.com","password4800","artist"
4801,"name4801","username4801","email4801@email.com","password4801","user"
4802,"name4802","username4802","email4802@email.com","password4802","artist"
4803,"name4803","username4803","email4803@email.com","password4803","artist"
4804,"name4804","username4804","email4804@email.com","password4804","user"
4805,"name4805","username4805","email4805@email.com","password4805","artist"
4806,"name4806","username4806","email4806@email.com","password4806","artist"
4807,"name4807","username4807","email4807@email.com","password4807","artist"
4808,"name4808","username4808","email4808@email.com","password4808","artist"
4809,"name4809","username4809","email4809@email.com","password4809","artist"
4810,"name4810","username4810","email4810@email.com","password4810","artist"
4811,"name4811","username4811","email4811@email.com","password4811","user"
4812,"name4812","username4812","email4812@email.com","password4812","user"
4813,"name4813","username4813","email4813@email.com","password4813","user"
4814,"name4814","username4814","email4814@email.com","password4814","user"
4815,"name4815","username4815","email4815@email.com","password4815","artist"
4816,"name4816","username4816","email4816@email.com","password4816","user"
4817,"name4817","username4817","email4817@email.com","password4817","user"
4818,"name4818","username4818","email4818@email.com","password4818","artist"
4819,"name4819","username4819","email4819@email.com","password4819","user"
4820,"name4820","username4820","email4820@email.com","password4820","artist"
4821,"name4821","username4821","email4821@email.com","password4821","artist"
4822,"name4822","username4822","email4822@email.com","password4822","user"
4823,"name4823","username4823","email4823@email.com","password4823","artist"
4824,"name4824","username4824","email4824@email.com","password4824","user"
4825,"name4825","username4825","email4825@email.com","password4825","user"
4826,"name4826","username4826","email4826@email.com","password4826","artist"
4827,"name4827","username4827","email4827@email.com","password4827","user"
4828,"name4828","username4828","email4828@email.com","password4828","artist"
4829,"name4829","username4829","email4829@email.com","password4829","user"
4830,"name4830","username4830","email4830@email.com","password4830","artist"
4831,"name4831","username4831","email4831@email.com","password4831","artist"
4832,"name4832","username4832","email4832@email.com","password4832","artist"
4833,"name4833","username4833","email4833@email.com","password4833","artist"
4834,"name4834","username4834","email4834@email.com","password4834","user"
4835,"name4835","username4835","email4835@email.com","password4835","artist"
4836,"name4836","username4836","email4836@email.com","password4836","user"
4837,"name4837","username4837","email4837@email.com","password4837","user"
4838,"name4838","username4838","email4838@email.com","password4838","user"
4839,"name4839","username4839","email4839@email.com","password4839","artist"
4840,"name4840","username4840","email4840@email.com","password4840","artist"
4841,"name4841","username4841","email4841@email.com","password4841","user"
4842,"name4842","username4842","email4842@email.com","password4842","user"
4843,"name4843","username4843","email4843@email.com","password4843","artist"
4844,"name4844","username4844","email4844@email.com","password4844","artist"
4845,"name4845","username4845","email4845@email.com","password4845","user"
4846,"name4846","username4846","email4846@email.com","password4846","artist"
4847,"name4847","username4847","email4847@email.com","password4847","user"
4848,"name4848","username4848","email4848@email.com","password4848","user"
4849,"name4849","username4849","email4849@email.com","password4849","user"
4850,"name4850","username4850","email4850@email.com","password4850","user"
4851,"name4851","username4851","email4851@email.com","password4851","artist"
4852,"name4852","username4852","email4852@email.com","password4852","user"
4853,"name4853","username4853","email4853@email.com","password4853","artist"
4854,"name4854","username4854","email4854@email.com","password4854","artist"
4855,"name4855","username4855","email4855@email.com","password4855","artist"
4856,"name4856","username4856","email4856@email.com","password4856","artist"
4857,"name4857","username4857","email4857@email.com","password4857","artist"
4858,"name4858","username4858","email4858@email.com","password4858","user"
4859,"name4859","username4859","email4859@email.com","password4859","user"
4860,"name4860","username4860","email4860@email.com","password4860","user"
4861,"name4861","username4861","email4861@email.com","password4861","user"
4862,"name4862","username4862","email4862@email.com","password4862","artist"
4863,"name4863","username4863","email4863@email.com","password4863","artist"
4864,"name4864","username4864","email4864@email.com","password4864","artist"
4865,"name4865","username4865","email4865@email.com","password4865","user"
4866,"name4866","username4866","email4866@email.com","password4866","user"
4867,"name4867","username4867","email4867@email.com","password4867","artist"
4868,"name4868","username4868","email4868@email.com","password4868","user"
4869,"name4869","username4869","email4869@email.com","password4869","artist"
4870,"name4870","username4870","email4870@email.com","password4870","user"
4871,"name4871","username4871","email4871@email.com","password4871","user"
4872,"name4872","username4872","email4872@email.com","password4872","user"
4873,"name4873","username4873","email4873@email.com","password4873","artist"
4874,"name4874","username4874","email4874@email.com","password4874","artist"
4875,"name4875","username4875","email4875@email.com","password4875","user"
4876,"name4876","username4876","email4876@email.com","password4876","user"
4877,"name4877","username4877","email4877@email.com","password4877","user"
4878,"name4878","username4878","email4878@email.com","password4878","user"
4879,"name4879","username4879","email4879@email.com","password4879","artist"
4880,"name4880","username4880","email4880@email.com","password4880","user"
4881,"name4881","username4881","email4881@email.com","password4881","artist"
4882,"name4882","username4882","email4882@email.com","password4882","artist"
4883,"name4883","username4883","email4883@email.com","password4883","user"
4884,"name4884","username4884","email4884@email.com","password4884","artist"
4885,"name4885","username4885","email4885@email.com","password4885","user"
4886,"name4886","username4886","email4886@email.com","password4886","user"
4887,"name4887","username4887","email4887@email.com","password4887","artist"
4888,"name4888","username4888","email4888@email.com","password4888","user"
4889,"name4889","username4889","email4889@email.com","password4889","user"
4890,"name4890","username4890","email4890@email.com","password4890","user"
4891,"name4891","username4891","email4891@email.com","password4891","artist"
4892,"name4892","username4892","email4892@email.com","password4892","user"
4893,"name4893","username4893","email4893@email.com","password4893","artist"
4894,"name4894","username4894","email4894@email.com","password4894","artist"
4895,"name4895","username4895","email4895@email.com","password4895","user"
4896,"name4896","username4896","email4896@email.com","password4896","artist"
4897,"name4897","username4897","email4897@email.com","password4897","user"
4898,"name4898","username4898","email4898@email.com","password4898","user"
4899,"name4899","username4899","email4899@email.com","password4899","artist"
4900,"name4900","username4900","email4900@email.com","password4900","artist"
4901,"name4901","username4901","email4901@email.com","password4901","user"
4902,"name4902","username4902","email4902@email.com","password4902","user"
4903,"name4903","username4903","email4903@email.com","password4903","artist"
4904,"name4904","username4904","email4904@email.com","password4904","user"
4905,"name4905","username4905","email4905@email.com","password4905","user"
4906,"name4906","username4906","email4906@email.com","password4906","user"
4907,"name4907","username4907","email4907@email.com","password4907","user"
4908,"name4908","username4908","email4908@email.com","password4908","artist"
4909,"name4909","username4909","email4909@email.com","password4909","artist"
4910,"name4910","username4910","email4910@email.com","password4910","user"
4911,"name4911","username4911","email4911@email.com","password4911","user"
4912,"name4912","username4912","email4912@email.com","password4912","user"
4913,"name4913","username4913","email4913@email.com","password4913","artist"
4914,"name4914","username4914","email4914@email.com","password4914","artist"
4915,"name4915","username4915","email4915@email.com","password4915","user"
4916,"name4916","username4916","email4916@email.com","password4916","artist"
4917,"name4917","username4917","email4917@email.com","password4917","user"
4918,"name4918","username4918","email4918@email.com","password4918","user"
4919,"name4919","username4919","email4919@email.com","password4919","user"
4920,"name4920","username4920","email4920@email.com","password4920","artist"
4921,"name4921","username4921","email4921@email.com","password4921","artist"
4922,"name4922","username4922","email4922@email.com","password4922","user"
4923,"name4923","username4923","email4923@email.com","password4923","user"
4924,"name4924","username4924","email4924@email.com","password4924","user"
4925,"name4925","username4925","email4925@email.com","password4925","artist"
4926,"name4926","username4926","email4926@email.com","password4926","artist"
4927,"name4927","username4927","email4927@email.com","password4927","user"
4928,"name4928","username4928","email4928@email.com","password4928","artist"
4929,"name4929","username4929","email4929@email.com","password4929","user"
4930,"name4930","username4930","email4930@email.com","password4930","artist"
4931,"name4931","username4931","email4931@email.com","password4931","user"
4932,"name4932","username4932","email4932@email.com","password4932","user"
4933,"name4933","username4933","email4933@email.com","password4933","user"
4934,"name4934","username4934","email4934@email.com","password4934","artist"
4935,"name4935","username4935","email4935@email.com","password4935","artist"
4936,"name4936","username4936","email4936@email.com","password4936","user"
4937,"name4937","username4937","email4937@email.com","password4937","artist"
4938,"name4938","username4938","email4938@email.com","password4938","user"
4939,"name4939","username4939","email4939@email.com","password4939","user"
4940,"name4940","username4940","email4940@email.com","password4940","user"
4941,"name4941","username4941","email4941@email.com","password4941","artist"
4942,"name4942","username4942","email4942@email.com","password4942","user"
4943,"name4943","username4943","email4943@email.com","password4943","artist"
4944,"name4944","username4944","email4944@email.com","password4944","artist"
4945,"name4945","username4945","email4945@email.com","password4945","artist"
4946,"name4946","username4946","email4946@email.com","password4946","artist"
4947,"name4947","username4947","email4947@email.com","password4947","artist"
4948,"name4948","username4948","email4948@email.com","password4948","user"
4949,"name4949","username4949","email4949@email.com","password4949","artist"
4950,"name4950","username4950","email4950@email.com","password4950","user"
4951,"name4951","username4951","email4951@email.com","password4951","artist"
4952,"name4952","username4952","email4952@email.com","password4952","user"
4953,"name4953","username4953","email4953@email.com","password4953","artist"
4954,"name4954","username4954","email4954@email.com","password4954","artist"
4955,"name4955","username4955","email4955@email.com","password4955","artist"
4956,"name4956","username4956","email4956@email.com","password4956","user"
4957,"name4957","username4957","email4957@email.com","password4957","user"
4958,"name4958","username4958","email4958@email.com","password4958","artist"
4959,"name4959","username4959","email4959@email.com","password4959","user"
4960,"name4960","username4960","email4960@email.com","password4960","user"
4961,"name4961","username4961","email4961@email.com","password4961","user"
4962,"name4962","username4962","email4962@email.com","password4962","artist"
4963,"name4963","username4963","email4963@email.com","password4963","artist"
4964,"name4964","username4964","email4964@email.com","password4964","artist"
4965,"name4965","username4965","email4965@email.com","password4965","user"
4966,"name4966","username4966","email4966@email.com","password4966","artist"
4967,"name4967","username4967","email4967@email.com","password4967","artist"
4968,"name4968","username4968","email4968@email.com","password4968","artist"
4969,"name4969","username4969","email4969@email.com","password4969","user"
4970,"name4970","username4970","email4970@email.com","password4970","artist"
4971,"name4971","username4971","email4971@email.com","password4971","user"
4972,"name4972","username4972","email4972@email.com","password4972","artist"
4973,"name4973","username4973","email4973@email.com","password4973","user"
4974,"name4974","username4974","email4974@email.com","password4974","user"
4975,"name4975","username4975","email4975@email.com","password4975","user"
4976,"name4976","username4976","email4976@email.com","password4976","artist"
4977,"name4977","username4977","email4977@email.com","password4977","user"
4978,"name4978","username4978","email4978@email.com","password4978","artist"
4979,"name4979","username4979","email4979@email.com","password4979","user"
4980,"name4980","username4980","email4980@email.com","password4980","user"
4981,"name4981","username4981","email4981@email.com","password4981","user"
4982,"name4982","username4982","email4982@email.com","password4982","artist"
4983,"name4983","username4983","email4983@email.com","password4983","artist"
4984,"name4984","username4984","email4984@email.com","password4984","artist"
4985,"name4985","username4985","email4985@email.com","password4985","artist"
4986,"name4986","username4986","email4986@email.com","password4986","artist"
4987,"name4987","username4987","email4987@email.com","password4987","user"
4988,"name4988","username4988","email4988@email.com","password4988","user"
4989,"name4989","username4989","email4989@email.com","password4989","user"
4990,"name4990","username4990","email4990@email.com","password4990","artist"
4991,"name4991","username4991","email4991@email.com","password4991","user"
4992,"name4992","username4992","email4992@email.com","password4992","user"
4993,"name4993","username4993","email4993@email.com","password4993","artist"
4994,"name4994","username4994","email4994@email.com","password4994","artist"
4995,"name4995","username4995","email4995@email.com","password4995","user"
4996,"name4996","username4996","email4996@email.com","password4996","user"
4997,"name4997","username4997","email4997@email.com","password4997","artist"
4998,"name4998","username4998","email4998@email.com","password4998","artist"
4999,"name4999","username4999","email4999@email.com","password4999","artist"
5000,"name5000","username5000","email5000@email.com","password5000","user"
5001,"name5001","username5001","email5001@email.com","password5001","artist"
5002,"name5002","username5002","email5002@email.com","password5002","artist"
5003,"name5003","username5003","email5003@email.com","password5003","user"
5004,"name5004","username5004","email5004@email.com","password5004","artist"
5005,"name5005","username5005","email5005@email.com","password5005","artist"
5006,"name5006","username5006","email5006@email.com","password5006","artist"
5007,"name5007","username5007","email5007@email.com","password5007","user"
5008,"name5008","username5008","email5008@email.com","password5008","user"
5009,"name5009","username5009","email5009@email.com","password5009","artist"
5010,"name5010","username5010","email5010@email.com","password5010","artist"
5011,"name5011","username5011","email5011@email.com","password5011","artist"
5012,"name5012","username5012","email5012@email.com","password5012","artist"
5013,"name5013","username5013","email5013@email.com","password5013","user"
5014,"name5014","username5014","email5014@email.com","password5014","user"
5015,"name5015","username5015","email5015@email.com","password5015","artist"
5016,"name5016","username5016","email5016@email.com","password5016","artist"
5017,"name5017","username5017","email5017@email.com","password5017","user"
5018,"name5018","username5018","email5018@email.com","password5018","artist"
5019,"name5019","username5019","email5019@email.com","password5019","user"
5020,"name5020","username5020","email5020@email.com","password5020","user"
5021,"name5021","username5021","email5021@email.com","password5021","artist"
5022,"name5022","username5022","email5022@email.com","password5022","user"
5023,"name5023","username5023","email5023@email.com","password5023","artist"
5024,"name5024","username5024","email5024@email.com","password5024","artist"
5025,"name5025","username5025","email5025@email.com","password5025","artist"
5026,"name5026","username5026","email5026@email.com","password5026","artist"
5027,"name5027","username5027","email5027@email.com","password5027","artist"
5028,"name5028","username5028","email5028@email.com","password5028","user"
5029,"name5029","username5029","email5029@email.com","password5029","artist"
5030,"name5030","username5030","email5030@email.com","password5030","user"
5031,"name5031","username5031","email5031@email.com","password5031","artist"
5032,"name5032","username5032","email5032@email.com","password5032","artist"
5033,"name5033","username5033","email5033@email.com","password5033","user"
5034,"name5034","username5034","email5034@email.com","password5034","user"
5035,"name5035","username5035","email5035@email.com","password5035","user"
5036,"name5036","username5036","email5036@email.com","password5036","user"
5037,"name5037","username5037","email5037@email.com","password5037","user"
5038,"name5038","username5038","email5038@email.com","password5038","artist"
5039,"name5039","username5039","email5039@email.com","password5039","artist"
5040,"name5040","username5040","email5040@email.com","password5040","artist"
5041,"name5041","username5041","email5041@email.com","password5041","artist"
5042,"name5042","username5042","email5042@email.com","password5042","user"
5043,"name5043","username5043","email5043@email.com","password5043","artist"
5044,"name5044","username5044","email5044@email.com","password5044","user"
5045,"name5045","username5045","email5045@email.com","password5045","artist"
5046,"name5046","username5046","email5046@email.com","password5046","user"
5047,"name5047","username5047","email5047@email.com","password5047","user"
5048,"name5048","username5048","email5048@email.com","password5048","user"
5049,"name5049","username5049","email5049@email.com","password5049","artist"
5050,"name5050","username5050","email5050@email.com","password5050","artist"
5051,"name5051","username5051","email5051@email.com","password5051","user"
5052,"name5052","username5052","email5052@email.com","password5052","artist"
5053,"name5053","username5053","email5053@email.com","password5053","artist"
5054,"name5054","username5054","email5054@email.com","password5054","artist"
5055,"name5055","username5055","email5055@email.com","password5055","artist"
5056,"name5056","username5056","email5056@email.com","password5056","artist"
5057,"name5057","username5057","email5057@email.com","password5057","artist"
5058,"name5058","username5058","email5058@email.com","password5058","user"
5059,"name5059","username5059","email5059@email.com","password5059","artist"
5060,"name5060","username5060","email5060@email.com","password5060","user"
5061,"name5061","username5061","email5061@email.com","password5061","artist"
5062,"name5062","username5062","email5062@email.com","password5062","user"
5063,"name5063","username5063","email5063@email.com","password5063","artist"
5064,"name5064","username5064","email5064@email.com","password5064","artist"
5065,"name5065","username5065","email5065@email.com","password5065","user"
5066,"name5066","username5066","email5066@email.com","password5066","artist"
5067,"name5067","username5067","email5067@email.com","password5067","artist"
5068,"name5068","username5068","email5068@email.com","password5068","artist"
5069,"name5069","username5069","email5069@email.com","password5069","user"
5070,"name5070","username5070","email5070@email.com","password5070","user"
5071,"name5071","username5071","email5071@email.com","password5071","artist"
5072,"name5072","username5072","email5072@email.com","password5072","user"
5073,"name5073","username5073","email5073@email.com","password5073","artist"
5074,"name5074","username5074","email5074@email.com","password5074","user"
5075,"name5075","username5075","email5075@email.com","password5075","artist"
5076,"name5076","username5076","email5076@email.com","password5076","artist"
5077,"name5077","username5077","email5077@email.com","password5077","artist"
5078,"name5078","username5078","email5078@email.com","password5078","user"
5079,"name5079","username5079","email5079@email.com","password5079","artist"
5080,"name5080","username5080","email5080@email.com","password5080","user"
5081,"name5081","username5081","email5081@email.com","password5081","artist"
5082,"name5082","username5082","email5082@email.com","password5082","user"
5083,"name5083","username5083","email5083@email.com","password5083","user"
5084,"name5084","username5084","email5084@email.com","password5084","user"
5085,"name5085","username5085","email5085@email.com","password5085","artist"
5086,"name5086","username5086","email5086@email.com","password5086","user"
5087,"name5087","username5087","email5087@email.com","password5087","artist"
5088,"name5088","username5088","email5088@email.com","password5088","user"
5089,"name5089","username5089","email5089@email.com","password5089","artist"
5090,"name5090","username5090","email5090@email.com","password5090","user"
5091,"name5091","username5091","email5091@email.com","password5091","user"
5092,"name5092","username5092","email5092@email.com","password5092","user"
5093,"name5093","username5093","email5093@email.com","password5093","user"
5094,"name5094","username5094","email5094@email.com","password5094","user"
5095,"name5095","username5095","email5095@email.com","password5095","user"
5096,"name5096","username5096","email5096@email.com","password5096","user"
5097,"name5097","username5097","email5097@email.com","password5097","user"
5098,"name5098","username5098","email5098@email.com","password5098","user"
5099,"name5099","username5099","email5099@email.com","password5099","user"
5100,"name5100","username5100","email5100@email.com","password5100","user"
5101,"name5101","username5101","email5101@email.com","password5101","user"
5102,"name5102","username5102","email5102@email.com","password5102","user"
5103,"name5103","username5103","email5103@email.com","password5103","artist"
5104,"name5104","username5104","email5104@email.com","password5104","user"
5105,"name5105","username5105","email5105@email.com","password5105","artist"
5106,"name5106","username5106","email5106@email.com","password5106","artist"
5107,"name5107","username5107","email5107@email.com","password5107","artist"
5108,"name5108","username5108","email5108@email.com","password5108","artist"
5109,"name5109","username5109","email5109@email.com","password5109","user"
5110,"name5110","username5110","email5110@email.com","password5110","artist"
5111,"name5111","username5111","email5111@email.com","password5111","artist"
5112,"name5112","username5112","email5112@email.com","password5112","artist"
5113,"name5113","username5113","email5113@email.com","password5113","artist"
5114,"name5114","username5114","email5114@email.com","password5114","user"
5115,"name5115","username5115","email5115@email.com","password5115","artist"
5116,"name5116","username5116","email5116@email.com","password5116","user"
5117,"name5117","username5117","email5117@email.com","password5117","user"
5118,"name5118","username5118","email5118@email.com","password5118","user"
5119,"name5119","username5119","email5119@email.com","password5119","user"
5120,"name5120","username5120","email5120@email.com","password5120","user"
5121,"name5121","username5121","email5121@email.com","password5121","user"
5122,"name5122","username5122","email5122@email.com","password5122","artist"
5123,"name5123","username5123","email5123@email.com","password5123","user"
5124,"name5124","username5124","email5124@email.com","password5124","user"
5125,"name5125","username5125","email5125@email.com","password5125","user"
5126,"name5126","username5126","email5126@email.com","password5126","artist"
5127,"name5127","username5127","email5127@email.com","password5127","user"
5128,"name5128","username5128","email5128@email.com","password5128","artist"
5129,"name5129","username5129","email5129@email.com","password5129","user"
5130,"name5130","username5130","email5130@email.com","password5130","user"
5131,"name5131","username5131","email5131@email.com","password5131","artist"
5132,"name5132","username5132","email5132@email.com","password5132","user"
5133,"name5133","username5133","email5133@email.com","password5133","artist"
5134,"name5134","username5134","email5134@email.com","password5134","user"
5135,"name5135","username5135","email5135@email.com","password5135","artist"
5136,"name5136","username5136","email5136@email.com","password5136","artist"
5137,"name5137","username5137","email5137@email.com","password5137","artist"
5138,"name5138","username5138","email5138@email.com","password5138","artist"
5139,"name5139","username5139","email5139@email.com","password5139","user"
5140,"name5140","username5140","email5140@email.com","password5140","artist"
5141,"name5141","username5141","email5141@email.com","password5141","user"
5142,"name5142","username5142","email5142@email.com","password5142","artist"
5143,"name5143","username5143","email5143@email.com","password5143","user"
5144,"name5144","username5144","email5144@email.com","password5144","user"
5145,"name5145","username5145","email5145@email.com","password5145","user"
5146,"name5146","username5146","email5146@email.com","password5146","user"
5147,"name5147","username5147","email5147@email.com","password5147","artist"
5148,"name5148","username5148","email5148@email.com","password5148","artist"
5149,"name5149","username5149","email5149@email.com","password5149","artist"
5150,"name5150","username5150","email5150@email.com","password5150","user"
5151,"name5151","username5151","email5151@email.com","password5151","artist"
5152,"name5152","username5152","email5152@email.com","password5152","artist"
5153,"name5153","username5153","email5153@email.com","password5153","artist"
5154,"name5154","username5154","email5154@email.com","password5154","user"
5155,"name5155","username5155","email5155@email.com","password5155","user"
5156,"name5156","username5156","email5156@email.com","password5156","user"
5157,"name5157","username5157","email5157@email.com","password5157","artist"
5158,"name5158","username5158","email5158@email.com","password5158","user"
5159,"name5159","username5159","email5159@email.com","password5159","user"
5160,"name5160","username5160","email5160@email.com","password5160","artist"
5161,"name5161","username5161","email5161@email.com","password5161","artist"
5162,"name5162","username5162","email5162@email.com","password5162","user"
5163,"name5163","username5163","email5163@email.com","password5163","artist"
5164,"name5164","username5164","email5164@email.com","password5164","artist"
5165,"name5165","username5165","email5165@email.com","password5165","artist"
5166,"name5166","username5166","email5166@email.com","password5166","user"
5167,"name5167","username5167","email5167@email.com","password5167","user"
5168,"name5168","username5168","email5168@email.com","password5168","user"
5169,"name5169","username5169","email5169@email.com","password5169","artist"
5170,"name5170","username5170","email5170@email.com","password5170","artist"
5171,"name5171","username5171","email5171@email.com","password5171","artist"
5172,"name5172","username5172","email5172@email.com","password5172","artist"
5173,"name5173","username5173","email5173@email.com","password5173","user"
5174,"name5174","username5174","email5174@email.com","password5174","artist"
5175,"name5175","username5175","email5175@email.com","password5175","user"
5176,"name5176","username5176","email5176@email.com","password5176","user"
5177,"name5177","username5177","email5177@email.com","password5177","user"
5178,"name5178","username5178","email5178@email.com","password5178","user"
5179,"name5179","username5179","email5179@email.com","password5179","artist"
5180,"name5180","username5180","email5180@email.com","password5180","artist"
5181,"name5181","username5181","email5181@email.com","password5181","artist"
5182,"name5182","username5182","email5182@email.com","password5182","user"
5183,"name5183","username5183","email5183@email.com","password5183","artist"
5184,"name5184","username5184","email5184@email.com","password5184","user"
5185,"name5185","username5185","email5185@email.com","password5185","artist"
5186,"name5186","username5186","email5186@email.com","password5186","user"
5187,"name5187","username5187","email5187@email.com","password5187","user"
5188,"name5188","username5188","email5188@email.com","password5188","artist"
5189,"name5189","username5189","email5189@email.com","password5189","user"
5190,"name5190","username5190","email5190@email.com","password5190","user"
5191,"name5191","username5191","email5191@email.com","password5191","artist"
5192,"name5192","username5192","email5192@email.com","password5192","user"
5193,"name5193","username5193","email5193@email.com","password5193","user"
5194,"name5194","username5194","email5194@email.com","password5194","artist"
5195,"name5195","username5195","email5195@email.com","password5195","user"
5196,"name5196","username5196","email5196@email.com","password5196","artist"
5197,"name5197","username5197","email5197@email.com","password5197","artist"
5198,"name5198","username5198","email5198@email.com","password5198","artist"
5199,"name5199","username5199","email5199@email.com","password5199","user"
5200,"name5200","username5200","email5200@email.com","password5200","user"
5201,"name5201","username5201","email5201@email.com","password5201","artist"
5202,"name5202","username5202","email5202@email.com","password5202","artist"
5203,"name5203","username5203","email5203@email.com","password5203","user"
5204,"name5204","username5204","email5204@email.com","password5204","artist"
5205,"name5205","username5205","email5205@email.com","password5205","artist"
5206,"name5206","username5206","email5206@email.com","password5206","artist"
5207,"name5207","username5207","email5207@email.com","password5207","user"
5208,"name5208","username5208","email5208@email.com","password5208","user"
5209,"name5209","username5209","email5209@email.com","password5209","user"
5210,"name5210","username5210","email5210@email.com","password5210","artist"
5211,"name5211","username5211","email5211@email.com","password5211","user"
5212,"name5212","username5212","email5212@email.com","password5212","user"
5213,"name5213","username5213","email5213@email.com","password5213","user"
5214,"name5214","username5214","email5214@email.com","password5214","user"
5215,"name5215","username5215","email5215@email.com","password5215","artist"
5216,"name5216","username5216","email5216@email.com","password5216","artist"
5217,"name5217","username5217","email5217@email.com","password5217","artist"
5218,"name5218","username5218","email5218@email.com","password5218","artist"
5219,"name5219","username5219","email5219@email.com","password5219","artist"
5220,"name5220","username5220","email5220@email.com","password5220","user"
5221,"name5221","username5221","email5221@email.com","password5221","user"
5222,"name5222","username5222","email5222@email.com","password5222","user"
5223,"name5223","username5223","email5223@email.com","password5223","user"
5224,"name5224","username5224","email5224@email.com","password5224","user"
5225,"name5225","username5225","email5225@email.com","password5225","user"
5226,"name5226","username5226","email5226@email.com","password5226","user"
5227,"name5227","username5227","email5227@email.com","password5227","artist"
5228,"name5228","username5228","email5228@email.com","password5228","user"
5229,"name5229","username5229","email5229@email.com","password5229","artist"
5230,"name5230","username5230","email5230@email.com","password5230","user"
5231,"name5231","username5231","email5231@email.com","password5231","user"
5232,"name5232","username5232","email5232@email.com","password5232","user"
5233,"name5233","username5233","email5233@email.com","password5233","artist"
5234,"name5234","username5234","email5234@email.com","password5234","artist"
5235,"name5235","username5235","email5235@email.com","password5235","user"
5236,"name5236","username5236","email5236@email.com","password5236","user"
5237,"name5237","username5237","email5237@email.com","password5237","artist"
5238,"name5238","username5238","email5238@email.com","password5238","artist"
5239,"name5239","username5239","email5239@email.com","password5239","artist"
5240,"name5240","username5240","email5240@email.com","password5240","user"
5241,"name5241","username5241","email5241@email.com","password5241","user"
5242,"name5242","username5242","email5242@email.com","password5242","user"
5243,"name5243","username5243","email5243@email.com","password5243","artist"
5244,"name5244","username5244","email5244@email.com","password5244","user"
5245,"name5245","username5245","email5245@email.com","password5245","user"
5246,"name5246","username5246","email5246@email.com","password5246","user"
5247,"name5247","username5247","email5247@email.com","password5247","artist"
5248,"name5248","username5248","email5248@email.com","password5248","user"
5249,"name5249","username5249","email5249@email.com","password5249","user"
5250,"name5250","username5250","email5250@email.com","password5250","user"
5251,"name5251","username5251","email5251@email.com","password5251","user"
5252,"name5252","username5252","email5252@email.com","password5252","user"
5253,"name5253","username5253","email5253@email.com","password5253","artist"
5254,"name5254","username5254","email5254@email.com","password5254","user"
5255,"name5255","username5255","email5255@email.com","password5255","artist"
5256,"name5256","username5256","email5256@email.com","password5256","user"
5257,"name5257","username5257","email5257@email.com","password5257","artist"
5258,"name5258","username5258","email5258@email.com","password5258","user"
5259,"name5259","username5259","email5259@email.com","password5259","user"
5260,"name5260","username5260","email5260@email.com","password5260","artist"
5261,"name5261","username5261","email5261@email.com","password5261","user"
5262,"name5262","username5262","email5262@email.com","password5262","user"
5263,"name5263","username5263","email5263@email.com","password5263","user"
5264,"name5264","username5264","email5264@email.com","password5264","user"
5265,"name5265","username5265","email5265@email.com","password5265","user"
5266,"name5266","username5266","email5266@email.com","password5266","user"
5267,"name5267","username5267","email5267@email.com","password5267","user"
5268,"name5268","username5268","email5268@email.com","password5268","user"
5269,"name5269","username5269","email5269@email.com","password5269","artist"
5270,"name5270","username5270","email5270@email.com","password5270","user"
5271,"name5271","username5271","email5271@email.com","password5271","user"
5272,"name5272","username5272","email5272@email.com","password5272","artist"
5273,"name5273","username5273","email5273@email.com","password5273","user"
5274,"name5274","username5274","email5274@email.com","password5274","user"
5275,"name5275","username5275","email5275@email.com","password5275","artist"
5276,"name5276","username5276","email5276@email.com","password5276","artist"
5277,"name5277","username5277","email5277@email.com","password5277","artist"
5278,"name5278","username5278","email5278@email.com","password5278","user"
5279,"name5279","username5279","email5279@email.com","password5279","user"
5280,"name5280","username5280","email5280@email.com","password5280","artist"
5281,"name5281","username5281","email5281@email.com","password5281","user"
5282,"name5282","username5282","email5282@email.com","password5282","user"
5283,"name5283","username5283","email5283@email.com","password5283","artist"
5284,"name5284","username5284","email5284@email.com","password5284","user"
5285,"name5285","username5285","email5285@email.com","password5285","user"
5286,"name5286","username5286","email5286@email.com","password5286","user"
5287,"name5287","username5287","email5287@email.com","password5287","artist"
5288,"name5288","username5288","email5288@email.com","password5288","artist"
5289,"name5289","username5289","email5289@email.com","password5289","user"
5290,"name5290","username5290","email5290@email.com","password5290","artist"
5291,"name5291","username5291","email5291@email.com","password5291","artist"
5292,"name5292","username5292","email5292@email.com","password5292","user"
5293,"name5293","username5293","email5293@email.com","password5293","artist"
5294,"name5294","username5294","email5294@email.com","password5294","user"
5295,"name5295","username5295","email5295@email.com","password5295","artist"
5296,"name5296","username5296","email5296@email.com","password5296","artist"
5297,"name5297","username5297","email5297@email.com","password5297","artist"
5298,"name5298","username5298","email5298@email.com","password5298","user"
5299,"name5299","username5299","email5299@email.com","password5299","artist"
5300,"name5300","username5300","email5300@email.com","password5300","artist"
5301,"name5301","username5301","email5301@email.com","password5301","user"
5302,"name5302","username5302","email5302@email.com","password5302","artist"
5303,"name5303","username5303","email5303@email.com","password5303","user"
5304,"name5304","username5304","email5304@email.com","password5304","user"
5305,"name5305","username5305","email5305@email.com","password5305","user"
5306,"name5306","username5306","email5306@email.com","password5306","user"
5307,"name5307","username5307","email5307@email.com","password5307","artist"
5308,"name5308","username5308","email5308@email.com","password5308","user"
5309,"name5309","username5309","email5309@email.com","password5309","artist"
5310,"name5310","username5310","email5310@email.com","password5310","user"
5311,"name5311","username5311","email5311@email.com","password5311","user"
5312,"name5312","username5312","email5312@email.com","password5312","user"
5313,"name5313","username5313","email5313@email.com","password5313","user"
5314,"name5314","username5314","email5314@email.com","password5314","user"
5315,"name5315","username5315","email5315@email.com","password5315","user"
5316,"name5316","username5316","email5316@email.com","password5316","user"
5317,"name5317","username5317","email5317@email.com","password5317","artist"
5318,"name5318","username5318","email5318@email.com","password5318","user"
5319,"name5319","username5319","email5319@email.com","password5319","user"
5320,"name5320","username5320","email5320@email.com","password5320","user"
5321,"name5321","username5321","email5321@email.com","password5321","user"
5322,"name5322","username5322","email5322@email.com","password5322","artist"
5323,"name5323","username5323","email5323@email.com","password5323","artist"
5324,"name5324","username5324","email5324@email.com","password5324","artist"
5325,"name5325","username5325","email5325@email.com","password5325","user"
5326,"name5326","username5326","email5326@email.com","password5326","artist"
5327,"name5327","username5327","email5327@email.com","password5327","artist"
5328,"name5328","username5328","email5328@email.com","password5328","artist"
5329,"name5329","username5329","email5329@email.com","password5329","user"
5330,"name5330","username5330","email5330@email.com","password5330","user"
5331,"name5331","username5331","email5331@email.com","password5331","artist"
5332,"name5332","username5332","email5332@email.com","password5332","user"
5333,"name5333","username5333","email5333@email.com","password5333","user"
5334,"name5334","username5334","email5334@email.com","password5334","user"
5335,"name5335","username5335","email5335@email.com","password5335","artist"
5336,"name5336","username5336","email5336@email.com","password5336","artist"
5337,"name5337","username5337","email5337@email.com","password5337","artist"
5338,"name5338","username5338","email5338@email.com","password5338","artist"
5339,"name5339","username5339","email5339@email.com","password5339","user"
5340,"name5340","username5340","email5340@email.com","password5340","user"
5341,"name5341","username5341","email5341@email.com","password5341","user"
5342,"name5342","username5342","email5342@email.com","password5342","user"
5343,"name5343","username5343","email5343@email.com","password5343","user"
5344,"name5344","username5344","email5344@email.com","password5344","user"
5345,"name5345","username5345","email5345@email.com","password5345","artist"
5346,"name5346","username5346","email5346@email.com","password5346","user"
5347,"name5347","username5347","email5347@email.com","password5347","artist"
5348,"name5348","username5348","email5348@email.com","password5348","artist"
5349,"name5349","username5349","email5349@email.com","password5349","artist"
5350,"name5350","username5350","email5350@email.com","password5350","user"
5351,"name5351","username5351","email5351@email.com","password5351","user"
5352,"name5352","username5352","email5352@email.com","password5352","artist"
5353,"name5353","username5353","email5353@email.com","password5353","artist"
5354,"name5354","username5354","email5354@email.com","password5354","user"
5355,"name5355","username5355","email5355@email.com","password5355","artist"
5356,"name5356","username5356","email5356@email.com","password5356","user"
5357,"name5357","username5357","email5357@email.com","password5357","user"
5358,"name5358","username5358","email5358@email.com","password5358","artist"
5359,"name5359","username5359","email5359@email.com","password5359","user"
5360,"name5360","username5360","email5360@email.com","password5360","user"
5361,"name5361","username5361","email5361@email.com","password5361","user"
5362,"name5362","username5362","email5362@email.com","password5362","user"
5363,"name5363","username5363","email5363@email.com","password5363","user"
5364,"name5364","username5364","email5364@email.com","password5364","user"
5365,"name5365","username5365","email5365@email.com","password5365","artist"
5366,"name5366","username5366","email5366@email.com","password5366","artist"
5367,"name5367","username5367","email5367@email.com","password5367","artist"
5368,"name5368","username5368","email5368@email.com","password5368","user"
5369,"name5369","username5369","email5369@email.com","password5369","artist"
5370,"name5370","username5370","email5370@email.com","password5370","artist"
5371,"name5371","username5371","email5371@email.com","password5371","user"
5372,"name5372","username5372","email5372@email.com","password5372","user"
5373,"name5373","username5373","email5373@email.com","password5373","artist"
5374,"name5374","username5374","email5374@email.com","password5374","user"
5375,"name5375","username5375","email5375@email.com","password5375","artist"
5376,"name5376","username5376","email5376@email.com","password5376","artist"
5377,"name5377","username5377","email5377@email.com","password5377","user"
5378,"name5378","username5378","email5378@email.com","password5378","artist"
5379,"name5379","username5379","email5379@email.com","password5379","user"
5380,"name5380","username5380","email5380@email.com","password5380","user"
5381,"name5381","username5381","email5381@email.com","password5381","artist"
5382,"name5382","username5382","email5382@email.com","password5382","user"
5383,"name5383","username5383","email5383@email.com","password5383","user"
5384,"name5384","username5384","email5384@email.com","password5384","user"
5385,"name5385","username5385","email5385@email.com","password5385","user"
5386,"name5386","username5386","email5386@email.com","password5386","artist"
5387,"name5387","username5387","email5387@email.com","password5387","user"
5388,"name5388","username5388","email5388@email.com","password5388","user"
5389,"name5389","username5389","email5389@email.com","password5389","user"
5390,"name5390","username5390","email5390@email.com","password5390","artist"
5391,"name5391","username5391","email5391@email.com","password5391","user"
5392,"name5392","username5392","email5392@email.com","password5392","artist"
5393,"name5393","username5393","email5393@email.com","password5393","user"
5394,"name5394","username5394","email5394@email.com","password5394","artist"
5395,"name5395","username5395","email5395@email.com","password5395","artist"
5396,"name5396","username5396","email5396@email.com","password5396","artist"
5397,"name5397","username5397","email5397@email.com","password5397","artist"
5398,"name5398","username5398","email5398@email.com","password5398","user"
5399,"name5399","username5399","email5399@email.com","password5399","user"
5400,"name5400","username5400","email5400@email.com","password5400","artist"
5401,"name5401","username5401","email5401@email.com","password5401","user"
5402,"name5402","username5402","email5402@email.com","password5402","user"
5403,"name5403","username5403","email5403@email.com","password5403","user"
5404,"name5404","username5404","email5404@email.com","password5404","artist"
5405,"name5405","username5405","email5405@email.com","password5405","user"
5406,"name5406","username5406","email5406@email.com","password5406","artist"
5407,"name5407","username5407","email5407@email.com","password5407","user"
5408,"name5408","username5408","email5408@email.com","password5408","artist"
5409,"name5409","username5409","email5409@email.com","password5409","user"
5410,"name5410","username5410","email5410@email.com","password5410","artist"
5411,"name5411","username5411","email5411@email.com","password5411","user"
5412,"name5412","username5412","email5412@email.com","password5412","artist"
5413,"name5413","username5413","email5413@email.com","password5413","user"
5414,"name5414","username5414","email5414@email.com","password5414","user"
5415,"name5415","username5415","email5415@email.com","password5415","user"
5416,"name5416","username5416","email5416@email.com","password5416","user"
5417,"name5417","username5417","email5417@email.com","password5417","user"
5418,"name5418","username5418","email5418@email.com","password5418","artist"
5419,"name5419","username5419","email5419@email.com","password5419","artist"
5420,"name5420","username5420","email5420@email.com","password5420","user"
5421,"name5421","username5421","email5421@email.com","password5421","user"
5422,"name5422","username5422","email5422@email.com","password5422","artist"
5423,"name5423","username5423","email5423@email.com","password5423","user"
5424,"name5424","username5424","email5424@email.com","password5424","artist"
5425,"name5425","username5425","email5425@email.com","password5425","artist"
5426,"name5426","username5426","email5426@email.com","password5426","user"
5427,"name5427","username5427","email5427@email.com","password5427","artist"
5428,"name5428","username5428","email5428@email.com","password5428","artist"
5429,"name5429","username5429","email5429@email.com","password5429","artist"
5430,"name5430","username5430","email5430@email.com","password5430","user"
5431,"name5431","username5431","email5431@email.com","password5431","user"
5432,"name5432","username5432","email5432@email.com","password5432","user"
5433,"name5433","username5433","email5433@email.com","password5433","user"
5434,"name5434","username5434","email5434@email.com","password5434","artist"
5435,"name5435","username5435","email5435@email.com","password5435","artist"
5436,"name5436","username5436","email5436@email.com","password5436","user"
5437,"name5437","username5437","email5437@email.com","password5437","user"
5438,"name5438","username5438","email5438@email.com","password5438","user"
5439,"name5439","username5439","email5439@email.com","password5439","artist"
5440,"name5440","username5440","email5440@email.com","password5440","user"
5441,"name5441","username5441","email5441@email.com","password5441","user"
5442,"name5442","username5442","email5442@email.com","password5442","artist"
5443,"name5443","username5443","email5443@email.com","password5443","artist"
5444,"name5444","username5444","email5444@email.com","password5444","artist"
5445,"name5445","username5445","email5445@email.com","password5445","artist"
5446,"name5446","username5446","email5446@email.com","password5446","artist"
5447,"name5447","username5447","email5447@email.com","password5447","user"
5448,"name5448","username5448","email5448@email.com","password5448","artist"
5449,"name5449","username5449","email5449@email.com","password5449","artist"
5450,"name5450","username5450","email5450@email.com","password5450","artist"
5451,"name5451","username5451","email5451@email.com","password5451","user"
5452,"name5452","username5452","email5452@email.com","password5452","artist"
5453,"name5453","username5453","email5453@email.com","password5453","user"
5454,"name5454","username5454","email5454@email.com","password5454","artist"
5455,"name5455","username5455","email5455@email.com","password5455","user"
5456,"name5456","username5456","email5456@email.com","password5456","artist"
5457,"name5457","username5457","email5457@email.com","password5457","artist"
5458,"name5458","username5458","email5458@email.com","password5458","artist"
5459,"name5459","username5459","email5459@email.com","password5459","user"
5460,"name5460","username5460","email5460@email.com","password5460","user"
5461,"name5461","username5461","email5461@email.com","password5461","user"
5462,"name5462","username5462","email5462@email.com","password5462","artist"
5463,"name5463","username5463","email5463@email.com","password5463","user"
5464,"name5464","username5464","email5464@email.com","password5464","user"
5465,"name5465","username5465","email5465@email.com","password5465","user"
5466,"name5466","username5466","email5466@email.com","password5466","user"
5467,"name5467","username5467","email5467@email.com","password5467","user"
5468,"name5468","username5468","email5468@email.com","password5468","user"
5469,"name5469","username5469","email5469@email.com","password5469","artist"
5470,"name5470","username5470","email5470@email.com","password5470","user"
5471,"name5471","username5471","email5471@email.com","password5471","artist"
5472,"name5472","username5472","email5472@email.com","password5472","user"
5473,"name5473","username5473","email5473@email.com","password5473","artist"
5474,"name5474","username5474","email5474@email.com","password5474","user"
5475,"name5475","username5475","email5475@email.com","password5475","artist"
5476,"name5476","username5476","email5476@email.com","password5476","user"
5477,"name5477","username5477","email5477@email.com","password5477","user"
5478,"name5478","username5478","email5478@email.com","password5478","user"
5479,"name5479","username5479","email5479@email.com","password5479","user"
5480,"name5480","username5480","email5480@email.com","password5480","artist"
5481,"name5481","username5481","email5481@email.com","password5481","user"
5482,"name5482","username5482","email5482@email.com","password5482","user"
5483,"name5483","username5483","email5483@email.com","password5483","user"
5484,"name5484","username5484","email5484@email.com","password5484","user"
5485,"name5485","username5485","email5485@email.com","password5485","user"
5486,"name5486","username5486","email5486@email.com","password5486","artist"
5487,"name5487","username5487","email5487@email.com","password5487","user"
5488,"name5488","username5488","email5488@email.com","password5488","artist"
5489,"name5489","username5489","email5489@email.com","password5489","artist"
5490,"name5490","username5490","email5490@email.com","password5490","artist"
5491,"name5491","username5491","email5491@email.com","password5491","artist"
5492,"name5492","username5492","email5492@email.com","password5492","user"
5493,"name5493","username5493","email5493@email.com","password5493","user"
5494,"name5494","username5494","email5494@email.com","password5494","user"
5495,"name5495","username5495","email5495@email.com","password5495","user"
5496,"name5496","username5496","email5496@email.com","password5496","user"
5497,"name5497","username5497","email5497@email.com","password5497","artist"
5498,"name5498","username5498","email5498@email.com","password5498","user"
5499,"name5499","username5499","email5499@email.com","password5499","artist"
5500,"name5500","username5500","email5500@email.com","password5500","artist"
5501,"name5501","username5501","email5501@email.com","password5501","artist"
5502,"name5502","username5502","email5502@email.com","password5502","user"
5503,"name5503","username5503","email5503@email.com","password5503","user"
5504,"name5504","username5504","email5504@email.com","password5504","user"
5505,"name5505","username5505","email5505@email.com","password5505","artist"
5506,"name5506","username5506","email5506@email.com","password5506","artist"
5507,"name5507","username5507","email5507@email.com","password5507","user"
5508,"name5508","username5508","email5508@email.com","password5508","user"
5509,"name5509","username5509","email5509@email.com","password5509","user"
5510,"name5510","username5510","email5510@email.com","password5510","artist"
5511,"name5511","username5511","email5511@email.com","password5511","user"
5512,"name5512","username5512","email5512@email.com","password5512","artist"
5513,"name5513","username5513","email5513@email.com","password5513","user"
5514,"name5514","username5514","email5514@email.com","password5514","user"
5515,"name5515","username5515","email5515@email.com","password5515","user"
5516,"name5516","username5516","email5516@email.com","password5516","artist"
5517,"name5517","username5517","email5517@email.com","password5517","artist"
5518,"name5518","username5518","email5518@email.com","password5518","user"
5519,"name5519","username5519","email5519@email.com","password5519","user"
5520,"name5520","username5520","email5520@email.com","password5520","artist"
5521,"name5521","username5521","email5521@email.com","password5521","user"
5522,"name5522","username5522","email5522@email.com","password5522","artist"
5523,"name5523","username5523","email5523@email.com","password5523","user"
5524,"name5524","username5524","email5524@email.com","password5524","artist"
5525,"name5525","username5525","email5525@email.com","password5525","user"
5526,"name5526","username5526","email5526@email.com","password5526","artist"
5527,"name5527","username5527","email5527@email.com","password5527","artist"
5528,"name5528","username5528","email5528@email.com","password5528","user"
5529,"name5529","username5529","email5529@email.com","password5529","artist"
5530,"name5530","username5530","email5530@email.com","password5530","artist"
5531,"name5531","username5531","email5531@email.com","password5531","user"
5532,"name5532","username5532","email5532@email.com","password5532","user"
5533,"name5533","username5533","email5533@email.com","password5533","user"
5534,"name5534","username5534","email5534@email.com","password5534","user"
5535,"name5535","username5535","email5535@email.com","password5535","user"
5536,"name5536","username5536","email5536@email.com","password5536","artist"
5537,"name5537","username5537","email5537@email.com","password5537","user"
5538,"name5538","username5538","email5538@email.com","password5538","artist"
5539,"name5539","username5539","email5539@email.com","password5539","artist"
5540,"name5540","username5540","email5540@email.com","password5540","artist"
5541,"name5541","username5541","email5541@email.com","password5541","artist"
5542,"name5542","username5542","email5542@email.com","password5542","artist"
5543,"name5543","username5543","email5543@email.com","password5543","artist"
5544,"name5544","username5544","email5544@email.com","password5544","user"
5545,"name5545","username5545","email5545@email.com","password5545","artist"
5546,"name5546","username5546","email5546@email.com","password5546","artist"
5547,"name5547","username5547","email5547@email.com","password5547","artist"
5548,"name5548","username5548","email5548@email.com","password5548","user"
5549,"name5549","username5549","email5549@email.com","password5549","user"
5550,"name5550","username5550","email5550@email.com","password5550","user"
5551,"name5551","username5551","email5551@email.com","password5551","artist"
5552,"name5552","username5552","email5552@email.com","password5552","artist"
5553,"name5553","username5553","email5553@email.com","password5553","user"
5554,"name5554","username5554","email5554@email.com","password5554","user"
5555,"name5555","username5555","email5555@email.com","password5555","user"
5556,"name5556","username5556","email5556@email.com","password5556","artist"
5557,"name5557","username5557","email5557@email.com","password5557","artist"
5558,"name5558","username5558","email5558@email.com","password5558","artist"
5559,"name5559","username5559","email5559@email.com","password5559","artist"
5560,"name5560","username5560","email5560@email.com","password5560","user"
5561,"name5561","username5561","email5561@email.com","password5561","artist"
5562,"name5562","username5562","email5562@email.com","password5562","artist"
5563,"name5563","username5563","email5563@email.com","password5563","artist"
5564,"name5564","username5564","email5564@email.com","password5564","user"
5565,"name5565","username5565","email5565@email.com","password5565","artist"
5566,"name5566","username5566","email5566@email.com","password5566","user"
5567,"name5567","username5567","email5567@email.com","password5567","artist"
5568,"name5568","username5568","email5568@email.com","password5568","user"
5569,"name5569","username5569","email5569@email.com","password5569","user"
5570,"name5570","username5570","email5570@email.com","password5570","artist"
5571,"name5571","username5571","email5571@email.com","password5571","user"
5572,"name5572","username5572","email5572@email.com","password5572","artist"
5573,"name5573","username5573","email5573@email.com","password5573","artist"
5574,"name5574","username5574","email5574@email.com","password5574","artist"
5575,"name5575","username5575","email5575@email.com","password5575","user"
5576,"name5576","username5576","email5576@email.com","password5576","artist"
5577,"name5577","username5577","email5577@email.com","password5577","artist"
5578,"name5578","username5578","email5578@email.com","password5578","artist"
5579,"name5579","username5579","email5579@email.com","password5579","user"
5580,"name5580","username5580","email5580@email.com","password5580","user"
5581,"name5581","username5581","email5581@email.com","password5581","user"
5582,"name5582","username5582","email5582@email.com","password5582","user"
5583,"name5583","username5583","email5583@email.com","password5583","artist"
5584,"name5584","username5584","email5584@email.com","password5584","artist"
5585,"name5585","username5585","email5585@email.com","password5585","user"
5586,"name5586","username5586","email5586@email.com","password5586","user"
5587,"name5587","username5587","email5587@email.com","password5587","artist"
5588,"name5588","username5588","email5588@email.com","password5588","user"
5589,"name5589","username5589","email5589@email.com","password5589","user"
5590,"name5590","username5590","email5590@email.com","password5590","user"
5591,"name5591","username5591","email5591@email.com","password5591","artist"
5592,"name5592","username5592","email5592@email.com","password5592","user"
5593,"name5593","username5593","email5593@email.com","password5593","artist"
5594,"name5594","username5594","email5594@email.com","password5594","user"
5595,"name5595","username5595","email5595@email.com","password5595","artist"
5596,"name5596","username5596","email5596@email.com","password5596","user"
5597,"name5597","username5597","email5597@email.com","password5597","artist"
5598,"name5598","username5598","email5598@email.com","password5598","artist"
5599,"name5599","username5599","email5599@email.com","password5599","user"
5600,"name5600","username5600","email5600@email.com","password5600","user"
5601,"name5601","username5601","email5601@email.com","password5601","user"
5602,"name5602","username5602","email5602@email.com","password5602","user"
5603,"name5603","username5603","email5603@email.com","password5603","user"
5604,"name5604","username5604","email5604@email.com","password5604","artist"
5605,"name5605","username5605","email5605@email.com","password5605","artist"
5606,"name5606","username5606","email5606@email.com","password5606","artist"
5607,"name5607","username5607","email5607@email.com","password5607","artist"
5608,"name5608","username5608","email5608@email.com","password5608","artist"
5609,"name5609","username5609","email5609@email.com","password5609","user"
5610,"name5610","username5610","email5610@email.com","password5610","artist"
5611,"name5611","username5611","email5611@email.com","password5611","user"
5612,"name5612","username5612","email5612@email.com","password5612","artist"
5613,"name5613","username5613","email5613@email.com","password5613","user"
5614,"name5614","username5614","email5614@email.com","password5614","artist"
5615,"name5615","username5615","email5615@email.com","password5615","user"
5616,"name5616","username5616","email5616@email.com","password5616","user"
5617,"name5617","username5617","email5617@email.com","password5617","user"
5618,"name5618","username5618","email5618@email.com","password5618","user"
5619,"name5619","username5619","email5619@email.com","password5619","user"
5620,"name5620","username5620","email5620@email.com","password5620","user"
5621,"name5621","username5621","email5621@email.com","password5621","user"
5622,"name5622","username5622","email5622@email.com","password5622","user"
5623,"name5623","username5623","email5623@email.com","password5623","user"
5624,"name5624","username5624","email5624@email.com","password5624","user"
5625,"name5625","username5625","email5625@email.com","password5625","user"
5626,"name5626","username5626","email5626@email.com","password5626","artist"
5627,"name5627","username5627","email5627@email.com","password5627","user"
5628,"name5628","username5628","email5628@email.com","password5628","artist"
5629,"name5629","username5629","email5629@email.com","password5629","user"
5630,"name5630","username5630","email5630@email.com","password5630","artist"
5631,"name5631","username5631","email5631@email.com","password5631","user"
5632,"name5632","username5632","email5632@email.com","password5632","artist"
5633,"name5633","username5633","email5633@email.com","password5633","artist"
5634,"name5634","username5634","email5634@email.com","password5634","artist"
5635,"name5635","username5635","email5635@email.com","password5635","artist"
5636,"name5636","username5636","email5636@email.com","password5636","artist"
5637,"name5637","username5637","email5637@email.com","password5637","artist"
5638,"name5638","username5638","email5638@email.com","password5638","user"
5639,"name5639","username5639","email5639@email.com","password5639","user"
5640,"name5640","username5640","email5640@email.com","password5640","user"
5641,"name5641","username5641","email5641@email.com","password5641","user"
5642,"name5642","username5642","email5642@email.com","password5642","artist"
5643,"name5643","username5643","email5643@email.com","password5643","artist"
5644,"name5644","username5644","email5644@email.com","password5644","artist"
5645,"name5645","username5645","email5645@email.com","password5645","user"
5646,"name5646","username5646","email5646@email.com","password5646","user"
5647,"name5647","username5647","email5647@email.com","password5647","user"
5648,"name5648","username5648","email5648@email.com","password5648","user"
5649,"name5649","username5649","email5649@email.com","password5649","artist"
5650,"name5650","username5650","email5650@email.com","password5650","user"
5651,"name5651","username5651","email5651@email.com","password5651","artist"
5652,"name5652","username5652","email5652@email.com","password5652","user"
5653,"name5653","username5653","email5653@email.com","password5653","user"
5654,"name5654","username5654","email5654@email.com","password5654","artist"
5655,"name5655","username5655","email5655@email.com","password5655","user"
5656,"name5656","username5656","email5656@email.com","password5656","artist"
5657,"name5657","username5657","email5657@email.com","password5657","artist"
5658,"name5658","username5658","email5658@email.com","password5658","artist"
5659,"name5659","username5659","email5659@email.com","password5659","artist"
5660,"name5660","username5660","email5660@email.com","password5660","user"
5661,"name5661","username5661","email5661@email.com","password5661","artist"
5662,"name5662","username5662","email5662@email.com","password5662","user"
5663,"name5663","username5663","email5663@email.com","password5663","user"
5664,"name5664","username5664","email5664@email.com","password5664","user"
5665,"name5665","username5665","email5665@email.com","password5665","artist"
5666,"name5666","username5666","email5666@email.com","password5666","user"
5667,"name5667","username5667","email5667@email.com","password5667","user"
5668,"name5668","username5668","email5668@email.com","password5668","user"
5669,"name5669","username5669","email5669@email.com","password5669","user"
5670,"name5670","username5670","email5670@email.com","password5670","user"
5671,"name5671","username5671","email5671@email.com","password5671","artist"
5672,"name5672","username5672","email5672@email.com","password5672","user"
5673,"name5673","username5673","email5673@email.com","password5673","artist"
5674,"name5674","username5674","email5674@email.com","password5674","user"
5675,"name5675","username5675","email5675@email.com","password5675","artist"
5676,"name5676","username5676","email5676@email.com","password5676","user"
5677,"name5677","username5677","email5677@email.com","password5677","user"
5678,"name5678","username5678","email5678@email.com","password5678","artist"
5679,"name5679","username5679","email5679@email.com","password5679","artist"
5680,"name5680","username5680","email5680@email.com","password5680","user"
5681,"name5681","username5681","email5681@email.com","password5681","artist"
5682,"name5682","username5682","email5682@email.com","password5682","user"
5683,"name5683","username5683","email5683@email.com","password5683","user"
5684,"name5684","username5684","email5684@email.com","password5684","artist"
5685,"name5685","username5685","email5685@email.com","password5685","artist"
5686,"name5686","username5686","email5686@email.com","password5686","user"
5687,"name5687","username5687","email5687@email.com","password5687","artist"
5688,"name5688","username5688","email5688@email.com","password5688","user"
5689,"name5689","username5689","email5689@email.com","password5689","user"
5690,"name5690","username5690","email5690@email.com","password5690","artist"
5691,"name5691","username5691","email5691@email.com","password5691","user"
5692,"name5692","username5692","email5692@email.com","password5692","artist"
5693,"name5693","username5693","email5693@email.com","password5693","user"
5694,"name5694","username5694","email5694@email.com","password5694","user"
5695,"name5695","username5695","email5695@email.com","password5695","user"
5696,"name5696","username5696","email5696@email.com","password5696","artist"
5697,"name5697","username5697","email5697@email.com","password5697","artist"
5698,"name5698","username5698","email5698@email.com","password5698","artist"
5699,"name5699","username5699","email5699@email.com","password5699","user"
5700,"name5700","username5700","email5700@email.com","password5700","artist"
5701,"name5701","username5701","email5701@email.com","password5701","artist"
5702,"name5702","username5702","email5702@email.com","password5702","user"
5703,"name5703","username5703","email5703@email.com","password5703","user"
5704,"name5704","username5704","email5704@email.com","password5704","artist"
5705,"name5705","username5705","email5705@email.com","password5705","artist"
5706,"name5706","username5706","email5706@email.com","password5706","artist"
5707,"name5707","username5707","email5707@email.com","password5707","artist"
5708,"name5708","username5708","email5708@email.com","password5708","user"
5709,"name5709","username5709","email5709@email.com","password5709","artist"
5710,"name5710","username5710","email5710@email.com","password5710","user"
5711,"name5711","username5711","email5711@email.com","password5711","artist"
5712,"name5712","username5712","email5712@email.com","password5712","user"
5713,"name5713","username5713","email5713@email.com","password5713","user"
5714,"name5714","username5714","email5714@email.com","password5714","user"
5715,"name5715","username5715","email5715@email.com","password5715","user"
5716,"name5716","username5716","email5716@email.com","password5716","user"
5717,"name5717","username5717","email5717@email.com","password5717","artist"
5718,"name5718","username5718","email5718@email.com","password5718","artist"
5719,"name5719","username5719","email5719@email.com","password5719","artist"
5720,"name5720","username5720","email5720@email.com","password5720","artist"
5721,"name5721","username5721","email5721@email.com","password5721","artist"
5722,"name5722","username5722","email5722@email.com","password5722","artist"
5723,"name5723","username5723","email5723@email.com","password5723","user"
5724,"name5724","username5724","email5724@email.com","password5724","artist"
5725,"name5725","username5725","email5725@email.com","password5725","user"
5726,"name5726","username5726","email5726@email.com","password5726","artist"
5727,"name5727","username5727","email5727@email.com","password5727","artist"
5728,"name5728","username5728","email5728@email.com","password5728","artist"
5729,"name5729","username5729","email5729@email.com","password5729","user"
5730,"name5730","username5730","email5730@email.com","password5730","user"
5731,"name5731","username5731","email5731@email.com","password5731","artist"
5732,"name5732","username5732","email5732@email.com","password5732","user"
5733,"name5733","username5733","email5733@email.com","password5733","user"
5734,"name5734","username5734","email5734@email.com","password5734","user"
5735,"name5735","username5735","email5735@email.com","password5735","artist"
5736,"name5736","username5736","email5736@email.com","password5736","artist"
5737,"name5737","username5737","email5737@email.com","password5737","user"
5738,"name5738","username5738","email5738@email.com","password5738","user"
5739,"name5739","username5739","email5739@email.com","password5739","artist"
5740,"name5740","username5740","email5740@email.com","password5740","artist"
5741,"name5741","username5741","email5741@email.com","password5741","artist"
5742,"name5742","username5742","email5742@email.com","password5742","user"
5743,"name5743","username5743","email5743@email.com","password5743","user"
5744,"name5744","username5744","email5744@email.com","password5744","artist"
5745,"name5745","username5745","email5745@email.com","password5745","artist"
5746,"name5746","username5746","email5746@email.com","password5746","user"
5747,"name5747","username5747","email5747@email.com","password5747","artist"
5748,"name5748","username5748","email5748@email.com","password5748","user"
5749,"name5749","username5749","email5749@email.com","password5749","artist"
5750,"name5750","username5750","email5750@email.com","password5750","user"
5751,"name5751","username5751","email5751@email.com","password5751","user"
5752,"name5752","username5752","email5752@email.com","password5752","artist"
5753,"name5753","username5753","email5753@email.com","password5753","artist"
5754,"name5754","username5754","email5754@email.com","password5754","artist"
5755,"name5755","username5755","email5755@email.com","password5755","user"
5756,"name5756","username5756","email5756@email.com","password5756","artist"
5757,"name5757","username5757","email5757@email.com","password5757","artist"
5758,"name5758","username5758","email5758@email.com","password5758","artist"
5759,"name5759","username5759","email5759@email.com","password5759","user"
5760,"name5760","username5760","email5760@email.com","password5760","artist"
5761,"name5761","username5761","email5761@email.com","password5761","artist"
5762,"name5762","username5762","email5762@email.com","password5762","artist"
5763,"name5763","username5763","email5763@email.com","password5763","user"
5764,"name5764","username5764","email5764@email.com","password5764","user"
5765,"name5765","username5765","email5765@email.com","password5765","user"
5766,"name5766","username5766","email5766@email.com","password5766","artist"
5767,"name5767","username5767","email5767@email.com","password5767","user"
5768,"name5768","username5768","email5768@email.com","password5768","user"
5769,"name5769","username5769","email5769@email.com","password5769","user"
5770,"name5770","username5770","email5770@email.com","password5770","artist"
5771,"name5771","username5771","email5771@email.com","password5771","user"
5772,"name5772","username5772","email5772@email.com","password5772","artist"
5773,"name5773","username5773","email5773@email.com","password5773","user"
5774,"name5774","username5774","email5774@email.com","password5774","user"
5775,"name5775","username5775","email5775@email.com","password5775","artist"
5776,"name5776","username5776","email5776@email.com","password5776","user"
5777,"name5777","username5777","email5777@email.com","password5777","artist"
5778,"name5778","username5778","email5778@email.com","password5778","user"
5779,"name5779","username5779","email5779@email.com","password5779","user"
5780,"name5780","username5780","email5780@email.com","password5780","user"
5781,"name5781","username5781","email5781@email.com","password5781","artist"
5782,"name5782","username5782","email5782@email.com","password5782","artist"
5783,"name5783","username5783","email5783@email.com","password5783","user"
5784,"name5784","username5784","email5784@email.com","password5784","user"
5785,"name5785","username5785","email5785@email.com","password5785","user"
5786,"name5786","username5786","email5786@email.com","password5786","user"
5787,"name5787","username5787","email5787@email.com","password5787","user"
5788,"name5788","username5788","email5788@email.com","password5788","user"
5789,"name5789","username5789","email5789@email.com","password5789","user"
5790,"name5790","username5790","email5790@email.com","password5790","artist"
5791,"name5791","username5791","email5791@email.com","password5791","user"
5792,"name5792","username5792","email5792@email.com","password5792","user"
5793,"name5793","username5793","email5793@email.com","password5793","artist"
5794,"name5794","username5794","email5794@email.com","password5794","artist"
5795,"name5795","username5795","email5795@email.com","password5795","user"
5796,"name5796","username5796","email5796@email.com","password5796","artist"
5797,"name5797","username5797","email5797@email.com","password5797","artist"
5798,"name5798","username5798","email5798@email.com","password5798","user"
5799,"name5799","username5799","email5799@email.com","password5799","user"
5800,"name5800","username5800","email5800@email.com","password5800","artist"
5801,"name5801","username5801","email5801@email.com","password5801","artist"
5802,"name5802","username5802","email5802@email.com","password5802","user"
5803,"name5803","username5803","email5803@email.com","password5803","user"
5804,"name5804","username5804","email5804@email.com","password5804","artist"
5805,"name5805","username5805","email5805@email.com","password5805","user"
5806,"name5806","username5806","email5806@email.com","password5806","user"
5807,"name5807","username5807","email5807@email.com","password5807","artist"
5808,"name5808","username5808","email5808@email.com","password5808","user"
5809,"name5809","username5809","email5809@email.com","password5809","artist"
5810,"name5810","username5810","email5810@email.com","password5810","artist"
5811,"name5811","username5811","email5811@email.com","password5811","user"
5812,"name5812","username5812","email5812@email.com","password5812","user"
5813,"name5813","username5813","email5813@email.com","password5813","artist"
5814,"name5814","username5814","email5814@email.com","password5814","user"
5815,"name5815","username5815","email5815@email.com","password5815","artist"
5816,"name5816","username5816","email5816@email.com","password5816","user"
5817,"name5817","username5817","email5817@email.com","password5817","artist"
5818,"name5818","username5818","email5818@email.com","password5818","user"
5819,"name5819","username5819","email5819@email.com","password5819","user"
5820,"name5820","username5820","email5820@email.com","password5820","artist"
5821,"name5821","username5821","email5821@email.com","password5821","user"
5822,"name5822","username5822","email5822@email.com","password5822","artist"
5823,"name5823","username5823","email5823@email.com","password5823","user"
5824,"name5824","username5824","email5824@email.com","password5824","user"
5825,"name5825","username5825","email5825@email.com","password5825","artist"
5826,"name5826","username5826","email5826@email.com","password5826","user"
5827,"name5827","username5827","email5827@email.com","password5827","user"
5828,"name5828","username5828","email5828@email.com","password5828","user"
5829,"name5829","username5829","email5829@email.com","password5829","user"
5830,"name5830","username5830","email5830@email.com","password5830","artist"
5831,"name5831","username5831","email5831@email.com","password5831","user"
5832,"name5832","username5832","email5832@email.com","password5832","user"
5833,"name5833","username5833","email5833@email.com","password5833","user"
5834,"name5834","username5834","email5834@email.com","password5834","user"
5835,"name5835","username5835","email5835@email.com","password5835","user"
5836,"name5836","username5836","email5836@email.com","password5836","artist"
5837,"name5837","username5837","email5837@email.com","password5837","user"
5838,"name5838","username5838","email5838@email.com","password5838","artist"
5839,"name5839","username5839","email5839@email.com","password5839","artist"
5840,"name5840","username5840","email5840@email.com","password5840","artist"
5841,"name5841","username5841","email5841@email.com","password5841","artist"
5842,"name5842","username5842","email5842@email.com","password5842","artist"
5843,"name5843","username5843","email5843@email.com","password5843","artist"
5844,"name5844","username5844","email5844@email.com","password5844","user"
5845,"name5845","username5845","email5845@email.com","password5845","artist"
5846,"name5846","username5846","email5846@email.com","password5846","user"
5847,"name5847","username5847","email5847@email.com","password5847","artist"
5848,"name5848","username5848","email5848@email.com","password5848","artist"
5849,"name5849","username5849","email5849@email.com","password5849","user"
5850,"name5850","username5850","email5850@email.com","password5850","user"
5851,"name5851","username5851","email5851@email.com","password5851","user"
5852,"name5852","username5852","email5852@email.com","password5852","artist"
5853,"name5853","username5853","email5853@email.com","password5853","user"
5854,"name5854","username5854","email5854@email.com","password5854","artist"
5855,"name5855","username5855","email5855@email.com","password5855","artist"
5856,"name5856","username5856","email5856@email.com","password5856","user"
5857,"name5857","username5857","email5857@email.com","password5857","user"
5858,"name5858","username5858","email5858@email.com","password5858","artist"
5859,"name5859","username5859","email5859@email.com","password5859","artist"
5860,"name5860","username5860","email5860@email.com","password5860","artist"
5861,"name5861","username5861","email5861@email.com","password5861","artist"
5862,"name5862","username5862","email5862@email.com","password5862","user"
5863,"name5863","username5863","email5863@email.com","password5863","user"
5864,"name5864","username5864","email5864@email.com","password5864","user"
5865,"name5865","username5865","email5865@email.com","password5865","user"
5866,"name5866","username5866","email5866@email.com","password5866","user"
5867,"name5867","username5867","email5867@email.com","password5867","user"
5868,"name5868","username5868","email5868@email.com","password5868","user"
5869,"name5869","username5869","email5869@email.com","password5869","user"
5870,"name5870","username5870","email5870@email.com","password5870","artist"
5871,"name5871","username5871","email5871@email.com","password5871","artist"
5872,"name5872","username5872","email5872@email.com","password5872","user"
5873,"name5873","username5873","email5873@email.com","password5873","artist"
5874,"name5874","username5874","email5874@email.com","password5874","artist"
5875,"name5875","username5875","email5875@email.com","password5875","user"
5876,"name5876","username5876","email5876@email.com","password5876","artist"
5877,"name5877","username5877","email5877@email.com","password5877","artist"
5878,"name5878","username5878","email5878@email.com","password5878","user"
5879,"name5879","username5879","email5879@email.com","password5879","user"
5880,"name5880","username5880","email5880@email.com","password5880","user"
5881,"name5881","username5881","email5881@email.com","password5881","user"
5882,"name5882","username5882","email5882@email.com","password5882","user"
5883,"name5883","username5883","email5883@email.com","password5883","user"
5884,"name5884","username5884","email5884@email.com","password5884","artist"
5885,"name5885","username5885","email5885@email.com","password5885","user"
5886,"name5886","username5886","email5886@email.com","password5886","artist"
5887,"name5887","username5887","email5887@email.com","password5887","user"
5888,"name5888","username5888","email5888@email.com","password5888","user"
5889,"name5889","username5889","email5889@email.com","password5889","artist"
5890,"name5890","username5890","email5890@email.com","password5890","user"
5891,"name5891","username5891","email5891@email.com","password5891","artist"
5892,"name5892","username5892","email5892@email.com","password5892","user"
5893,"name5893","username5893","email5893@email.com","password5893","artist"
5894,"name5894","username5894","email5894@email.com","password5894","user"
5895,"name5895","username5895","email5895@email.com","password5895","user"
5896,"name5896","username5896","email5896@email.com","password5896","user"
5897,"name5897","username5897","email5897@email.com","password5897","artist"
5898,"name5898","username5898","email5898@email.com","password5898","artist"
5899,"name5899","username5899","email5899@email.com","password5899","user"
5900,"name5900","username5900","email5900@email.com","password5900","artist"
5901,"name5901","username5901","email5901@email.com","password5901","artist"
5902,"name5902","username5902","email5902@email.com","password5902","artist"
5903,"name5903","username5903","email5903@email.com","password5903","user"
5904,"name5904","username5904","email5904@email.com","password5904","artist"
5905,"name5905","username5905","email5905@email.com","password5905","user"
5906,"name5906","username5906","email5906@email.com","password5906","artist"
5907,"name5907","username5907","email5907@email.com","password5907","artist"
5908,"name5908","username5908","email5908@email.com","password5908","artist"
5909,"name5909","username5909","email5909@email.com","password5909","user"
5910,"name5910","username5910","email5910@email.com","password5910","artist"
5911,"name5911","username5911","email5911@email.com","password5911","artist"
5912,"name5912","username5912","email5912@email.com","password5912","artist"
5913,"name5913","username5913","email5913@email.com","password5913","user"
5914,"name5914","username5914","email5914@email.com","password5914","artist"
5915,"name5915","username5915","email5915@email.com","password5915","user"
5916,"name5916","username5916","email5916@email.com","password5916","user"
5917,"name5917","username5917","email5917@email.com","password5917","user"
5918,"name5918","username5918","email5918@email.com","password5918","artist"
5919,"name5919","username5919","email5919@email.com","password5919","user"
5920,"name5920","username5920","email5920@email.com","password5920","artist"
5921,"name5921","username5921","email5921@email.com","password5921","artist"
5922,"name5922","username5922","email5922@email.com","password5922","user"
5923,"name5923","username5923","email5923@email.com","password5923","user"
5924,"name5924","username5924","email5924@email.com","password5924","user"
5925,"name5925","username5925","email5925@email.com","password5925","user"
5926,"name5926","username5926","email5926@email.com","password5926","user"
5927,"name5927","username5927","email5927@email.com","password5927","artist"
5928,"name5928","username5928","email5928@email.com","password5928","user"
5929,"name5929","username5929","email5929@email.com","password5929","user"
5930,"name5930","username5930","email5930@email.com","password5930","user"
5931,"name5931","username5931","email5931@email.com","password5931","artist"
5932,"name5932","username5932","email5932@email.com","password5932","artist"
5933,"name5933","username5933","email5933@email.com","password5933","user"
5934,"name5934","username5934","email5934@email.com","password5934","user"
5935,"name5935","username5935","email5935@email.com","password5935","user"
5936,"name5936","username5936","email5936@email.com","password5936","user"
5937,"name5937","username5937","email5937@email.com","password5937","user"
5938,"name5938","username5938","email5938@email.com","password5938","artist"
5939,"name5939","username5939","email5939@email.com","password5939","artist"
5940,"name5940","username5940","email5940@email.com","password5940","user"
5941,"name5941","username5941","email5941@email.com","password5941","artist"
5942,"name5942","username5942","email5942@email.com","password5942","artist"
5943,"name5943","username5943","email5943@email.com","password5943","user"
5944,"name5944","username5944","email5944@email.com","password5944","user"
5945,"name5945","username5945","email5945@email.com","password5945","artist"
5946,"name5946","username5946","email5946@email.com","password5946","user"
5947,"name5947","username5947","email5947@email.com","password5947","user"
5948,"name5948","username5948","email5948@email.com","password5948","artist"
5949,"name5949","username5949","email5949@email.com","password5949","artist"
5950,"name5950","username5950","email5950@email.com","password5950","artist"
5951,"name5951","username5951","email5951@email.com","password5951","user"
5952,"name5952","username5952","email5952@email.com","password5952","artist"
5953,"name5953","username5953","email5953@email.com","password5953","artist"
5954,"name5954","username5954","email5954@email.com","password5954","artist"
5955,"name5955","username5955","email5955@email.com","password5955","user"
5956,"name5956","username5956","email5956@email.com","password5956","user"
5957,"name5957","username5957","email5957@email.com","password5957","user"
5958,"name5958","username5958","email5958@email.com","password5958","user"
5959,"name5959","username5959","email5959@email.com","password5959","user"
5960,"name5960","username5960","email5960@email.com","password5960","artist"
5961,"name5961","username5961","email5961@email.com","password5961","user"
5962,"name5962","username5962","email5962@email.com","password5962","artist"
5963,"name5963","username5963","email5963@email.com","password5963","artist"
5964,"name5964","username5964","email5964@email.com","password5964","artist"
5965,"name5965","username5965","email5965@email.com","password5965","user"
5966,"name5966","username5966","email5966@email.com","password5966","artist"
5967,"name5967","username5967","email5967@email.com","password5967","user"
5968,"name5968","username5968","email5968@email.com","password5968","artist"
5969,"name5969","username5969","email5969@email.com","password5969","artist"
5970,"name5970","username5970","email5970@email.com","password5970","user"
5971,"name5971","username5971","email5971@email.com","password5971","artist"
5972,"name5972","username5972","email5972@email.com","password5972","artist"
5973,"name5973","username5973","email5973@email.com","password5973","artist"
5974,"name5974","username5974","email5974@email.com","password5974","artist"
5975,"name5975","username5975","email5975@email.com","password5975","user"
5976,"name5976","username5976","email5976@email.com","password5976","user"
5977,"name5977","username5977","email5977@email.com","password5977","user"
5978,"name5978","username5978","email5978@email.com","password5978","user"
5979,"name5979","username5979","email5979@email.com","password5979","artist"
5980,"name5980","username5980","email5980@email.com","password5980","user"
5981,"name5981","username5981","email5981@email.com","password5981","artist"
5982,"name5982","username5982","email5982@email.com","password5982","user"
5983,"name5983","username5983","email5983@email.com","password5983","artist"
5984,"name5984","username5984","email5984@email.com","password5984","user"
5985,"name5985","username5985","email5985@email.com","password5985","user"
5986,"name5986","username5986","email5986@email.com","password5986","user"
5987,"name5987","username5987","email5987@email.com","password5987","artist"
5988,"name5988","username5988","email5988@email.com","password5988","user"
5989,"name5989","username5989","email5989@email.com","password5989","user"
5990,"name5990","username5990","email5990@email.com","password5990","user"
5991,"name5991","username5991","email5991@email.com","password5991","artist"
5992,"name5992","username5992","email5992@email.com","password5992","user"
5993,"name5993","username5993","email5993@email.com","password5993","user"
5994,"name5994","username5994","email5994@email.com","password5994","user"
5995,"name5995","username5995","email5995@email.com","password5995","artist"
5996,"name5996","username5996","email5996@email.com","password5996","artist"
5997,"name5997","username5997","email5997@email.com","password5997","user"
5998,"name5998","username5998","email5998@email.com","password5998","artist"
5999,"name5999","username5999","email5999@email.com","password5999","artist"
6000,"name6000","username6000","email6000@email.com","password6000","artist"
6001,"name6001","username6001","email6001@email.com","password6001","artist"
6002,"name6002","username6002","email6002@email.com","password6002","artist"
6003,"name6003","username6003","email6003@email.com","password6003","user"
6004,"name6004","username6004","email6004@email.com","password6004","artist"
6005,"name6005","username6005","email6005@email.com","password6005","artist"
6006,"name6006","username6006","email6006@email.com","password6006","user"
6007,"name6007","username6007","email6007@email.com","password6007","artist"
6008,"name6008","username6008","email6008@email.com","password6008","user"
6009,"name6009","username6009","email6009@email.com","password6009","user"
6010,"name6010","username6010","email6010@email.com","password6010","artist"
6011,"name6011","username6011","email6011@email.com","password6011","user"
6012,"name6012","username6012","email6012@email.com","password6012","artist"
6013,"name6013","username6013","email6013@email.com","password6013","artist"
6014,"name6014","username6014","email6014@email.com","password6014","artist"
6015,"name6015","username6015","email6015@email.com","password6015","artist"
6016,"name6016","username6016","email6016@email.com","password6016","artist"
6017,"name6017","username6017","email6017@email.com","password6017","user"
6018,"name6018","username6018","email6018@email.com","password6018","artist"
6019,"name6019","username6019","email6019@email.com","password6019","artist"
6020,"name6020","username6020","email6020@email.com","password6020","user"
6021,"name6021","username6021","email6021@email.com","password6021","artist"
6022,"name6022","username6022","email6022@email.com","password6022","artist"
6023,"name6023","username6023","email6023@email.com","password6023","artist"
6024,"name6024","username6024","email6024@email.com","password6024","artist"
6025,"name6025","username6025","email6025@email.com","password6025","user"
6026,"name6026","username6026","email6026@email.com","password6026","user"
6027,"name6027","username6027","email6027@email.com","password6027","user"
6028,"name6028","username6028","email6028@email.com","password6028","user"
6029,"name6029","username6029","email6029@email.com","password6029","artist"
6030,"name6030","username6030","email6030@email.com","password6030","user"
6031,"name6031","username6031","email6031@email.com","password6031","user"
6032,"name6032","username6032","email6032@email.com","password6032","artist"
6033,"name6033","username6033","email6033@email.com","password6033","user"
6034,"name6034","username6034","email6034@email.com","password6034","user"
6035,"name6035","username6035","email6035@email.com","password6035","user"
6036,"name6036","username6036","email6036@email.com","password6036","user"
6037,"name6037","username6037","email6037@email.com","password6037","artist"
6038,"name6038","username6038","email6038@email.com","password6038","user"
6039,"name6039","username6039","email6039@email.com","password6039","user"
6040,"name6040","username6040","email6040@email.com","password6040","artist"
6041,"name6041","username6041","email6041@email.com","password6041","user"
6042,"name6042","username6042","email6042@email.com","password6042","artist"
6043,"name6043","username6043","email6043@email.com","password6043","user"
6044,"name6044","username6044","email6044@email.com","password6044","artist"
6045,"name6045","username6045","email6045@email.com","password6045","user"
6046,"name6046","username6046","email6046@email.com","password6046","user"
6047,"name6047","username6047","email6047@email.com","password6047","user"
6048,"name6048","username6048","email6048@email.com","password6048","user"
6049,"name6049","username6049","email6049@email.com","password6049","user"
6050,"name6050","username6050","email6050@email.com","password6050","artist"
6051,"name6051","username6051","email6051@email.com","password6051","artist"
6052,"name6052","username6052","email6052@email.com","password6052","user"
6053,"name6053","username6053","email6053@email.com","password6053","user"
6054,"name6054","username6054","email6054@email.com","password6054","user"
6055,"name6055","username6055","email6055@email.com","password6055","artist"
6056,"name6056","username6056","email6056@email.com","password6056","user"
6057,"name6057","username6057","email6057@email.com","password6057","user"
6058,"name6058","username6058","email6058@email.com","password6058","user"
6059,"name6059","username6059","email6059@email.com","password6059","user"
6060,"name6060","username6060","email6060@email.com","password6060","artist"
6061,"name6061","username6061","email6061@email.com","password6061","artist"
6062,"name6062","username6062","email6062@email.com","password6062","user"
6063,"name6063","username6063","email6063@email.com","password6063","user"
6064,"name6064","username6064","email6064@email.com","password6064","user"
6065,"name6065","username6065","email6065@email.com","password6065","user"
6066,"name6066","username6066","email6066@email.com","password6066","artist"
6067,"name6067","username6067","email6067@email.com","password6067","artist"
6068,"name6068","username6068","email6068@email.com","password6068","user"
6069,"name6069","username6069","email6069@email.com","password6069","user"
6070,"name6070","username6070","email6070@email.com","password6070","user"
6071,"name6071","username6071","email6071@email.com","password6071","artist"
6072,"name6072","username6072","email6072@email.com","password6072","artist"
6073,"name6073","username6073","email6073@email.com","password6073","user"
6074,"name6074","username6074","email6074@email.com","password6074","user"
6075,"name6075","username6075","email6075@email.com","password6075","artist"
6076,"name6076","username6076","email6076@email.com","password6076","artist"
6077,"name6077","username6077","email6077@email.com","password6077","user"
6078,"name6078","username6078","email6078@email.com","password6078","artist"
6079,"name6079","username6079","email6079@email.com","password6079","user"
6080,"name6080","username6080","email6080@email.com","password6080","user"
6081,"name6081","username6081","email6081@email.com","password6081","artist"
6082,"name6082","username6082","email6082@email.com","password6082","artist"
6083,"name6083","username6083","email6083@email.com","password6083","user"
6084,"name6084","username6084","email6084@email.com","password6084","artist"
6085,"name6085","username6085","email6085@email.com","password6085","user"
6086,"name6086","username6086","email6086@email.com","password6086","user"
6087,"name6087","username6087","email6087@email.com","password6087","artist"
6088,"name6088","username6088","email6088@email.com","password6088","artist"
6089,"name6089","username6089","email6089@email.com","password6089","user"
6090,"name6090","username6090","email6090@email.com","password6090","user"
6091,"name6091","username6091","email6091@email.com","password6091","user"
6092,"name6092","username6092","email6092@email.com","password6092","artist"
6093,"name6093","username6093","email6093@email.com","password6093","artist"
6094,"name6094","username6094","email6094@email.com","password6094","artist"
6095,"name6095","username6095","email6095@email.com","password6095","user"
6096,"name6096","username6096","email6096@email.com","password6096","user"
6097,"name6097","username6097","email6097@email.com","password6097","artist"
6098,"name6098","username6098","email6098@email.com","password6098","user"
6099,"name6099","username6099","email6099@email.com","password6099","artist"
6100,"name6100","username6100","email6100@email.com","password6100","artist"
6101,"name6101","username6101","email6101@email.com","password6101","user"
6102,"name6102","username6102","email6102@email.com","password6102","user"
6103,"name6103","username6103","email6103@email.com","password6103","artist"
6104,"name6104","username6104","email6104@email.com","password6104","user"
6105,"name6105","username6105","email6105@email.com","password6105","artist"
6106,"name6106","username6106","email6106@email.com","password6106","user"
6107,"name6107","username6107","email6107@email.com","password6107","user"
6108,"name6108","username6108","email6108@email.com","password6108","artist"
6109,"name6109","username6109","email6109@email.com","password6109","user"
6110,"name6110","username6110","email6110@email.com","password6110","artist"
6111,"name6111","username6111","email6111@email.com","password6111","user"
6112,"name6112","username6112","email6112@email.com","password6112","artist"
6113,"name6113","username6113","email6113@email.com","password6113","artist"
6114,"name6114","username6114","email6114@email.com","password6114","artist"
6115,"name6115","username6115","email6115@email.com","password6115","artist"
6116,"name6116","username6116","email6116@email.com","password6116","artist"
6117,"name6117","username6117","email6117@email.com","password6117","artist"
6118,"name6118","username6118","email6118@email.com","password6118","artist"
6119,"name6119","username6119","email6119@email.com","password6119","artist"
6120,"name6120","username6120","email6120@email.com","password6120","user"
6121,"name6121","username6121","email6121@email.com","password6121","user"
6122,"name6122","username6122","email6122@email.com","password6122","artist"
6123,"name6123","username6123","email6123@email.com","password6123","user"
6124,"name6124","username6124","email6124@email.com","password6124","user"
6125,"name6125","username6125","email6125@email.com","password6125","user"
6126,"name6126","username6126","email6126@email.com","password6126","user"
6127,"name6127","username6127","email6127@email.com","password6127","user"
6128,"name6128","username6128","email6128@email.com","password6128","artist"
6129,"name6129","username6129","email6129@email.com","password6129","user"
6130,"name6130","username6130","email6130@email.com","password6130","artist"
6131,"name6131","username6131","email6131@email.com","password6131","artist"
6132,"name6132","username6132","email6132@email.com","password6132","user"
6133,"name6133","username6133","email6133@email.com","password6133","user"
6134,"name6134","username6134","email6134@email.com","password6134","artist"
6135,"name6135","username6135","email6135@email.com","password6135","user"
6136,"name6136","username6136","email6136@email.com","password6136","user"
6137,"name6137","username6137","email6137@email.com","password6137","artist"
6138,"name6138","username6138","email6138@email.com","password6138","user"
6139,"name6139","username6139","email6139@email.com","password6139","user"
6140,"name6140","username6140","email6140@email.com","password6140","artist"
6141,"name6141","username6141","email6141@email.com","password6141","user"
6142,"name6142","username6142","email6142@email.com","password6142","artist"
6143,"name6143","username6143","email6143@email.com","password6143","artist"
6144,"name6144","username6144","email6144@email.com","password6144","artist"
6145,"name6145","username6145","email6145@email.com","password6145","artist"
6146,"name6146","username6146","email6146@email.com","password6146","artist"
6147,"name6147","username6147","email6147@email.com","password6147","user"
6148,"name6148","username6148","email6148@email.com","password6148","user"
6149,"name6149","username6149","email6149@email.com","password6149","artist"
6150,"name6150","username6150","email6150@email.com","password6150","user"
6151,"name6151","username6151","email6151@email.com","password6151","artist"
6152,"name6152","username6152","email6152@email.com","password6152","artist"
6153,"name6153","username6153","email6153@email.com","password6153","artist"
6154,"name6154","username6154","email6154@email.com","password6154","user"
6155,"name6155","username6155","email6155@email.com","password6155","user"
6156,"name6156","username6156","email6156@email.com","password6156","artist"
6157,"name6157","username6157","email6157@email.com","password6157","user"
6158,"name6158","username6158","email6158@email.com","password6158","artist"
6159,"name6159","username6159","email6159@email.com","password6159","user"
6160,"name6160","username6160","email6160@email.com","password6160","user"
6161,"name6161","username6161","email6161@email.com","password6161","artist"
6162,"name6162","username6162","email6162@email.com","password6162","artist"
6163,"name6163","username6163","email6163@email.com","password6163","user"
6164,"name6164","username6164","email6164@email.com","password6164","artist"
6165,"name6165","username6165","email6165@email.com","password6165","user"
6166,"name6166","username6166","email6166@email.com","password6166","artist"
6167,"name6167","username6167","email6167@email.com","password6167","artist"
6168,"name6168","username6168","email6168@email.com","password6168","artist"
6169,"name6169","username6169","email6169@email.com","password6169","user"
6170,"name6170","username6170","email6170@email.com","password6170","artist"
6171,"name6171","username6171","email6171@email.com","password6171","artist"
6172,"name6172","username6172","email6172@email.com","password6172","artist"
6173,"name6173","username6173","email6173@email.com","password6173","artist"
6174,"name6174","username6174","email6174@email.com","password6174","user"
6175,"name6175","username6175","email6175@email.com","password6175","artist"
6176,"name6176","username6176","email6176@email.com","password6176","artist"
6177,"name6177","username6177","email6177@email.com","password6177","user"
6178,"name6178","username6178","email6178@email.com","password6178","user"
6179,"name6179","username6179","email6179@email.com","password6179","user"
6180,"name6180","username6180","email6180@email.com","password6180","user"
6181,"name6181","username6181","email6181@email.com","password6181","user"
6182,"name6182","username6182","email6182@email.com","password6182","user"
6183,"name6183","username6183","email6183@email.com","password6183","user"
6184,"name6184","username6184","email6184@email.com","password6184","user"
6185,"name6185","username6185","email6185@email.com","password6185","artist"
6186,"name6186","username6186","email6186@email.com","password6186","artist"
6187,"name6187","username6187","email6187@email.com","password6187","user"
6188,"name6188","username6188","email6188@email.com","password6188","artist"
6189,"name6189","username6189","email6189@email.com","password6189","artist"
6190,"name6190","username6190","email6190@email.com","password6190","artist"
6191,"name6191","username6191","email6191@email.com","password6191","artist"
6192,"name6192","username6192","email6192@email.com","password6192","artist"
6193,"name6193","username6193","email6193@email.com","password6193","artist"
6194,"name6194","username6194","email6194@email.com","password6194","user"
6195,"name6195","username6195","email6195@email.com","password6195","artist"
6196,"name6196","username6196","email6196@email.com","password6196","user"
6197,"name6197","username6197","email6197@email.com","password6197","artist"
6198,"name6198","username6198","email6198@email.com","password6198","user"
6199,"name6199","username6199","email6199@email.com","password6199","user"
6200,"name6200","username6200","email6200@email.com","password6200","user"
6201,"name6201","username6201","email6201@email.com","password6201","artist"
6202,"name6202","username6202","email6202@email.com","password6202","artist"
6203,"name6203","username6203","email6203@email.com","password6203","artist"
6204,"name6204","username6204","email6204@email.com","password6204","artist"
6205,"name6205","username6205","email6205@email.com","password6205","artist"
6206,"name6206","username6206","email6206@email.com","password6206","artist"
6207,"name6207","username6207","email6207@email.com","password6207","user"
6208,"name6208","username6208","email6208@email.com","password6208","artist"
6209,"name6209","username6209","email6209@email.com","password6209","artist"
6210,"name6210","username6210","email6210@email.com","password6210","artist"
6211,"name6211","username6211","email6211@email.com","password6211","user"
6212,"name6212","username6212","email6212@email.com","password6212","user"
6213,"name6213","username6213","email6213@email.com","password6213","user"
6214,"name6214","username6214","email6214@email.com","password6214","artist"
6215,"name6215","username6215","email6215@email.com","password6215","user"
6216,"name6216","username6216","email6216@email.com","password6216","artist"
6217,"name6217","username6217","email6217@email.com","password6217","user"
6218,"name6218","username6218","email6218@email.com","password6218","user"
6219,"name6219","username6219","email6219@email.com","password6219","user"
6220,"name6220","username6220","email6220@email.com","password6220","user"
6221,"name6221","username6221","email6221@email.com","password6221","artist"
6222,"name6222","username6222","email6222@email.com","password6222","artist"
6223,"name6223","username6223","email6223@email.com","password6223","user"
6224,"name6224","username6224","email6224@email.com","password6224","user"
6225,"name6225","username6225","email6225@email.com","password6225","artist"
6226,"name6226","username6226","email6226@email.com","password6226","user"
6227,"name6227","username6227","email6227@email.com","password6227","user"
6228,"name6228","username6228","email6228@email.com","password6228","artist"
6229,"name6229","username6229","email6229@email.com","password6229","artist"
6230,"name6230","username6230","email6230@email.com","password6230","user"
6231,"name6231","username6231","email6231@email.com","password6231","artist"
6232,"name6232","username6232","email6232@email.com","password6232","artist"
6233,"name6233","username6233","email6233@email.com","password6233","artist"
6234,"name6234","username6234","email6234@email.com","password6234","artist"
6235,"name6235","username6235","email6235@email.com","password6235","artist"
6236,"name6236","username6236","email6236@email.com","password6236","artist"
6237,"name6237","username6237","email6237@email.com","password6237","user"
6238,"name6238","username6238","email6238@email.com","password6238","artist"
6239,"name6239","username6239","email6239@email.com","password6239","artist"
6240,"name6240","username6240","email6240@email.com","password6240","user"
6241,"name6241","username6241","email6241@email.com","password6241","artist"
6242,"name6242","username6242","email6242@email.com","password6242","user"
6243,"name6243","username6243","email6243@email.com","password6243","artist"
6244,"name6244","username6244","email6244@email.com","password6244","user"
6245,"name6245","username6245","email6245@email.com","password6245","artist"
6246,"name6246","username6246","email6246@email.com","password6246","user"
6247,"name6247","username6247","email6247@email.com","password6247","artist"
6248,"name6248","username6248","email6248@email.com","password6248","user"
6249,"name6249","username6249","email6249@email.com","password6249","user"
6250,"name6250","username6250","email6250@email.com","password6250","user"
6251,"name6251","username6251","email6251@email.com","password6251","artist"
6252,"name6252","username6252","email6252@email.com","password6252","user"
6253,"name6253","username6253","email6253@email.com","password6253","user"
6254,"name6254","username6254","email6254@email.com","password6254","artist"
6255,"name6255","username6255","email6255@email.com","password6255","artist"
6256,"name6256","username6256","email6256@email.com","password6256","artist"
6257,"name6257","username6257","email6257@email.com","password6257","artist"
6258,"name6258","username6258","email6258@email.com","password6258","artist"
6259,"name6259","username6259","email6259@email.com","password6259","user"
6260,"name6260","username6260","email6260@email.com","password6260","user"
6261,"name6261","username6261","email6261@email.com","password6261","artist"
6262,"name6262","username6262","email6262@email.com","password6262","user"
6263,"name6263","username6263","email6263@email.com","password6263","artist"
6264,"name6264","username6264","email6264@email.com","password6264","user"
6265,"name6265","username6265","email6265@email.com","password6265","user"
6266,"name6266","username6266","email6266@email.com","password6266","user"
6267,"name6267","username6267","email6267@email.com","password6267","artist"
6268,"name6268","username6268","email6268@email.com","password6268","artist"
6269,"name6269","username6269","email6269@email.com","password6269","user"
6270,"name6270","username6270","email6270@email.com","password6270","user"
6271,"name6271","username6271","email6271@email.com","password6271","artist"
6272,"name6272","username6272","email6272@email.com","password6272","artist"
6273,"name6273","username6273","email6273@email.com","password6273","user"
6274,"name6274","username6274","email6274@email.com","password6274","artist"
6275,"name6275","username6275","email6275@email.com","password6275","artist"
6276,"name6276","username6276","email6276@email.com","password6276","artist"
6277,"name6277","username6277","email6277@email.com","password6277","user"
6278,"name6278","username6278","email6278@email.com","password6278","artist"
6279,"name6279","username6279","email6279@email.com","password6279","artist"
6280,"name6280","username6280","email6280@email.com","password6280","artist"
6281,"name6281","username6281","email6281@email.com","password6281","artist"
6282,"name6282","username6282","email6282@email.com","password6282","user"
6283,"name6283","username6283","email6283@email.com","password6283","user"
6284,"name6284","username6284","email6284@email.com","password6284","artist"
6285,"name6285","username6285","email6285@email.com","password6285","user"
6286,"name6286","username6286","email6286@email.com","password6286","artist"
6287,"name6287","username6287","email6287@email.com","password6287","artist"
6288,"name6288","username6288","email6288@email.com","password6288","user"
6289,"name6289","username6289","email6289@email.com","password6289","artist"
6290,"name6290","username6290","email6290@email.com","password6290","user"
6291,"name6291","username6291","email6291@email.com","password6291","user"
6292,"name6292","username6292","email6292@email.com","password6292","artist"
6293,"name6293","username6293","email6293@email.com","password6293","artist"
6294,"name6294","username6294","email6294@email.com","password6294","user"
6295,"name6295","username6295","email6295@email.com","password6295","artist"
6296,"name6296","username6296","email6296@email.com","password6296","user"
6297,"name6297","username6297","email6297@email.com","password6297","user"
6298,"name6298","username6298","email6298@email.com","password6298","user"
6299,"name6299","username6299","email6299@email.com","password6299","artist"
6300,"name6300","username6300","email6300@email.com","password6300","artist"
6301,"name6301","username6301","email6301@email.com","password6301","artist"
6302,"name6302","username6302","email6302@email.com","password6302","user"
6303,"name6303","username6303","email6303@email.com","password6303","user"
6304,"name6304","username6304","email6304@email.com","password6304","user"
6305,"name6305","username6305","email6305@email.com","password6305","user"
6306,"name6306","username6306","email6306@email.com","password6306","artist"
6307,"name6307","username6307","email6307@email.com","password6307","user"
6308,"name6308","username6308","email6308@email.com","password6308","artist"
6309,"name6309","username6309","email6309@email.com","password6309","user"
6310,"name6310","username6310","email6310@email.com","password6310","user"
6311,"name6311","username6311","email6311@email.com","password6311","artist"
6312,"name6312","username6312","email6312@email.com","password6312","user"
6313,"name6313","username6313","email6313@email.com","password6313","artist"
6314,"name6314","username6314","email6314@email.com","password6314","user"
6315,"name6315","username6315","email6315@email.com","password6315","artist"
6316,"name6316","username6316","email6316@email.com","password6316","user"
6317,"name6317","username6317","email6317@email.com","password6317","artist"
6318,"name6318","username6318","email6318@email.com","password6318","user"
6319,"name6319","username6319","email6319@email.com","password6319","artist"
6320,"name6320","username6320","email6320@email.com","password6320","artist"
6321,"name6321","username6321","email6321@email.com","password6321","user"
6322,"name6322","username6322","email6322@email.com","password6322","user"
6323,"name6323","username6323","email6323@email.com","password6323","user"
6324,"name6324","username6324","email6324@email.com","password6324","artist"
6325,"name6325","username6325","email6325@email.com","password6325","artist"
6326,"name6326","username6326","email6326@email.com","password6326","artist"
6327,"name6327","username6327","email6327@email.com","password6327","artist"
6328,"name6328","username6328","email6328@email.com","password6328","artist"
6329,"name6329","username6329","email6329@email.com","password6329","artist"
6330,"name6330","username6330","email6330@email.com","password6330","artist"
6331,"name6331","username6331","email6331@email.com","password6331","artist"
6332,"name6332","username6332","email6332@email.com","password6332","artist"
6333,"name6333","username6333","email6333@email.com","password6333","user"
6334,"name6334","username6334","email6334@email.com","password6334","user"
6335,"name6335","username6335","email6335@email.com","password6335","user"
6336,"name6336","username6336","email6336@email.com","password6336","user"
6337,"name6337","username6337","email6337@email.com","password6337","user"
6338,"name6338","username6338","email6338@email.com","password6338","artist"
6339,"name6339","username6339","email6339@email.com","password6339","artist"
6340,"name6340","username6340","email6340@email.com","password6340","artist"
6341,"name6341","username6341","email6341@email.com","password6341","artist"
6342,"name6342","username6342","email6342@email.com","password6342","user"
6343,"name6343","username6343","email6343@email.com","password6343","user"
6344,"name6344","username6344","email6344@email.com","password6344","user"
6345,"name6345","username6345","email6345@email.com","password6345","user"
6346,"name6346","username6346","email6346@email.com","password6346","user"
6347,"name6347","username6347","email6347@email.com","password6347","user"
6348,"name6348","username6348","email6348@email.com","password6348","artist"
6349,"name6349","username6349","email6349@email.com","password6349","artist"
6350,"name6350","username6350","email6350@email.com","password6350","user"
6351,"name6351","username6351","email6351@email.com","password6351","artist"
6352,"name6352","username6352","email6352@email.com","password6352","user"
6353,"name6353","username6353","email6353@email.com","password6353","artist"
6354,"name6354","username6354","email6354@email.com","password6354","artist"
6355,"name6355","username6355","email6355@email.com","password6355","artist"
6356,"name6356","username6356","email6356@email.com","password6356","artist"
6357,"name6357","username6357","email6357@email.com","password6357","user"
6358,"name6358","username6358","email6358@email.com","password6358","user"
6359,"name6359","username6359","email6359@email.com","password6359","artist"
6360,"name6360","username6360","email6360@email.com","password6360","user"
6361,"name6361","username6361","email6361@email.com","password6361","user"
6362,"name6362","username6362","email6362@email.com","password6362","user"
6363,"name6363","username6363","email6363@email.com","password6363","user"
6364,"name6364","username6364","email6364@email.com","password6364","artist"
6365,"name6365","username6365","email6365@email.com","password6365","artist"
6366,"name6366","username6366","email6366@email.com","password6366","artist"
6367,"name6367","username6367","email6367@email.com","password6367","user"
6368,"name6368","username6368","email6368@email.com","password6368","user"
6369,"name6369","username6369","email6369@email.com","password6369","user"
6370,"name6370","username6370","email6370@email.com","password6370","artist"
6371,"name6371","username6371","email6371@email.com","password6371","user"
6372,"name6372","username6372","email6372@email.com","password6372","user"
6373,"name6373","username6373","email6373@email.com","password6373","artist"
6374,"name6374","username6374","email6374@email.com","password6374","artist"
6375,"name6375","username6375","email6375@email.com","password6375","artist"
6376,"name6376","username6376","email6376@email.com","password6376","artist"
6377,"name6377","username6377","email6377@email.com","password6377","user"
6378,"name6378","username6378","email6378@email.com","password6378","user"
6379,"name6379","username6379","email6379@email.com","password6379","artist"
6380,"name6380","username6380","email6380@email.com","password6380","user"
6381,"name6381","username6381","email6381@email.com","password6381","user"
6382,"name6382","username6382","email6382@email.com","password6382","user"
6383,"name6383","username6383","email6383@email.com","password6383","user"
6384,"name6384","username6384","email6384@email.com","password6384","artist"
6385,"name6385","username6385","email6385@email.com","password6385","user"
6386,"name6386","username6386","email6386@email.com","password6386","user"
6387,"name6387","username6387","email6387@email.com","password6387","artist"
6388,"name6388","username6388","email6388@email.com","password6388","user"
6389,"name6389","username6389","email6389@email.com","password6389","artist"
6390,"name6390","username6390","email6390@email.com","password6390","artist"
6391,"name6391","username6391","email6391@email.com","password6391","user"
6392,"name6392","username6392","email6392@email.com","password6392","artist"
6393,"name6393","username6393","email6393@email.com","password6393","artist"
6394,"name6394","username6394","email6394@email.com","password6394","artist"
6395,"name6395","username6395","email6395@email.com","password6395","user"
6396,"name6396","username6396","email6396@email.com","password6396","artist"
6397,"name6397","username6397","email6397@email.com","password6397","user"
6398,"name6398","username6398","email6398@email.com","password6398","user"
6399,"name6399","username6399","email6399@email.com","password6399","artist"
6400,"name6400","username6400","email6400@email.com","password6400","artist"
6401,"name6401","username6401","email6401@email.com","password6401","user"
6402,"name6402","username6402","email6402@email.com","password6402","artist"
6403,"name6403","username6403","email6403@email.com","password6403","artist"
6404,"name6404","username6404","email6404@email.com","password6404","user"
6405,"name6405","username6405","email6405@email.com","password6405","artist"
6406,"name6406","username6406","email6406@email.com","password6406","user"
6407,"name6407","username6407","email6407@email.com","password6407","user"
6408,"name6408","username6408","email6408@email.com","password6408","user"
6409,"name6409","username6409","email6409@email.com","password6409","user"
6410,"name6410","username6410","email6410@email.com","password6410","user"
6411,"name6411","username6411","email6411@email.com","password6411","user"
6412,"name6412","username6412","email6412@email.com","password6412","artist"
6413,"name6413","username6413","email6413@email.com","password6413","user"
6414,"name6414","username6414","email6414@email.com","password6414","artist"
6415,"name6415","username6415","email6415@email.com","password6415","artist"
6416,"name6416","username6416","email6416@email.com","password6416","user"
6417,"name6417","username6417","email6417@email.com","password6417","user"
6418,"name6418","username6418","email6418@email.com","password6418","user"
6419,"name6419","username6419","email6419@email.com","password6419","user"
6420,"name6420","username6420","email6420@email.com","password6420","user"
6421,"name6421","username6421","email6421@email.com","password6421","user"
6422,"name6422","username6422","email6422@email.com","password6422","artist"
6423,"name6423","username6423","email6423@email.com","password6423","user"
6424,"name6424","username6424","email6424@email.com","password6424","artist"
6425,"name6425","username6425","email6425@email.com","password6425","artist"
6426,"name6426","username6426","email6426@email.com","password6426","user"
6427,"name6427","username6427","email6427@email.com","password6427","artist"
6428,"name6428","username6428","email6428@email.com","password6428","artist"
6429,"name6429","username6429","email6429@email.com","password6429","user"
6430,"name6430","username6430","email6430@email.com","password6430","artist"
6431,"name6431","username6431","email6431@email.com","password6431","user"
6432,"name6432","username6432","email6432@email.com","password6432","user"
6433,"name6433","username6433","email6433@email.com","password6433","artist"
6434,"name6434","username6434","email6434@email.com","password6434","artist"
6435,"name6435","username6435","email6435@email.com","password6435","artist"
6436,"name6436","username6436","email6436@email.com","password6436","user"
6437,"name6437","username6437","email6437@email.com","password6437","artist"
6438,"name6438","username6438","email6438@email.com","password6438","artist"
6439,"name6439","username6439","email6439@email.com","password6439","artist"
6440,"name6440","username6440","email6440@email.com","password6440","artist"
6441,"name6441","username6441","email6441@email.com","password6441","user"
6442,"name6442","username6442","email6442@email.com","password6442","artist"
6443,"name6443","username6443","email6443@email.com","password6443","user"
6444,"name6444","username6444","email6444@email.com","password6444","artist"
6445,"name6445","username6445","email6445@email.com","password6445","artist"
6446,"name6446","username6446","email6446@email.com","password6446","user"
6447,"name6447","username6447","email6447@email.com","password6447","artist"
6448,"name6448","username6448","email6448@email.com","password6448","user"
6449,"name6449","username6449","email6449@email.com","password6449","artist"
6450,"name6450","username6450","email6450@email.com","password6450","artist"
6451,"name6451","username6451","email6451@email.com","password6451","artist"
6452,"name6452","username6452","email6452@email.com","password6452","user"
6453,"name6453","username6453","email6453@email.com","password6453","user"
6454,"name6454","username6454","email6454@email.com","password6454","user"
6455,"name6455","username6455","email6455@email.com","password6455","artist"
6456,"name6456","username6456","email6456@email.com","password6456","user"
6457,"name6457","username6457","email6457@email.com","password6457","user"
6458,"name6458","username6458","email6458@email.com","password6458","user"
6459,"name6459","username6459","email6459@email.com","password6459","user"
6460,"name6460","username6460","email6460@email.com","password6460","user"
6461,"name6461","username6461","email6461@email.com","password6461","user"
6462,"name6462","username6462","email6462@email.com","password6462","user"
6463,"name6463","username6463","email6463@email.com","password6463","user"
6464,"name6464","username6464","email6464@email.com","password6464","user"
6465,"name6465","username6465","email6465@email.com","password6465","user"
6466,"name6466","username6466","email6466@email.com","password6466","user"
6467,"name6467","username6467","email6467@email.com","password6467","artist"
6468,"name6468","username6468","email6468@email.com","password6468","artist"
6469,"name6469","username6469","email6469@email.com","password6469","artist"
6470,"name6470","username6470","email6470@email.com","password6470","user"
6471,"name6471","username6471","email6471@email.com","password6471","artist"
6472,"name6472","username6472","email6472@email.com","password6472","artist"
6473,"name6473","username6473","email6473@email.com","password6473","user"
6474,"name6474","username6474","email6474@email.com","password6474","artist"
6475,"name6475","username6475","email6475@email.com","password6475","user"
6476,"name6476","username6476","email6476@email.com","password6476","user"
6477,"name6477","username6477","email6477@email.com","password6477","user"
6478,"name6478","username6478","email6478@email.com","password6478","artist"
6479,"name6479","username6479","email6479@email.com","password6479","artist"
6480,"name6480","username6480","email6480@email.com","password6480","artist"
6481,"name6481","username6481","email6481@email.com","password6481","user"
6482,"name6482","username6482","email6482@email.com","password6482","artist"
6483,"name6483","username6483","email6483@email.com","password6483","artist"
6484,"name6484","username6484","email6484@email.com","password6484","artist"
6485,"name6485","username6485","email6485@email.com","password6485","user"
6486,"name6486","username6486","email6486@email.com","password6486","user"
6487,"name6487","username6487","email6487@email.com","password6487","artist"
6488,"name6488","username6488","email6488@email.com","password6488","artist"
6489,"name6489","username6489","email6489@email.com","password6489","user"
6490,"name6490","username6490","email6490@email.com","password6490","artist"
6491,"name6491","username6491","email6491@email.com","password6491","user"
6492,"name6492","username6492","email6492@email.com","password6492","user"
6493,"name6493","username6493","email6493@email.com","password6493","user"
6494,"name6494","username6494","email6494@email.com","password6494","artist"
6495,"name6495","username6495","email6495@email.com","password6495","user"
6496,"name6496","username6496","email6496@email.com","password6496","user"
6497,"name6497","username6497","email6497@email.com","password6497","artist"
6498,"name6498","username6498","email6498@email.com","password6498","user"
6499,"name6499","username6499","email6499@email.com","password6499","artist"
6500,"name6500","username6500","email6500@email.com","password6500","user"
6501,"name6501","username6501","email6501@email.com","password6501","artist"
6502,"name6502","username6502","email6502@email.com","password6502","user"
6503,"name6503","username6503","email6503@email.com","password6503","user"
6504,"name6504","username6504","email6504@email.com","password6504","artist"
6505,"name6505","username6505","email6505@email.com","password6505","artist"
6506,"name6506","username6506","email6506@email.com","password6506","artist"
6507,"name6507","username6507","email6507@email.com","password6507","user"
6508,"name6508","username6508","email6508@email.com","password6508","artist"
6509,"name6509","username6509","email6509@email.com","password6509","user"
6510,"name6510","username6510","email6510@email.com","password6510","artist"
6511,"name6511","username6511","email6511@email.com","password6511","user"
6512,"name6512","username6512","email6512@email.com","password6512","user"
6513,"name6513","username6513","email6513@email.com","password6513","user"
6514,"name6514","username6514","email6514@email.com","password6514","user"
6515,"name6515","username6515","email6515@email.com","password6515","user"
6516,"name6516","username6516","email6516@email.com","password6516","artist"
6517,"name6517","username6517","email6517@email.com","password6517","artist"
6518,"name6518","username6518","email6518@email.com","password6518","user"
6519,"name6519","username6519","email6519@email.com","password6519","user"
6520,"name6520","username6520","email6520@email.com","password6520","artist"
6521,"name6521","username6521","email6521@email.com","password6521","artist"
6522,"name6522","username6522","email6522@email.com","password6522","artist"
6523,"name6523","username6523","email6523@email.com","password6523","user"
6524,"name6524","username6524","email6524@email.com","password6524","user"
6525,"name6525","username6525","email6525@email.com","password6525","artist"
6526,"name6526","username6526","email6526@email.com","password6526","user"
6527,"name6527","username6527","email6527@email.com","password6527","artist"
6528,"name6528","username6528","email6528@email.com","password6528","artist"
6529,"name6529","username6529","email6529@email.com","password6529","user"
6530,"name6530","username6530","email6530@email.com","password6530","artist"
6531,"name6531","username6531","email6531@email.com","password6531","user"
6532,"name6532","username6532","email6532@email.com","password6532","user"
6533,"name6533","username6533","email6533@email.com","password6533","artist"
6534,"name6534","username6534","email6534@email.com","password6534","user"
6535,"name6535","username6535","email6535@email.com","password6535","artist"
6536,"name6536","username6536","email6536@email.com","password6536","user"
6537,"name6537","username6537","email6537@email.com","password6537","artist"
6538,"name6538","username6538","email6538@email.com","password6538","artist"
6539,"name6539","username6539","email6539@email.com","password6539","user"
6540,"name6540","username6540","email6540@email.com","password6540","user"
6541,"name6541","username6541","email6541@email.com","password6541","user"
6542,"name6542","username6542","email6542@email.com","password6542","user"
6543,"name6543","username6543","email6543@email.com","password6543","artist"
6544,"name6544","username6544","email6544@email.com","password6544","artist"
6545,"name6545","username6545","email6545@email.com","password6545","artist"
6546,"name6546","username6546","email6546@email.com","password6546","user"
6547,"name6547","username6547","email6547@email.com","password6547","user"
6548,"name6548","username6548","email6548@email.com","password6548","user"
6549,"name6549","username6549","email6549@email.com","password6549","artist"
6550,"name6550","username6550","email6550@email.com","password6550","user"
6551,"name6551","username6551","email6551@email.com","password6551","artist"
6552,"name6552","username6552","email6552@email.com","password6552","artist"
6553,"name6553","username6553","email6553@email.com","password6553","artist"
6554,"name6554","username6554","email6554@email.com","password6554","user"
6555,"name6555","username6555","email6555@email.com","password6555","user"
6556,"name6556","username6556","email6556@email.com","password6556","artist"
6557,"name6557","username6557","email6557@email.com","password6557","user"
6558,"name6558","username6558","email6558@email.com","password6558","user"
6559,"name6559","username6559","email6559@email.com","password6559","user"
6560,"name6560","username6560","email6560@email.com","password6560","user"
6561,"name6561","username6561","email6561@email.com","password6561","artist"
6562,"name6562","username6562","email6562@email.com","password6562","artist"
6563,"name6563","username6563","email6563@email.com","password6563","user"
6564,"name6564","username6564","email6564@email.com","password6564","user"
6565,"name6565","username6565","email6565@email.com","password6565","artist"
6566,"name6566","username6566","email6566@email.com","password6566","artist"
6567,"name6567","username6567","email6567@email.com","password6567","artist"
6568,"name6568","username6568","email6568@email.com","password6568","user"
6569,"name6569","username6569","email6569@email.com","password6569","user"
6570,"name6570","username6570","email6570@email.com","password6570","artist"
6571,"name6571","username6571","email6571@email.com","password6571","user"
6572,"name6572","username6572","email6572@email.com","password6572","user"
6573,"name6573","username6573","email6573@email.com","password6573","artist"
6574,"name6574","username6574","email6574@email.com","password6574","user"
6575,"name6575","username6575","email6575@email.com","password6575","user"
6576,"name6576","username6576","email6576@email.com","password6576","user"
6577,"name6577","username6577","email6577@email.com","password6577","user"
6578,"name6578","username6578","email6578@email.com","password6578","user"
6579,"name6579","username6579","email6579@email.com","password6579","user"
6580,"name6580","username6580","email6580@email.com","password6580","artist"
6581,"name6581","username6581","email6581@email.com","password6581","artist"
6582,"name6582","username6582","email6582@email.com","password6582","user"
6583,"name6583","username6583","email6583@email.com","password6583","user"
6584,"name6584","username6584","email6584@email.com","password6584","artist"
6585,"name6585","username6585","email6585@email.com","password6585","user"
6586,"name6586","username6586","email6586@email.com","password6586","user"
6587,"name6587","username6587","email6587@email.com","password6587","user"
6588,"name6588","username6588","email6588@email.com","password6588","user"
6589,"name6589","username6589","email6589@email.com","password6589","user"
6590,"name6590","username6590","email6590@email.com","password6590","artist"
6591,"name6591","username6591","email6591@email.com","password6591","artist"
6592,"name6592","username6592","email6592@email.com","password6592","user"
6593,"name6593","username6593","email6593@email.com","password6593","artist"
6594,"name6594","username6594","email6594@email.com","password6594","user"
6595,"name6595","username6595","email6595@email.com","password6595","user"
6596,"name6596","username6596","email6596@email.com","password6596","artist"
6597,"name6597","username6597","email6597@email.com","password6597","artist"
6598,"name6598","username6598","email6598@email.com","password6598","artist"
6599,"name6599","username6599","email6599@email.com","password6599","artist"
6600,"name6600","username6600","email6600@email.com","password6600","user"
6601,"name6601","username6601","email6601@email.com","password6601","user"
6602,"name6602","username6602","email6602@email.com","password6602","artist"
6603,"name6603","username6603","email6603@email.com","password6603","artist"
6604,"name6604","username6604","email6604@email.com","password6604","user"
6605,"name6605","username6605","email6605@email.com","password6605","user"
6606,"name6606","username6606","email6606@email.com","password6606","user"
6607,"name6607","username6607","email6607@email.com","password6607","user"
6608,"name6608","username6608","email6608@email.com","password6608","artist"
6609,"name6609","username6609","email6609@email.com","password6609","artist"
6610,"name6610","username6610","email6610@email.com","password6610","user"
6611,"name6611","username6611","email6611@email.com","password6611","artist"
6612,"name6612","username6612","email6612@email.com","password6612","artist"
6613,"name6613","username6613","email6613@email.com","password6613","artist"
6614,"name6614","username6614","email6614@email.com","password6614","artist"
6615,"name6615","username6615","email6615@email.com","password6615","user"
6616,"name6616","username6616","email6616@email.com","password6616","user"
6617,"name6617","username6617","email6617@email.com","password6617","user"
6618,"name6618","username6618","email6618@email.com","password6618","user"
6619,"name6619","username6619","email6619@email.com","password6619","user"
6620,"name6620","username6620","email6620@email.com","password6620","user"
6621,"name6621","username6621","email6621@email.com","password6621","user"
6622,"name6622","username6622","email6622@email.com","password6622","user"
6623,"name6623","username6623","email6623@email.com","password6623","artist"
6624,"name6624","username6624","email6624@email.com","password6624","user"
6625,"name6625","username6625","email6625@email.com","password6625","user"
6626,"name6626","username6626","email6626@email.com","password6626","user"
6627,"name6627","username6627","email6627@email.com","password6627","artist"
6628,"name6628","username6628","email6628@email.com","password6628","artist"
6629,"name6629","username6629","email6629@email.com","password6629","artist"
6630,"name6630","username6630","email6630@email.com","password6630","artist"
6631,"name6631","username6631","email6631@email.com","password6631","user"
6632,"name6632","username6632","email6632@email.com","password6632","artist"
6633,"name6633","username6633","email6633@email.com","password6633","user"
6634,"name6634","username6634","email6634@email.com","password6634","user"
6635,"name6635","username6635","email6635@email.com","password6635","artist"
6636,"name6636","username6636","email6636@email.com","password6636","artist"
6637,"name6637","username6637","email6637@email.com","password6637","user"
6638,"name6638","username6638","email6638@email.com","password6638","user"
6639,"name6639","username6639","email6639@email.com","password6639","artist"
6640,"name6640","username6640","email6640@email.com","password6640","artist"
6641,"name6641","username6641","email6641@email.com","password6641","artist"
6642,"name6642","username6642","email6642@email.com","password6642","artist"
6643,"name6643","username6643","email6643@email.com","password6643","artist"
6644,"name6644","username6644","email6644@email.com","password6644","user"
6645,"name6645","username6645","email6645@email.com","password6645","artist"
6646,"name6646","username6646","email6646@email.com","password6646","artist"
6647,"name6647","username6647","email6647@email.com","password6647","artist"
6648,"name6648","username6648","email6648@email.com","password6648","artist"
6649,"name6649","username6649","email6649@email.com","password6649","artist"
6650,"name6650","username6650","email6650@email.com","password6650","user"
6651,"name6651","username6651","email6651@email.com","password6651","user"
6652,"name6652","username6652","email6652@email.com","password6652","artist"
6653,"name6653","username6653","email6653@email.com","password6653","user"
6654,"name6654","username6654","email6654@email.com","password6654","user"
6655,"name6655","username6655","email6655@email.com","password6655","user"
6656,"name6656","username6656","email6656@email.com","password6656","artist"
6657,"name6657","username6657","email6657@email.com","password6657","user"
6658,"name6658","username6658","email6658@email.com","password6658","artist"
6659,"name6659","username6659","email6659@email.com","password6659","artist"
6660,"name6660","username6660","email6660@email.com","password6660","artist"
6661,"name6661","username6661","email6661@email.com","password6661","artist"
6662,"name6662","username6662","email6662@email.com","password6662","artist"
6663,"name6663","username6663","email6663@email.com","password6663","artist"
6664,"name6664","username6664","email6664@email.com","password6664","artist"
6665,"name6665","username6665","email6665@email.com","password6665","artist"
6666,"name6666","username6666","email6666@email.com","password6666","artist"
6667,"name6667","username6667","email6667@email.com","password6667","user"
6668,"name6668","username6668","email6668@email.com","password6668","user"
6669,"name6669","username6669","email6669@email.com","password6669","artist"
6670,"name6670","username6670","email6670@email.com","password6670","artist"
6671,"name6671","username6671","email6671@email.com","password6671","user"
6672,"name6672","username6672","email6672@email.com","password6672","artist"
6673,"name6673","username6673","email6673@email.com","password6673","artist"
6674,"name6674","username6674","email6674@email.com","password6674","user"
6675,"name6675","username6675","email6675@email.com","password6675","artist"
6676,"name6676","username6676","email6676@email.com","password6676","user"
6677,"name6677","username6677","email6677@email.com","password6677","user"
6678,"name6678","username6678","email6678@email.com","password6678","artist"
6679,"name6679","username6679","email6679@email.com","password6679","user"
6680,"name6680","username6680","email6680@email.com","password6680","artist"
6681,"name6681","username6681","email6681@email.com","password6681","user"
6682,"name6682","username6682","email6682@email.com","password6682","artist"
6683,"name6683","username6683","email6683@email.com","password6683","user"
6684,"name6684","username6684","email6684@email.com","password6684","user"
6685,"name6685","username6685","email6685@email.com","password6685","artist"
6686,"name6686","username6686","email6686@email.com","password6686","user"
6687,"name6687","username6687","email6687@email.com","password6687","user"
6688,"name6688","username6688","email6688@email.com","password6688","user"
6689,"name6689","username6689","email6689@email.com","password6689","artist"
6690,"name6690","username6690","email6690@email.com","password6690","user"
6691,"name6691","username6691","email6691@email.com","password6691","artist"
6692,"name6692","username6692","email6692@email.com","password6692","artist"
6693,"name6693","username6693","email6693@email.com","password6693","user"
6694,"name6694","username6694","email6694@email.com","password6694","user"
6695,"name6695","username6695","email6695@email.com","password6695","user"
6696,"name6696","username6696","email6696@email.com","password6696","user"
6697,"name6697","username6697","email6697@email.com","password6697","artist"
6698,"name6698","username6698","email6698@email.com","password6698","user"
6699,"name6699","username6699","email6699@email.com","password6699","user"
6700,"name6700","username6700","email6700@email.com","password6700","artist"
6701,"name6701","username6701","email6701@email.com","password6701","user"
6702,"name6702","username6702","email6702@email.com","password6702","user"
6703,"name6703","username6703","email6703@email.com","password6703","artist"
6704,"name6704","username6704","email6704@email.com","password6704","artist"
6705,"name6705","username6705","email6705@email.com","password6705","user"
6706,"name6706","username6706","email6706@email.com","password6706","user"
6707,"name6707","username6707","email6707@email.com","password6707","artist"
6708,"name6708","username6708","email6708@email.com","password6708","user"
6709,"name6709","username6709","email6709@email.com","password6709","user"
6710,"name6710","username6710","email6710@email.com","password6710","artist"
6711,"name6711","username6711","email6711@email.com","password6711","artist"
6712,"name6712","username6712","email6712@email.com","password6712","artist"
6713,"name6713","username6713","email6713@email.com","password6713","artist"
6714,"name6714","username6714","email6714@email.com","password6714","user"
6715,"name6715","username6715","email6715@email.com","password6715","artist"
6716,"name6716","username6716","email6716@email.com","password6716","artist"
6717,"name6717","username6717","email6717@email.com","password6717","user"
6718,"name6718","username6718","email6718@email.com","password6718","user"
6719,"name6719","username6719","email6719@email.com","password6719","artist"
6720,"name6720","username6720","email6720@email.com","password6720","user"
6721,"name6721","username6721","email6721@email.com","password6721","user"
6722,"name6722","username6722","email6722@email.com","password6722","user"
6723,"name6723","username6723","email6723@email.com","password6723","artist"
6724,"name6724","username6724","email6724@email.com","password6724","user"
6725,"name6725","username6725","email6725@email.com","password6725","artist"
6726,"name6726","username6726","email6726@email.com","password6726","user"
6727,"name6727","username6727","email6727@email.com","password6727","user"
6728,"name6728","username6728","email6728@email.com","password6728","artist"
6729,"name6729","username6729","email6729@email.com","password6729","user"
6730,"name6730","username6730","email6730@email.com","password6730","user"
6731,"name6731","username6731","email6731@email.com","password6731","user"
6732,"name6732","username6732","email6732@email.com","password6732","artist"
6733,"name6733","username6733","email6733@email.com","password6733","artist"
6734,"name6734","username6734","email6734@email.com","password6734","artist"
6735,"name6735","username6735","email6735@email.com","password6735","artist"
6736,"name6736","username6736","email6736@email.com","password6736","artist"
6737,"name6737","username6737","email6737@email.com","password6737","artist"
6738,"name6738","username6738","email6738@email.com","password6738","artist"
6739,"name6739","username6739","email6739@email.com","password6739","user"
6740,"name6740","username6740","email6740@email.com","password6740","artist"
6741,"name6741","username6741","email6741@email.com","password6741","artist"
6742,"name6742","username6742","email6742@email.com","password6742","user"
6743,"name6743","username6743","email6743@email.com","password6743","artist"
6744,"name6744","username6744","email6744@email.com","password6744","user"
6745,"name6745","username6745","email6745@email.com","password6745","user"
6746,"name6746","username6746","email6746@email.com","password6746","artist"
6747,"name6747","username6747","email6747@email.com","password6747","user"
6748,"name6748","username6748","email6748@email.com","password6748","user"
6749,"name6749","username6749","email6749@email.com","password6749","user"
6750,"name6750","username6750","email6750@email.com","password6750","artist"
6751,"name6751","username6751","email6751@email.com","password6751","artist"
6752,"name6752","username6752","email6752@email.com","password6752","artist"
6753,"name6753","username6753","email6753@email.com","password6753","artist"
6754,"name6754","username6754","email6754@email.com","password6754","artist"
6755,"name6755","username6755","email6755@email.com","password6755","user"
6756,"name6756","username6756","email6756@email.com","password6756","artist"
6757,"name6757","username6757","email6757@email.com","password6757","artist"
6758,"name6758","username6758","email6758@email.com","password6758","artist"
6759,"name6759","username6759","email6759@email.com","password6759","artist"
6760,"name6760","username6760","email6760@email.com","password6760","artist"
6761,"name6761","username6761","email6761@email.com","password6761","user"
6762,"name6762","username6762","email6762@email.com","password6762","artist"
6763,"name6763","username6763","email6763@email.com","password6763","user"
6764,"name6764","username6764","email6764@email.com","password6764","artist"
6765,"name6765","username6765","email6765@email.com","password6765","user"
6766,"name6766","username6766","email6766@email.com","password6766","artist"
6767,"name6767","username6767","email6767@email.com","password6767","user"
6768,"name6768","username6768","email6768@email.com","password6768","artist"
6769,"name6769","username6769","email6769@email.com","password6769","artist"
6770,"name6770","username6770","email6770@email.com","password6770","user"
6771,"name6771","username6771","email6771@email.com","password6771","user"
6772,"name6772","username6772","email6772@email.com","password6772","user"
6773,"name6773","username6773","email6773@email.com","password6773","artist"
6774,"name6774","username6774","email6774@email.com","password6774","artist"
6775,"name6775","username6775","email6775@email.com","password6775","artist"
6776,"name6776","username6776","email6776@email.com","password6776","user"
6777,"name6777","username6777","email6777@email.com","password6777","user"
6778,"name6778","username6778","email6778@email.com","password6778","artist"
6779,"name6779","username6779","email6779@email.com","password6779","artist"
6780,"name6780","username6780","email6780@email.com","password6780","artist"
6781,"name6781","username6781","email6781@email.com","password6781","artist"
6782,"name6782","username6782","email6782@email.com","password6782","user"
6783,"name6783","username6783","email6783@email.com","password6783","artist"
6784,"name6784","username6784","email6784@email.com","password6784","user"
6785,"name6785","username6785","email6785@email.com","password6785","user"
6786,"name6786","username6786","email6786@email.com","password6786","user"
6787,"name6787","username6787","email6787@email.com","password6787","artist"
6788,"name6788","username6788","email6788@email.com","password6788","artist"
6789,"name6789","username6789","email6789@email.com","password6789","user"
6790,"name6790","username6790","email6790@email.com","password6790","artist"
6791,"name6791","username6791","email6791@email.com","password6791","user"
6792,"name6792","username6792","email6792@email.com","password6792","artist"
6793,"name6793","username6793","email6793@email.com","password6793","artist"
6794,"name6794","username6794","email6794@email.com","password6794","user"
6795,"name6795","username6795","email6795@email.com","password6795","user"
6796,"name6796","username6796","email6796@email.com","password6796","user"
6797,"name6797","username6797","email6797@email.com","password6797","user"
6798,"name6798","username6798","email6798@email.com","password6798","user"
6799,"name6799","username6799","email6799@email.com","password6799","user"
6800,"name6800","username6800","email6800@email.com","password6800","user"
6801,"name6801","username6801","email6801@email.com","password6801","artist"
6802,"name6802","username6802","email6802@email.com","password6802","artist"
6803,"name6803","username6803","email6803@email.com","password6803","artist"
6804,"name6804","username6804","email6804@email.com","password6804","artist"
6805,"name6805","username6805","email6805@email.com","password6805","user"
6806,"name6806","username6806","email6806@email.com","password6806","artist"
6807,"name6807","username6807","email6807@email.com","password6807","user"
6808,"name6808","username6808","email6808@email.com","password6808","user"
6809,"name6809","username6809","email6809@email.com","password6809","user"
6810,"name6810","username6810","email6810@email.com","password6810","user"
6811,"name6811","username6811","email6811@email.com","password6811","artist"
6812,"name6812","username6812","email6812@email.com","password6812","artist"
6813,"name6813","username6813","email6813@email.com","password6813","artist"
6814,"name6814","username6814","email6814@email.com","password6814","user"
6815,"name6815","username6815","email6815@email.com","password6815","artist"
6816,"name6816","username6816","email6816@email.com","password6816","user"
6817,"name6817","username6817","email6817@email.com","password6817","user"
6818,"name6818","username6818","email6818@email.com","password6818","artist"
6819,"name6819","username6819","email6819@email.com","password6819","artist"
6820,"name6820","username6820","email6820@email.com","password6820","user"
6821,"name6821","username6821","email6821@email.com","password6821","user"
6822,"name6822","username6822","email6822@email.com","password6822","user"
6823,"name6823","username6823","email6823@email.com","password6823","artist"
6824,"name6824","username6824","email6824@email.com","password6824","artist"
6825,"name6825","username6825","email6825@email.com","password6825","artist"
6826,"name6826","username6826","email6826@email.com","password6826","user"
6827,"name6827","username6827","email6827@email.com","password6827","artist"
6828,"name6828","username6828","email6828@email.com","password6828","user"
6829,"name6829","username6829","email6829@email.com","password6829","user"
6830,"name6830","username6830","email6830@email.com","password6830","artist"
6831,"name6831","username6831","email6831@email.com","password6831","artist"
6832,"name6832","username6832","email6832@email.com","password6832","user"
6833,"name6833","username6833","email6833@email.com","password6833","artist"
6834,"name6834","username6834","email6834@email.com","password6834","artist"
6835,"name6835","username6835","email6835@email.com","password6835","artist"
6836,"name6836","username6836","email6836@email.com","password6836","artist"
6837,"name6837","username6837","email6837@email.com","password6837","user"
6838,"name6838","username6838","email6838@email.com","password6838","artist"
6839,"name6839","username6839","email6839@email.com","password6839","artist"
6840,"name6840","username6840","email6840@email.com","password6840","artist"
6841,"name6841","username6841","email6841@email.com","password6841","user"
6842,"name6842","username6842","email6842@email.com","password6842","user"
6843,"name6843","username6843","email6843@email.com","password6843","artist"
6844,"name6844","username6844","email6844@email.com","password6844","user"
6845,"name6845","username6845","email6845@email.com","password6845","user"
6846,"name6846","username6846","email6846@email.com","password6846","artist"
6847,"name6847","username6847","email6847@email.com","password6847","user"
6848,"name6848","username6848","email6848@email.com","password6848","artist"
6849,"name6849","username6849","email6849@email.com","password6849","user"
6850,"name6850","username6850","email6850@email.com","password6850","artist"
6851,"name6851","username6851","email6851@email.com","password6851","user"
6852,"name6852","username6852","email6852@email.com","password6852","artist"
6853,"name6853","username6853","email6853@email.com","password6853","artist"
6854,"name6854","username6854","email6854@email.com","password6854","artist"
6855,"name6855","username6855","email6855@email.com","password6855","artist"
6856,"name6856","username6856","email6856@email.com","password6856","artist"
6857,"name6857","username6857","email6857@email.com","password6857","artist"
6858,"name6858","username6858","email6858@email.com","password6858","user"
6859,"name6859","username6859","email6859@email.com","password6859","artist"
6860,"name6860","username6860","email6860@email.com","password6860","user"
6861,"name6861","username6861","email6861@email.com","password6861","user"
6862,"name6862","username6862","email6862@email.com","password6862","artist"
6863,"name6863","username6863","email6863@email.com","password6863","user"
6864,"name6864","username6864","email6864@email.com","password6864","artist"
6865,"name6865","username6865","email6865@email.com","password6865","user"
6866,"name6866","username6866","email6866@email.com","password6866","user"
6867,"name6867","username6867","email6867@email.com","password6867","user"
6868,"name6868","username6868","email6868@email.com","password6868","artist"
6869,"name6869","username6869","email6869@email.com","password6869","user"
6870,"name6870","username6870","email6870@email.com","password6870","artist"
6871,"name6871","username6871","email6871@email.com","password6871","artist"
6872,"name6872","username6872","email6872@email.com","password6872","artist"
6873,"name6873","username6873","email6873@email.com","password6873","artist"
6874,"name6874","username6874","email6874@email.com","password6874","user"
6875,"name6875","username6875","email6875@email.com","password6875","artist"
6876,"name6876","username6876","email6876@email.com","password6876","artist"
6877,"name6877","username6877","email6877@email.com","password6877","user"
6878,"name6878","username6878","email6878@email.com","password6878","user"
6879,"name6879","username6879","email6879@email.com","password6879","artist"
6880,"name6880","username6880","email6880@email.com","password6880","artist"
6881,"name6881","username6881","email6881@email.com","password6881","artist"
6882,"name6882","username6882","email6882@email.com","password6882","artist"
6883,"name6883","username6883","email6883@email.com","password6883","user"
6884,"name6884","username6884","email6884@email.com","password6884","artist"
6885,"name6885","username6885","email6885@email.com","password6885","user"
6886,"name6886","username6886","email6886@email.com","password6886","user"
6887,"name6887","username6887","email6887@email.com","password6887","user"
6888,"name6888","username6888","email6888@email.com","password6888","user"
6889,"name6889","username6889","email6889@email.com","password6889","user"
6890,"name6890","username6890","email6890@email.com","password6890","user"
6891,"name6891","username6891","email6891@email.com","password6891","user"
6892,"name6892","username6892","email6892@email.com","password6892","user"
6893,"name6893","username6893","email6893@email.com","password6893","user"
6894,"name6894","username6894","email6894@email.com","password6894","user"
6895,"name6895","username6895","email6895@email.com","password6895","artist"
6896,"name6896","username6896","email6896@email.com","password6896","artist"
6897,"name6897","username6897","email6897@email.com","password6897","artist"
6898,"name6898","username6898","email6898@email.com","password6898","user"
6899,"name6899","username6899","email6899@email.com","password6899","artist"
6900,"name6900","username6900","email6900@email.com","password6900","artist"
6901,"name6901","username6901","email6901@email.com","password6901","artist"
6902,"name6902","username6902","email6902@email.com","password6902","artist"
6903,"name6903","username6903","email6903@email.com","password6903","user"
6904,"name6904","username6904","email6904@email.com","password6904","user"
6905,"name6905","username6905","email6905@email.com","password6905","user"
6906,"name6906","username6906","email6906@email.com","password6906","user"
6907,"name6907","username6907","email6907@email.com","password6907","artist"
6908,"name6908","username6908","email6908@email.com","password6908","artist"
6909,"name6909","username6909","email6909@email.com","password6909","artist"
6910,"name6910","username6910","email6910@email.com","password6910","user"
6911,"name6911","username6911","email6911@email.com","password6911","artist"
6912,"name6912","username6912","email6912@email.com","password6912","artist"
6913,"name6913","username6913","email6913@email.com","password6913","artist"
6914,"name6914","username6914","email6914@email.com","password6914","user"
6915,"name6915","username6915","email6915@email.com","password6915","artist"
6916,"name6916","username6916","email6916@email.com","password6916","artist"
6917,"name6917","username6917","email6917@email.com","password6917","artist"
6918,"name6918","username6918","email6918@email.com","password6918","user"
6919,"name6919","username6919","email6919@email.com","password6919","artist"
6920,"name6920","username6920","email6920@email.com","password6920","artist"
6921,"name6921","username6921","email6921@email.com","password6921","user"
6922,"name6922","username6922","email6922@email.com","password6922","user"
6923,"name6923","username6923","email6923@email.com","password6923","user"
6924,"name6924","username6924","email6924@email.com","password6924","artist"
6925,"name6925","username6925","email6925@email.com","password6925","artist"
6926,"name6926","username6926","email6926@email.com","password6926","artist"
6927,"name6927","username6927","email6927@email.com","password6927","artist"
6928,"name6928","username6928","email6928@email.com","password6928","user"
6929,"name6929","username6929","email6929@email.com","password6929","user"
6930,"name6930","username6930","email6930@email.com","password6930","artist"
6931,"name6931","username6931","email6931@email.com","password6931","artist"
6932,"name6932","username6932","email6932@email.com","password6932","user"
6933,"name6933","username6933","email6933@email.com","password6933","user"
6934,"name6934","username6934","email6934@email.com","password6934","artist"
6935,"name6935","username6935","email6935@email.com","password6935","user"
6936,"name6936","username6936","email6936@email.com","password6936","user"
6937,"name6937","username6937","email6937@email.com","password6937","artist"
6938,"name6938","username6938","email6938@email.com","password6938","artist"
6939,"name6939","username6939","email6939@email.com","password6939","artist"
6940,"name6940","username6940","email6940@email.com","password6940","user"
6941,"name6941","username6941","email6941@email.com","password6941","user"
6942,"name6942","username6942","email6942@email.com","password6942","user"
6943,"name6943","username6943","email6943@email.com","password6943","artist"
6944,"name6944","username6944","email6944@email.com","password6944","artist"
6945,"name6945","username6945","email6945@email.com","password6945","artist"
6946,"name6946","username6946","email6946@email.com","password6946","artist"
6947,"name6947","username6947","email6947@email.com","password6947","user"
6948,"name6948","username6948","email6948@email.com","password6948","artist"
6949,"name6949","username6949","email6949@email.com","password6949","artist"
6950,"name6950","username6950","email6950@email.com","password6950","artist"
6951,"name6951","username6951","email6951@email.com","password6951","user"
6952,"name6952","username6952","email6952@email.com","password6952","artist"
6953,"name6953","username6953","email6953@email.com","password6953","artist"
6954,"name6954","username6954","email6954@email.com","password6954","user"
6955,"name6955","username6955","email6955@email.com","password6955","artist"
6956,"name6956","username6956","email6956@email.com","password6956","user"
6957,"name6957","username6957","email6957@email.com","password6957","user"
6958,"name6958","username6958","email6958@email.com","password6958","artist"
6959,"name6959","username6959","email6959@email.com","password6959","user"
6960,"name6960","username6960","email6960@email.com","password6960","artist"
6961,"name6961","username6961","email6961@email.com","password6961","user"
6962,"name6962","username6962","email6962@email.com","password6962","artist"
6963,"name6963","username6963","email6963@email.com","password6963","artist"
6964,"name6964","username6964","email6964@email.com","password6964","user"
6965,"name6965","username6965","email6965@email.com","password6965","user"
6966,"name6966","username6966","email6966@email.com","password6966","artist"
6967,"name6967","username6967","email6967@email.com","password6967","artist"
6968,"name6968","username6968","email6968@email.com","password6968","artist"
6969,"name6969","username6969","email6969@email.com","password6969","artist"
6970,"name6970","username6970","email6970@email.com","password6970","artist"
6971,"name6971","username6971","email6971@email.com","password6971","artist"
6972,"name6972","username6972","email6972@email.com","password6972","user"
6973,"name6973","username6973","email6973@email.com","password6973","user"
6974,"name6974","username6974","email6974@email.com","password6974","user"
6975,"name6975","username6975","email6975@email.com","password6975","artist"
6976,"name6976","username6976","email6976@email.com","password6976","user"
6977,"name6977","username6977","email6977@email.com","password6977","user"
6978,"name6978","username6978","email6978@email.com","password6978","user"
6979,"name6979","username6979","email6979@email.com","password6979","artist"
6980,"name6980","username6980","email6980@email.com","password6980","artist"
6981,"name6981","username6981","email6981@email.com","password6981","user"
6982,"name6982","username6982","email6982@email.com","password6982","artist"
6983,"name6983","username6983","email6983@email.com","password6983","artist"
6984,"name6984","username6984","email6984@email.com","password6984","artist"
6985,"name6985","username6985","email6985@email.com","password6985","artist"
6986,"name6986","username6986","email6986@email.com","password6986","artist"
6987,"name6987","username6987","email6987@email.com","password6987","user"
6988,"name6988","username6988","email6988@email.com","password6988","user"
6989,"name6989","username6989","email6989@email.com","password6989","artist"
6990,"name6990","username6990","email6990@email.com","password6990","user"
6991,"name6991","username6991","email6991@email.com","password6991","user"
6992,"name6992","username6992","email6992@email.com","password6992","artist"
6993,"name6993","username6993","email6993@email.com","password6993","artist"
6994,"name6994","username6994","email6994@email.com","password6994","artist"
6995,"name6995","username6995","email6995@email.com","password6995","user"
6996,"name6996","username6996","email6996@email.com","password6996","artist"
6997,"name6997","username6997","email6997@email.com","password6997","user"
6998,"name6998","username6998","email6998@email.com","password6998","user"
6999,"name6999","username6999","email6999@email.com","password6999","artist"
7000,"name7000","username7000","email7000@email.com","password7000","user"
7001,"name7001","username7001","email7001@email.com","password7001","user"
7002,"name7002","username7002","email7002@email.com","password7002","artist"
7003,"name7003","username7003","email7003@email.com","password7003","user"
7004,"name7004","username7004","email7004@email.com","password7004","user"
7005,"name7005","username7005","email7005@email.com","password7005","user"
7006,"name7006","username7006","email7006@email.com","password7006","artist"
7007,"name7007","username7007","email7007@email.com","password7007","artist"
7008,"name7008","username7008","email7008@email.com","password7008","artist"
7009,"name7009","username7009","email7009@email.com","password7009","user"
7010,"name7010","username7010","email7010@email.com","password7010","user"
7011,"name7011","username7011","email7011@email.com","password7011","user"
7012,"name7012","username7012","email7012@email.com","password7012","artist"
7013,"name7013","username7013","email7013@email.com","password7013","user"
7014,"name7014","username7014","email7014@email.com","password7014","artist"
7015,"name7015","username7015","email7015@email.com","password7015","artist"
7016,"name7016","username7016","email7016@email.com","password7016","artist"
7017,"name7017","username7017","email7017@email.com","password7017","artist"
7018,"name7018","username7018","email7018@email.com","password7018","user"
7019,"name7019","username7019","email7019@email.com","password7019","user"
7020,"name7020","username7020","email7020@email.com","password7020","artist"
7021,"name7021","username7021","email7021@email.com","password7021","artist"
7022,"name7022","username7022","email7022@email.com","password7022","artist"
7023,"name7023","username7023","email7023@email.com","password7023","artist"
7024,"name7024","username7024","email7024@email.com","password7024","user"
7025,"name7025","username7025","email7025@email.com","password7025","artist"
7026,"name7026","username7026","email7026@email.com","password7026","artist"
7027,"name7027","username7027","email7027@email.com","password7027","artist"
7028,"name7028","username7028","email7028@email.com","password7028","user"
7029,"name7029","username7029","email7029@email.com","password7029","user"
7030,"name7030","username7030","email7030@email.com","password7030","artist"
7031,"name7031","username7031","email7031@email.com","password7031","artist"
7032,"name7032","username7032","email7032@email.com","password7032","artist"
7033,"name7033","username7033","email7033@email.com","password7033","user"
7034,"name7034","username7034","email7034@email.com","password7034","user"
7035,"name7035","username7035","email7035@email.com","password7035","artist"
7036,"name7036","username7036","email7036@email.com","password7036","user"
7037,"name7037","username7037","email7037@email.com","password7037","user"
7038,"name7038","username7038","email7038@email.com","password7038","artist"
7039,"name7039","username7039","email7039@email.com","password7039","user"
7040,"name7040","username7040","email7040@email.com","password7040","user"
7041,"name7041","username7041","email7041@email.com","password7041","artist"
7042,"name7042","username7042","email7042@email.com","password7042","artist"
7043,"name7043","username7043","email7043@email.com","password7043","artist"
7044,"name7044","username7044","email7044@email.com","password7044","artist"
7045,"name7045","username7045","email7045@email.com","password7045","artist"
7046,"name7046","username7046","email7046@email.com","password7046","user"
7047,"name7047","username7047","email7047@email.com","password7047","user"
7048,"name7048","username7048","email7048@email.com","password7048","artist"
7049,"name7049","username7049","email7049@email.com","password7049","user"
7050,"name7050","username7050","email7050@email.com","password7050","user"
7051,"name7051","username7051","email7051@email.com","password7051","user"
7052,"name7052","username7052","email7052@email.com","password7052","artist"
7053,"name7053","username7053","email7053@email.com","password7053","artist"
7054,"name7054","username7054","email7054@email.com","password7054","user"
7055,"name7055","username7055","email7055@email.com","password7055","user"
7056,"name7056","username7056","email7056@email.com","password7056","user"
7057,"name7057","username7057","email7057@email.com","password7057","user"
7058,"name7058","username7058","email7058@email.com","password7058","user"
7059,"name7059","username7059","email7059@email.com","password7059","user"
7060,"name7060","username7060","email7060@email.com","password7060","user"
7061,"name7061","username7061","email7061@email.com","password7061","user"
7062,"name7062","username7062","email7062@email.com","password7062","user"
7063,"name7063","username7063","email7063@email.com","password7063","artist"
7064,"name7064","username7064","email7064@email.com","password7064","user"
7065,"name7065","username7065","email7065@email.com","password7065","user"
7066,"name7066","username7066","email7066@email.com","password7066","artist"
7067,"name7067","username7067","email7067@email.com","password7067","artist"
7068,"name7068","username7068","email7068@email.com","password7068","artist"
7069,"name7069","username7069","email7069@email.com","password7069","user"
7070,"name7070","username7070","email7070@email.com","password7070","user"
7071,"name7071","username7071","email7071@email.com","password7071","user"
7072,"name7072","username7072","email7072@email.com","password7072","artist"
7073,"name7073","username7073","email7073@email.com","password7073","user"
7074,"name7074","username7074","email7074@email.com","password7074","user"
7075,"name7075","username7075","email7075@email.com","password7075","artist"
7076,"name7076","username7076","email7076@email.com","password7076","user"
7077,"name7077","username7077","email7077@email.com","password7077","user"
7078,"name7078","username7078","email7078@email.com","password7078","user"
7079,"name7079","username7079","email7079@email.com","password7079","user"
7080,"name7080","username7080","email7080@email.com","password7080","artist"
7081,"name7081","username7081","email7081@email.com","password7081","user"
7082,"name7082","username7082","email7082@email.com","password7082","user"
7083,"name7083","username7083","email7083@email.com","password7083","user"
7084,"name7084","username7084","email7084@email.com","password7084","user"
7085,"name7085","username7085","email7085@email.com","password7085","artist"
7086,"name7086","username7086","email7086@email.com","password7086","user"
7087,"name7087","username7087","email7087@email.com","password7087","artist"
7088,"name7088","username7088","email7088@email.com","password7088","user"
7089,"name7089","username7089","email7089@email.com","password7089","user"
7090,"name7090","username7090","email7090@email.com","password7090","user"
7091,"name7091","username7091","email7091@email.com","password7091","user"
7092,"name7092","username7092","email7092@email.com","password7092","artist"
7093,"name7093","username7093","email7093@email.com","password7093","user"
7094,"name7094","username7094","email7094@email.com","password7094","artist"
7095,"name7095","username7095","email7095@email.com","password7095","user"
7096,"name7096","username7096","email7096@email.com","password7096","user"
7097,"name7097","username7097","email7097@email.com","password7097","user"
7098,"name7098","username7098","email7098@email.com","password7098","artist"
7099,"name7099","username7099","email7099@email.com","password7099","user"
7100,"name7100","username7100","email7100@email.com","password7100","user"
7101,"name7101","username7101","email7101@email.com","password7101","artist"
7102,"name7102","username7102","email7102@email.com","password7102","artist"
7103,"name7103","username7103","email7103@email.com","password7103","artist"
7104,"name7104","username7104","email7104@email.com","password7104","user"
7105,"name7105","username7105","email7105@email.com","password7105","user"
7106,"name7106","username7106","email7106@email.com","password7106","artist"
7107,"name7107","username7107","email7107@email.com","password7107","user"
7108,"name7108","username7108","email7108@email.com","password7108","user"
7109,"name7109","username7109","email7109@email.com","password7109","user"
7110,"name7110","username7110","email7110@email.com","password7110","user"
7111,"name7111","username7111","email7111@email.com","password7111","user"
7112,"name7112","username7112","email7112@email.com","password7112","artist"
7113,"name7113","username7113","email7113@email.com","password7113","artist"
7114,"name7114","username7114","email7114@email.com","password7114","artist"
7115,"name7115","username7115","email7115@email.com","password7115","user"
7116,"name7116","username7116","email7116@email.com","password7116","artist"
7117,"name7117","username7117","email7117@email.com","password7117","artist"
7118,"name7118","username7118","email7118@email.com","password7118","user"
7119,"name7119","username7119","email7119@email.com","password7119","user"
7120,"name7120","username7120","email7120@email.com","password7120","user"
7121,"name7121","username7121","email7121@email.com","password7121","artist"
7122,"name7122","username7122","email7122@email.com","password7122","artist"
7123,"name7123","username7123","email7123@email.com","password7123","user"
7124,"name7124","username7124","email7124@email.com","password7124","user"
7125,"name7125","username7125","email7125@email.com","password7125","artist"
7126,"name7126","username7126","email7126@email.com","password7126","artist"
7127,"name7127","username7127","email7127@email.com","password7127","user"
7128,"name7128","username7128","email7128@email.com","password7128","user"
7129,"name7129","username7129","email7129@email.com","password7129","user"
7130,"name7130","username7130","email7130@email.com","password7130","artist"
7131,"name7131","username7131","email7131@email.com","password7131","artist"
7132,"name7132","username7132","email7132@email.com","password7132","user"
7133,"name7133","username7133","email7133@email.com","password7133","artist"
7134,"name7134","username7134","email7134@email.com","password7134","user"
7135,"name7135","username7135","email7135@email.com","password7135","user"
7136,"name7136","username7136","email7136@email.com","password7136","artist"
7137,"name7137","username7137","email7137@email.com","password7137","user"
7138,"name7138","username7138","email7138@email.com","password7138","user"
7139,"name7139","username7139","email7139@email.com","password7139","user"
7140,"name7140","username7140","email7140@email.com","password7140","artist"
7141,"name7141","username7141","email7141@email.com","password7141","artist"
7142,"name7142","username7142","email7142@email.com","password7142","artist"
7143,"name7143","username7143","email7143@email.com","password7143","artist"
7144,"name7144","username7144","email7144@email.com","password7144","user"
7145,"name7145","username7145","email7145@email.com","password7145","artist"
7146,"name7146","username7146","email7146@email.com","password7146","user"
7147,"name7147","username7147","email7147@email.com","password7147","user"
7148,"name7148","username7148","email7148@email.com","password7148","artist"
7149,"name7149","username7149","email7149@email.com","password7149","artist"
7150,"name7150","username7150","email7150@email.com","password7150","user"
7151,"name7151","username7151","email7151@email.com","password7151","artist"
7152,"name7152","username7152","email7152@email.com","password7152","artist"
7153,"name7153","username7153","email7153@email.com","password7153","artist"
7154,"name7154","username7154","email7154@email.com","password7154","user"
7155,"name7155","username7155","email7155@email.com","password7155","artist"
7156,"name7156","username7156","email7156@email.com","password7156","user"
7157,"name7157","username7157","email7157@email.com","password7157","artist"
7158,"name7158","username7158","email7158@email.com","password7158","artist"
7159,"name7159","username7159","email7159@email.com","password7159","artist"
7160,"name7160","username7160","email7160@email.com","password7160","artist"
7161,"name7161","username7161","email7161@email.com","password7161","user"
7162,"name7162","username7162","email7162@email.com","password7162","user"
7163,"name7163","username7163","email7163@email.com","password7163","user"
7164,"name7164","username7164","email7164@email.com","password7164","user"
7165,"name7165","username7165","email7165@email.com","password7165","artist"
7166,"name7166","username7166","email7166@email.com","password7166","artist"
7167,"name7167","username7167","email7167@email.com","password7167","artist"
7168,"name7168","username7168","email7168@email.com","password7168","user"
7169,"name7169","username7169","email7169@email.com","password7169","user"
7170,"name7170","username7170","email7170@email.com","password7170","artist"
7171,"name7171","username7171","email7171@email.com","password7171","user"
7172,"name7172","username7172","email7172@email.com","password7172","artist"
7173,"name7173","username7173","email7173@email.com","password7173","artist"
7174,"name7174","username7174","email7174@email.com","password7174","user"
7175,"name7175","username7175","email7175@email.com","password7175","artist"
7176,"name7176","username7176","email7176@email.com","password7176","user"
7177,"name7177","username7177","email7177@email.com","password7177","artist"
7178,"name7178","username7178","email7178@email.com","password7178","artist"
7179,"name7179","username7179","email7179@email.com","password7179","user"
7180,"name7180","username7180","email7180@email.com","password7180","artist"
7181,"name7181","username7181","email7181@email.com","password7181","user"
7182,"name7182","username7182","email7182@email.com","password7182","artist"
7183,"name7183","username7183","email7183@email.com","password7183","artist"
7184,"name7184","username7184","email7184@email.com","password7184","user"
7185,"name7185","username7185","email7185@email.com","password7185","user"
7186,"name7186","username7186","email7186@email.com","password7186","user"
7187,"name7187","username7187","email7187@email.com","password7187","artist"
7188,"name7188","username7188","email7188@email.com","password7188","user"
7189,"name7189","username7189","email7189@email.com","password7189","artist"
7190,"name7190","username7190","email7190@email.com","password7190","artist"
7191,"name7191","username7191","email7191@email.com","password7191","artist"
7192,"name7192","username7192","email7192@email.com","password7192","artist"
7193,"name7193","username7193","email7193@email.com","password7193","artist"
7194,"name7194","username7194","email7194@email.com","password7194","artist"
7195,"name7195","username7195","email7195@email.com","password7195","artist"
7196,"name7196","username7196","email7196@email.com","password7196","artist"
7197,"name7197","username7197","email7197@email.com","password7197","user"
7198,"name7198","username7198","email7198@email.com","password7198","artist"
7199,"name7199","username7199","email7199@email.com","password7199","artist"
7200,"name7200","username7200","email7200@email.com","password7200","user"
7201,"name7201","username7201","email7201@email.com","password7201","user"
7202,"name7202","username7202","email7202@email.com","password7202","artist"
7203,"name7203","username7203","email7203@email.com","password7203","artist"
7204,"name7204","username7204","email7204@email.com","password7204","artist"
7205,"name7205","username7205","email7205@email.com","password7205","user"
7206,"name7206","username7206","email7206@email.com","password7206","artist"
7207,"name7207","username7207","email7207@email.com","password7207","user"
7208,"name7208","username7208","email7208@email.com","password7208","user"
7209,"name7209","username7209","email7209@email.com","password7209","artist"
7210,"name7210","username7210","email7210@email.com","password7210","user"
7211,"name7211","username7211","email7211@email.com","password7211","artist"
7212,"name7212","username7212","email7212@email.com","password7212","user"
7213,"name7213","username7213","email7213@email.com","password7213","artist"
7214,"name7214","username7214","email7214@email.com","password7214","artist"
7215,"name7215","username7215","email7215@email.com","password7215","artist"
7216,"name7216","username7216","email7216@email.com","password7216","user"
7217,"name7217","username7217","email7217@email.com","password7217","user"
7218,"name7218","username7218","email7218@email.com","password7218","artist"
7219,"name7219","username7219","email7219@email.com","password7219","user"
7220,"name7220","username7220","email7220@email.com","password7220","user"
7221,"name7221","username7221","email7221@email.com","password7221","user"
7222,"name7222","username7222","email7222@email.com","password7222","user"
7223,"name7223","username7223","email7223@email.com","password7223","artist"
7224,"name7224","username7224","email7224@email.com","password7224","user"
7225,"name7225","username7225","email7225@email.com","password7225","artist"
7226,"name7226","username7226","email7226@email.com","password7226","user"
7227,"name7227","username7227","email7227@email.com","password7227","user"
7228,"name7228","username7228","email7228@email.com","password7228","artist"
7229,"name7229","username7229","email7229@email.com","password7229","artist"
7230,"name7230","username7230","email7230@email.com","password7230","user"
7231,"name7231","username7231","email7231@email.com","password7231","user"
7232,"name7232","username7232","email7232@email.com","password7232","user"
7233,"name7233","username7233","email7233@email.com","password7233","user"
7234,"name7234","username7234","email7234@email.com","password7234","user"
7235,"name7235","username7235","email7235@email.com","password7235","user"
7236,"name7236","username7236","email7236@email.com","password7236","artist"
7237,"name7237","username7237","email7237@email.com","password7237","user"
7238,"name7238","username7238","email7238@email.com","password7238","user"
7239,"name7239","username7239","email7239@email.com","password7239","user"
7240,"name7240","username7240","email7240@email.com","password7240","user"
7241,"name7241","username7241","email7241@email.com","password7241","user"
7242,"name7242","username7242","email7242@email.com","password7242","artist"
7243,"name7243","username7243","email7243@email.com","password7243","user"
7244,"name7244","username7244","email7244@email.com","password7244","user"
7245,"name7245","username7245","email7245@email.com","password7245","user"
7246,"name7246","username7246","email7246@email.com","password7246","user"
7247,"name7247","username7247","email7247@email.com","password7247","user"
7248,"name7248","username7248","email7248@email.com","password7248","user"
7249,"name7249","username7249","email7249@email.com","password7249","user"
7250,"name7250","username7250","email7250@email.com","password7250","artist"
7251,"name7251","username7251","email7251@email.com","password7251","artist"
7252,"name7252","username7252","email7252@email.com","password7252","user"
7253,"name7253","username7253","email7253@email.com","password7253","artist"
7254,"name7254","username7254","email7254@email.com","password7254","user"
7255,"name7255","username7255","email7255@email.com","password7255","artist"
7256,"name7256","username7256","email7256@email.com","password7256","user"
7257,"name7257","username7257","email7257@email.com","password7257","user"
7258,"name7258","username7258","email7258@email.com","password7258","user"
7259,"name7259","username7259","email7259@email.com","password7259","user"
7260,"name7260","username7260","email7260@email.com","password7260","artist"
7261,"name7261","username7261","email7261@email.com","password7261","user"
7262,"name7262","username7262","email7262@email.com","password7262","user"
7263,"name7263","username7263","email7263@email.com","password7263","user"
7264,"name7264","username7264","email7264@email.com","password7264","user"
7265,"name7265","username7265","email7265@email.com","password7265","user"
7266,"name7266","username7266","email7266@email.com","password7266","user"
7267,"name7267","username7267","email7267@email.com","password7267","user"
7268,"name7268","username7268","email7268@email.com","password7268","user"
7269,"name7269","username7269","email7269@email.com","password7269","user"
7270,"name7270","username7270","email7270@email.com","password7270","artist"
7271,"name7271","username7271","email7271@email.com","password7271","artist"
7272,"name7272","username7272","email7272@email.com","password7272","user"
7273,"name7273","username7273","email7273@email.com","password7273","artist"
7274,"name7274","username7274","email7274@email.com","password7274","artist"
7275,"name7275","username7275","email7275@email.com","password7275","user"
7276,"name7276","username7276","email7276@email.com","password7276","user"
7277,"name7277","username7277","email7277@email.com","password7277","artist"
7278,"name7278","username7278","email7278@email.com","password7278","user"
7279,"name7279","username7279","email7279@email.com","password7279","user"
7280,"name7280","username7280","email7280@email.com","password7280","user"
7281,"name7281","username7281","email7281@email.com","password7281","artist"
7282,"name7282","username7282","email7282@email.com","password7282","user"
7283,"name7283","username7283","email7283@email.com","password7283","artist"
7284,"name7284","username7284","email7284@email.com","password7284","artist"
7285,"name7285","username7285","email7285@email.com","password7285","user"
7286,"name7286","username7286","email7286@email.com","password7286","user"
7287,"name7287","username7287","email7287@email.com","password7287","artist"
7288,"name7288","username7288","email7288@email.com","password7288","artist"
7289,"name7289","username7289","email7289@email.com","password7289","artist"
7290,"name7290","username7290","email7290@email.com","password7290","user"
7291,"name7291","username7291","email7291@email.com","password7291","artist"
7292,"name7292","username7292","email7292@email.com","password7292","artist"
7293,"name7293","username7293","email7293@email.com","password7293","artist"
7294,"name7294","username7294","email7294@email.com","password7294","user"
7295,"name7295","username7295","email7295@email.com","password7295","artist"
7296,"name7296","username7296","email7296@email.com","password7296","artist"
7297,"name7297","username7297","email7297@email.com","password7297","user"
7298,"name7298","username7298","email7298@email.com","password7298","artist"
7299,"name7299","username7299","email7299@email.com","password7299","user"
7300,"name7300","username7300","email7300@email.com","password7300","artist"
7301,"name7301","username7301","email7301@email.com","password7301","artist"
7302,"name7302","username7302","email7302@email.com","password7302","artist"
7303,"name7303","username7303","email7303@email.com","password7303","artist"
7304,"name7304","username7304","email7304@email.com","password7304","user"
7305,"name7305","username7305","email7305@email.com","password7305","user"
7306,"name7306","username7306","email7306@email.com","password7306","user"
7307,"name7307","username7307","email7307@email.com","password7307","user"
7308,"name7308","username7308","email7308@email.com","password7308","artist"
7309,"name7309","username7309","email7309@email.com","password7309","user"
7310,"name7310","username7310","email7310@email.com","password7310","artist"
7311,"name7311","username7311","email7311@email.com","password7311","user"
7312,"name7312","username7312","email7312@email.com","password7312","user"
7313,"name7313","username7313","email7313@email.com","password7313","user"
7314,"name7314","username7314","email7314@email.com","password7314","user"
7315,"name7315","username7315","email7315@email.com","password7315","user"
7316,"name7316","username7316","email7316@email.com","password7316","artist"
7317,"name7317","username7317","email7317@email.com","password7317","user"
7318,"name7318","username7318","email7318@email.com","password7318","user"
7319,"name7319","username7319","email7319@email.com","password7319","artist"
7320,"name7320","username7320","email7320@email.com","password7320","user"
7321,"name7321","username7321","email7321@email.com","password7321","user"
7322,"name7322","username7322","email7322@email.com","password7322","artist"
7323,"name7323","username7323","email7323@email.com","password7323","user"
7324,"name7324","username7324","email7324@email.com","password7324","artist"
7325,"name7325","username7325","email7325@email.com","password7325","user"
7326,"name7326","username7326","email7326@email.com","password7326","artist"
7327,"name7327","username7327","email7327@email.com","password7327","user"
7328,"name7328","username7328","email7328@email.com","password7328","user"
7329,"name7329","username7329","email7329@email.com","password7329","user"
7330,"name7330","username7330","email7330@email.com","password7330","user"
7331,"name7331","username7331","email7331@email.com","password7331","artist"
7332,"name7332","username7332","email7332@email.com","password7332","artist"
7333,"name7333","username7333","email7333@email.com","password7333","artist"
7334,"name7334","username7334","email7334@email.com","password7334","user"
7335,"name7335","username7335","email7335@email.com","password7335","artist"
7336,"name7336","username7336","email7336@email.com","password7336","user"
7337,"name7337","username7337","email7337@email.com","password7337","user"
7338,"name7338","username7338","email7338@email.com","password7338","user"
7339,"name7339","username7339","email7339@email.com","password7339","artist"
7340,"name7340","username7340","email7340@email.com","password7340","user"
7341,"name7341","username7341","email7341@email.com","password7341","artist"
7342,"name7342","username7342","email7342@email.com","password7342","artist"
7343,"name7343","username7343","email7343@email.com","password7343","user"
7344,"name7344","username7344","email7344@email.com","password7344","artist"
7345,"name7345","username7345","email7345@email.com","password7345","artist"
7346,"name7346","username7346","email7346@email.com","password7346","user"
7347,"name7347","username7347","email7347@email.com","password7347","user"
7348,"name7348","username7348","email7348@email.com","password7348","user"
7349,"name7349","username7349","email7349@email.com","password7349","user"
7350,"name7350","username7350","email7350@email.com","password7350","artist"
7351,"name7351","username7351","email7351@email.com","password7351","user"
7352,"name7352","username7352","email7352@email.com","password7352","user"
7353,"name7353","username7353","email7353@email.com","password7353","user"
7354,"name7354","username7354","email7354@email.com","password7354","user"
7355,"name7355","username7355","email7355@email.com","password7355","artist"
7356,"name7356","username7356","email7356@email.com","password7356","artist"
7357,"name7357","username7357","email7357@email.com","password7357","user"
7358,"name7358","username7358","email7358@email.com","password7358","user"
7359,"name7359","username7359","email7359@email.com","password7359","user"
7360,"name7360","username7360","email7360@email.com","password7360","artist"
7361,"name7361","username7361","email7361@email.com","password7361","user"
7362,"name7362","username7362","email7362@email.com","password7362","user"
7363,"name7363","username7363","email7363@email.com","password7363","user"
7364,"name7364","username7364","email7364@email.com","password7364","artist"
7365,"name7365","username7365","email7365@email.com","password7365","artist"
7366,"name7366","username7366","email7366@email.com","password7366","artist"
7367,"name7367","username7367","email7367@email.com","password7367","artist"
7368,"name7368","username7368","email7368@email.com","password7368","user"
7369,"name7369","username7369","email7369@email.com","password7369","artist"
7370,"name7370","username7370","email7370@email.com","password7370","user"
7371,"name7371","username7371","email7371@email.com","password7371","user"
7372,"name7372","username7372","email7372@email.com","password7372","user"
7373,"name7373","username7373","email7373@email.com","password7373","user"
7374,"name7374","username7374","email7374@email.com","password7374","user"
7375,"name7375","username7375","email7375@email.com","password7375","user"
7376,"name7376","username7376","email7376@email.com","password7376","user"
7377,"name7377","username7377","email7377@email.com","password7377","user"
7378,"name7378","username7378","email7378@email.com","password7378","user"
7379,"name7379","username7379","email7379@email.com","password7379","user"
7380,"name7380","username7380","email7380@email.com","password7380","user"
7381,"name7381","username7381","email7381@email.com","password7381","artist"
7382,"name7382","username7382","email7382@email.com","password7382","user"
7383,"name7383","username7383","email7383@email.com","password7383","artist"
7384,"name7384","username7384","email7384@email.com","password7384","user"
7385,"name7385","username7385","email7385@email.com","password7385","user"
7386,"name7386","username7386","email7386@email.com","password7386","artist"
7387,"name7387","username7387","email7387@email.com","password7387","artist"
7388,"name7388","username7388","email7388@email.com","password7388","artist"
7389,"name7389","username7389","email7389@email.com","password7389","user"
7390,"name7390","username7390","email7390@email.com","password7390","user"
7391,"name7391","username7391","email7391@email.com","password7391","artist"
7392,"name7392","username7392","email7392@email.com","password7392","artist"
7393,"name7393","username7393","email7393@email.com","password7393","user"
7394,"name7394","username7394","email7394@email.com","password7394","user"
7395,"name7395","username7395","email7395@email.com","password7395","user"
7396,"name7396","username7396","email7396@email.com","password7396","user"
7397,"name7397","username7397","email7397@email.com","password7397","artist"
7398,"name7398","username7398","email7398@email.com","password7398","user"
7399,"name7399","username7399","email7399@email.com","password7399","user"
7400,"name7400","username7400","email7400@email.com","password7400","user"
7401,"name7401","username7401","email7401@email.com","password7401","artist"
7402,"name7402","username7402","email7402@email.com","password7402","artist"
7403,"name7403","username7403","email7403@email.com","password7403","artist"
7404,"name7404","username7404","email7404@email.com","password7404","artist"
7405,"name7405","username7405","email7405@email.com","password7405","artist"
7406,"name7406","username7406","email7406@email.com","password7406","artist"
7407,"name7407","username7407","email7407@email.com","password7407","artist"
7408,"name7408","username7408","email7408@email.com","password7408","user"
7409,"name7409","username7409","email7409@email.com","password7409","user"
7410,"name7410","username7410","email7410@email.com","password7410","artist"
7411,"name7411","username7411","email7411@email.com","password7411","artist"
7412,"name7412","username7412","email7412@email.com","password7412","artist"
7413,"name7413","username7413","email7413@email.com","password7413","artist"
7414,"name7414","username7414","email7414@email.com","password7414","user"
7415,"name7415","username7415","email7415@email.com","password7415","user"
7416,"name7416","username7416","email7416@email.com","password7416","user"
7417,"name7417","username7417","email7417@email.com","password7417","user"
7418,"name7418","username7418","email7418@email.com","password7418","user"
7419,"name7419","username7419","email7419@email.com","password7419","artist"
7420,"name7420","username7420","email7420@email.com","password7420","user"
7421,"name7421","username7421","email7421@email.com","password7421","artist"
7422,"name7422","username7422","email7422@email.com","password7422","artist"
7423,"name7423","username7423","email7423@email.com","password7423","artist"
7424,"name7424","username7424","email7424@email.com","password7424","artist"
7425,"name7425","username7425","email7425@email.com","password7425","artist"
7426,"name7426","username7426","email7426@email.com","password7426","artist"
7427,"name7427","username7427","email7427@email.com","password7427","artist"
7428,"name7428","username7428","email7428@email.com","password7428","user"
7429,"name7429","username7429","email7429@email.com","password7429","user"
7430,"name7430","username7430","email7430@email.com","password7430","user"
7431,"name7431","username7431","email7431@email.com","password7431","user"
7432,"name7432","username7432","email7432@email.com","password7432","artist"
7433,"name7433","username7433","email7433@email.com","password7433","artist"
7434,"name7434","username7434","email7434@email.com","password7434","user"
7435,"name7435","username7435","email7435@email.com","password7435","artist"
7436,"name7436","username7436","email7436@email.com","password7436","artist"
7437,"name7437","username7437","email7437@email.com","password7437","user"
7438,"name7438","username7438","email7438@email.com","password7438","artist"
7439,"name7439","username7439","email7439@email.com","password7439","artist"
7440,"name7440","username7440","email7440@email.com","password7440","artist"
7441,"name7441","username7441","email7441@email.com","password7441","artist"
7442,"name7442","username7442","email7442@email.com","password7442","artist"
7443,"name7443","username7443","email7443@email.com","password7443","artist"
7444,"name7444","username7444","email7444@email.com","password7444","user"
7445,"name7445","username7445","email7445@email.com","password7445","artist"
7446,"name7446","username7446","email7446@email.com","password7446","user"
7447,"name7447","username7447","email7447@email.com","password7447","user"
7448,"name7448","username7448","email7448@email.com","password7448","user"
7449,"name7449","username7449","email7449@email.com","password7449","user"
7450,"name7450","username7450","email7450@email.com","password7450","artist"
7451,"name7451","username7451","email7451@email.com","password7451","artist"
7452,"name7452","username7452","email7452@email.com","password7452","user"
7453,"name7453","username7453","email7453@email.com","password7453","artist"
7454,"name7454","username7454","email7454@email.com","password7454","artist"
7455,"name7455","username7455","email7455@email.com","password7455","artist"
7456,"name7456","username7456","email7456@email.com","password7456","artist"
7457,"name7457","username7457","email7457@email.com","password7457","user"
7458,"name7458","username7458","email7458@email.com","password7458","artist"
7459,"name7459","username7459","email7459@email.com","password7459","user"
7460,"name7460","username7460","email7460@email.com","password7460","artist"
7461,"name7461","username7461","email7461@email.com","password7461","artist"
7462,"name7462","username7462","email7462@email.com","password7462","user"
7463,"name7463","username7463","email7463@email.com","password7463","artist"
7464,"name7464","username7464","email7464@email.com","password7464","user"
7465,"name7465","username7465","email7465@email.com","password7465","user"
7466,"name7466","username7466","email7466@email.com","password7466","artist"
7467,"name7467","username7467","email7467@email.com","password7467","artist"
7468,"name7468","username7468","email7468@email.com","password7468","artist"
7469,"name7469","username7469","email7469@email.com","password7469","user"
7470,"name7470","username7470","email7470@email.com","password7470","artist"
7471,"name7471","username7471","email7471@email.com","password7471","user"
7472,"name7472","username7472","email7472@email.com","password7472","user"
7473,"name7473","username7473","email7473@email.com","password7473","user"
7474,"name7474","username7474","email7474@email.com","password7474","user"
7475,"name7475","username7475","email7475@email.com","password7475","user"
7476,"name7476","username7476","email7476@email.com","password7476","artist"
7477,"name7477","username7477","email7477@email.com","password7477","user"
7478,"name7478","username7478","email7478@email.com","password7478","user"
7479,"name7479","username7479","email7479@email.com","password7479","user"
7480,"name7480","username7480","email7480@email.com","password7480","artist"
7481,"name7481","username7481","email7481@email.com","password7481","user"
7482,"name7482","username7482","email7482@email.com","password7482","artist"
7483,"name7483","username7483","email7483@email.com","password7483","artist"
7484,"name7484","username7484","email7484@email.com","password7484","user"
7485,"name7485","username7485","email7485@email.com","password7485","artist"
7486,"name7486","username7486","email7486@email.com","password7486","artist"
7487,"name7487","username7487","email7487@email.com","password7487","artist"
7488,"name7488","username7488","email7488@email.com","password7488","user"
7489,"name7489","username7489","email7489@email.com","password7489","user"
7490,"name7490","username7490","email7490@email.com","password7490","artist"
7491,"name7491","username7491","email7491@email.com","password7491","user"
7492,"name7492","username7492","email7492@email.com","password7492","artist"
7493,"name7493","username7493","email7493@email.com","password7493","user"
7494,"name7494","username7494","email7494@email.com","password7494","artist"
7495,"name7495","username7495","email7495@email.com","password7495","artist"
7496,"name7496","username7496","email7496@email.com","password7496","user"
7497,"name7497","username7497","email7497@email.com","password7497","user"
7498,"name7498","username7498","email7498@email.com","password7498","user"
7499,"name7499","username7499","email7499@email.com","password7499","user"
7500,"name7500","username7500","email7500@email.com","password7500","artist"
7501,"name7501","username7501","email7501@email.com","password7501","artist"
7502,"name7502","username7502","email7502@email.com","password7502","user"
7503,"name7503","username7503","email7503@email.com","password7503","user"
7504,"name7504","username7504","email7504@email.com","password7504","artist"
7505,"name7505","username7505","email7505@email.com","password7505","user"
7506,"name7506","username7506","email7506@email.com","password7506","user"
7507,"name7507","username7507","email7507@email.com","password7507","artist"
7508,"name7508","username7508","email7508@email.com","password7508","user"
7509,"name7509","username7509","email7509@email.com","password7509","artist"
7510,"name7510","username7510","email7510@email.com","password7510","user"
7511,"name7511","username7511","email7511@email.com","password7511","user"
7512,"name7512","username7512","email7512@email.com","password7512","user"
7513,"name7513","username7513","email7513@email.com","password7513","user"
7514,"name7514","username7514","email7514@email.com","password7514","artist"
7515,"name7515","username7515","email7515@email.com","password7515","artist"
7516,"name7516","username7516","email7516@email.com","password7516","artist"
7517,"name7517","username7517","email7517@email.com","password7517","user"
7518,"name7518","username7518","email7518@email.com","password7518","artist"
7519,"name7519","username7519","email7519@email.com","password7519","artist"
7520,"name7520","username7520","email7520@email.com","password7520","artist"
7521,"name7521","username7521","email7521@email.com","password7521","artist"
7522,"name7522","username7522","email7522@email.com","password7522","user"
7523,"name7523","username7523","email7523@email.com","password7523","user"
7524,"name7524","username7524","email7524@email.com","password7524","user"
7525,"name7525","username7525","email7525@email.com","password7525","artist"
7526,"name7526","username7526","email7526@email.com","password7526","user"
7527,"name7527","username7527","email7527@email.com","password7527","user"
7528,"name7528","username7528","email7528@email.com","password7528","artist"
7529,"name7529","username7529","email7529@email.com","password7529","user"
7530,"name7530","username7530","email7530@email.com","password7530","artist"
7531,"name7531","username7531","email7531@email.com","password7531","user"
7532,"name7532","username7532","email7532@email.com","password7532","user"
7533,"name7533","username7533","email7533@email.com","password7533","user"
7534,"name7534","username7534","email7534@email.com","password7534","user"
7535,"name7535","username7535","email7535@email.com","password7535","user"
7536,"name7536","username7536","email7536@email.com","password7536","artist"
7537,"name7537","username7537","email7537@email.com","password7537","user"
7538,"name7538","username7538","email7538@email.com","password7538","user"
7539,"name7539","username7539","email7539@email.com","password7539","artist"
7540,"name7540","username7540","email7540@email.com","password7540","user"
7541,"name7541","username7541","email7541@email.com","password7541","artist"
7542,"name7542","username7542","email7542@email.com","password7542","artist"
7543,"name7543","username7543","email7543@email.com","password7543","user"
7544,"name7544","username7544","email7544@email.com","password7544","user"
7545,"name7545","username7545","email7545@email.com","password7545","artist"
7546,"name7546","username7546","email7546@email.com","password7546","user"
7547,"name7547","username7547","email7547@email.com","password7547","artist"
7548,"name7548","username7548","email7548@email.com","password7548","user"
7549,"name7549","username7549","email7549@email.com","password7549","user"
7550,"name7550","username7550","email7550@email.com","password7550","user"
7551,"name7551","username7551","email7551@email.com","password7551","artist"
7552,"name7552","username7552","email7552@email.com","password7552","artist"
7553,"name7553","username7553","email7553@email.com","password7553","user"
7554,"name7554","username7554","email7554@email.com","password7554","user"
7555,"name7555","username7555","email7555@email.com","password7555","artist"
7556,"name7556","username7556","email7556@email.com","password7556","user"
7557,"name7557","username7557","email7557@email.com","password7557","artist"
7558,"name7558","username7558","email7558@email.com","password7558","user"
7559,"name7559","username7559","email7559@email.com","password7559","user"
7560,"name7560","username7560","email7560@email.com","password7560","user"
7561,"name7561","username7561","email7561@email.com","password7561","user"
7562,"name7562","username7562","email7562@email.com","password7562","artist"
7563,"name7563","username7563","email7563@email.com","password7563","user"
7564,"name7564","username7564","email7564@email.com","password7564","artist"
7565,"name7565","username7565","email7565@email.com","password7565","artist"
7566,"name7566","username7566","email7566@email.com","password7566","artist"
7567,"name7567","username7567","email7567@email.com","password7567","user"
7568,"name7568","username7568","email7568@email.com","password7568","artist"
7569,"name7569","username7569","email7569@email.com","password7569","artist"
7570,"name7570","username7570","email7570@email.com","password7570","artist"
7571,"name7571","username7571","email7571@email.com","password7571","artist"
7572,"name7572","username7572","email7572@email.com","password7572","user"
7573,"name7573","username7573","email7573@email.com","password7573","user"
7574,"name7574","username7574","email7574@email.com","password7574","user"
7575,"name7575","username7575","email7575@email.com","password7575","artist"
7576,"name7576","username7576","email7576@email.com","password7576","artist"
7577,"name7577","username7577","email7577@email.com","password7577","user"
7578,"name7578","username7578","email7578@email.com","password7578","user"
7579,"name7579","username7579","email7579@email.com","password7579","artist"
7580,"name7580","username7580","email7580@email.com","password7580","user"
7581,"name7581","username7581","email7581@email.com","password7581","user"
7582,"name7582","username7582","email7582@email.com","password7582","artist"
7583,"name7583","username7583","email7583@email.com","password7583","artist"
7584,"name7584","username7584","email7584@email.com","password7584","artist"
7585,"name7585","username7585","email7585@email.com","password7585","artist"
7586,"name7586","username7586","email7586@email.com","password7586","user"
7587,"name7587","username7587","email7587@email.com","password7587","user"
7588,"name7588","username7588","email7588@email.com","password7588","artist"
7589,"name7589","username7589","email7589@email.com","password7589","artist"
7590,"name7590","username7590","email7590@email.com","password7590","artist"
7591,"name7591","username7591","email7591@email.com","password7591","artist"
7592,"name7592","username7592","email7592@email.com","password7592","user"
7593,"name7593","username7593","email7593@email.com","password7593","artist"
7594,"name7594","username7594","email7594@email.com","password7594","user"
7595,"name7595","username7595","email7595@email.com","password7595","user"
7596,"name7596","username7596","email7596@email.com","password7596","artist"
7597,"name7597","username7597","email7597@email.com","password7597","user"
7598,"name7598","username7598","email7598@email.com","password7598","user"
7599,"name7599","username7599","email7599@email.com","password7599","user"
7600,"name7600","username7600","email7600@email.com","password7600","user"
7601,"name7601","username7601","email7601@email.com","password7601","user"
7602,"name7602","username7602","email7602@email.com","password7602","artist"
7603,"name7603","username7603","email7603@email.com","password7603","user"
7604,"name7604","username7604","email7604@email.com","password7604","user"
7605,"name7605","username7605","email7605@email.com","password7605","user"
7606,"name7606","username7606","email7606@email.com","password7606","artist"
7607,"name7607","username7607","email7607@email.com","password7607","user"
7608,"name7608","username7608","email7608@email.com","password7608","artist"
7609,"name7609","username7609","email7609@email.com","password7609","user"
7610,"name7610","username7610","email7610@email.com","password7610","artist"
7611,"name7611","username7611","email7611@email.com","password7611","artist"
7612,"name7612","username7612","email7612@email.com","password7612","user"
7613,"name7613","username7613","email7613@email.com","password7613","artist"
7614,"name7614","username7614","email7614@email.com","password7614","user"
7615,"name7615","username7615","email7615@email.com","password7615","user"
7616,"name7616","username7616","email7616@email.com","password7616","user"
7617,"name7617","username7617","email7617@email.com","password7617","artist"
7618,"name7618","username7618","email7618@email.com","password7618","user"
7619,"name7619","username7619","email7619@email.com","password7619","artist"
7620,"name7620","username7620","email7620@email.com","password7620","user"
7621,"name7621","username7621","email7621@email.com","password7621","user"
7622,"name7622","username7622","email7622@email.com","password7622","artist"
7623,"name7623","username7623","email7623@email.com","password7623","user"
7624,"name7624","username7624","email7624@email.com","password7624","artist"
7625,"name7625","username7625","email7625@email.com","password7625","artist"
7626,"name7626","username7626","email7626@email.com","password7626","artist"
7627,"name7627","username7627","email7627@email.com","password7627","user"
7628,"name7628","username7628","email7628@email.com","password7628","user"
7629,"name7629","username7629","email7629@email.com","password7629","user"
7630,"name7630","username7630","email7630@email.com","password7630","user"
7631,"name7631","username7631","email7631@email.com","password7631","artist"
7632,"name7632","username7632","email7632@email.com","password7632","user"
7633,"name7633","username7633","email7633@email.com","password7633","artist"
7634,"name7634","username7634","email7634@email.com","password7634","artist"
7635,"name7635","username7635","email7635@email.com","password7635","user"
7636,"name7636","username7636","email7636@email.com","password7636","user"
7637,"name7637","username7637","email7637@email.com","password7637","artist"
7638,"name7638","username7638","email7638@email.com","password7638","user"
7639,"name7639","username7639","email7639@email.com","password7639","artist"
7640,"name7640","username7640","email7640@email.com","password7640","user"
7641,"name7641","username7641","email7641@email.com","password7641","user"
7642,"name7642","username7642","email7642@email.com","password7642","artist"
7643,"name7643","username7643","email7643@email.com","password7643","user"
7644,"name7644","username7644","email7644@email.com","password7644","artist"
7645,"name7645","username7645","email7645@email.com","password7645","artist"
7646,"name7646","username7646","email7646@email.com","password7646","user"
7647,"name7647","username7647","email7647@email.com","password7647","artist"
7648,"name7648","username7648","email7648@email.com","password7648","artist"
7649,"name7649","username7649","email7649@email.com","password7649","user"
7650,"name7650","username7650","email7650@email.com","password7650","artist"
7651,"name7651","username7651","email7651@email.com","password7651","user"
7652,"name7652","username7652","email7652@email.com","password7652","artist"
7653,"name7653","username7653","email7653@email.com","password7653","user"
7654,"name7654","username7654","email7654@email.com","password7654","user"
7655,"name7655","username7655","email7655@email.com","password7655","user"
7656,"name7656","username7656","email7656@email.com","password7656","artist"
7657,"name7657","username7657","email7657@email.com","password7657","artist"
7658,"name7658","username7658","email7658@email.com","password7658","user"
7659,"name7659","username7659","email7659@email.com","password7659","user"
7660,"name7660","username7660","email7660@email.com","password7660","user"
7661,"name7661","username7661","email7661@email.com","password7661","artist"
7662,"name7662","username7662","email7662@email.com","password7662","artist"
7663,"name7663","username7663","email7663@email.com","password7663","artist"
7664,"name7664","username7664","email7664@email.com","password7664","artist"
7665,"name7665","username7665","email7665@email.com","password7665","artist"
7666,"name7666","username7666","email7666@email.com","password7666","user"
7667,"name7667","username7667","email7667@email.com","password7667","user"
7668,"name7668","username7668","email7668@email.com","password7668","user"
7669,"name7669","username7669","email7669@email.com","password7669","user"
7670,"name7670","username7670","email7670@email.com","password7670","user"
7671,"name7671","username7671","email7671@email.com","password7671","artist"
7672,"name7672","username7672","email7672@email.com","password7672","user"
7673,"name7673","username7673","email7673@email.com","password7673","user"
7674,"name7674","username7674","email7674@email.com","password7674","artist"
7675,"name7675","username7675","email7675@email.com","password7675","artist"
7676,"name7676","username7676","email7676@email.com","password7676","artist"
7677,"name7677","username7677","email7677@email.com","password7677","artist"
7678,"name7678","username7678","email7678@email.com","password7678","user"
7679,"name7679","username7679","email7679@email.com","password7679","user"
7680,"name7680","username7680","email7680@email.com","password7680","user"
7681,"name7681","username7681","email7681@email.com","password7681","artist"
7682,"name7682","username7682","email7682@email.com","password7682","user"
7683,"name7683","username7683","email7683@email.com","password7683","artist"
7684,"name7684","username7684","email7684@email.com","password7684","artist"
7685,"name7685","username7685","email7685@email.com","password7685","user"
7686,"name7686","username7686","email7686@email.com","password7686","artist"
7687,"name7687","username7687","email7687@email.com","password7687","artist"
7688,"name7688","username7688","email7688@email.com","password7688","user"
7689,"name7689","username7689","email7689@email.com","password7689","user"
7690,"name7690","username7690","email7690@email.com","password7690","artist"
7691,"name7691","username7691","email7691@email.com","password7691","artist"
7692,"name7692","username7692","email7692@email.com","password7692","user"
7693,"name7693","username7693","email7693@email.com","password7693","user"
7694,"name7694","username7694","email7694@email.com","password7694","user"
7695,"name7695","username7695","email7695@email.com","password7695","user"
7696,"name7696","username7696","email7696@email.com","password7696","artist"
7697,"name7697","username7697","email7697@email.com","password7697","user"
7698,"name7698","username7698","email7698@email.com","password7698","user"
7699,"name7699","username7699","email7699@email.com","password7699","user"
7700,"name7700","username7700","email7700@email.com","password7700","artist"
7701,"name7701","username7701","email7701@email.com","password7701","user"
7702,"name7702","username7702","email7702@email.com","password7702","user"
7703,"name7703","username7703","email7703@email.com","password7703","user"
7704,"name7704","username7704","email7704@email.com","password7704","user"
7705,"name7705","username7705","email7705@email.com","password7705","user"
7706,"name7706","username7706","email7706@email.com","password7706","user"
7707,"name7707","username7707","email7707@email.com","password7707","user"
7708,"name7708","username7708","email7708@email.com","password7708","artist"
7709,"name7709","username7709","email7709@email.com","password7709","user"
7710,"name7710","username7710","email7710@email.com","password7710","user"
7711,"name7711","username7711","email7711@email.com","password7711","artist"
7712,"name7712","username7712","email7712@email.com","password7712","user"
7713,"name7713","username7713","email7713@email.com","password7713","artist"
7714,"name7714","username7714","email7714@email.com","password7714","artist"
7715,"name7715","username7715","email7715@email.com","password7715","artist"
7716,"name7716","username7716","email7716@email.com","password7716","user"
7717,"name7717","username7717","email7717@email.com","password7717","user"
7718,"name7718","username7718","email7718@email.com","password7718","artist"
7719,"name7719","username7719","email7719@email.com","password7719","user"
7720,"name7720","username7720","email7720@email.com","password7720","user"
7721,"name7721","username7721","email7721@email.com","password7721","user"
7722,"name7722","username7722","email7722@email.com","password7722","user"
7723,"name7723","username7723","email7723@email.com","password7723","artist"
7724,"name7724","username7724","email7724@email.com","password7724","user"
7725,"name7725","username7725","email7725@email.com","password7725","user"
7726,"name7726","username7726","email7726@email.com","password7726","artist"
7727,"name7727","username7727","email7727@email.com","password7727","artist"
7728,"name7728","username7728","email7728@email.com","password7728","user"
7729,"name7729","username7729","email7729@email.com","password7729","artist"
7730,"name7730","username7730","email7730@email.com","password7730","artist"
7731,"name7731","username7731","email7731@email.com","password7731","user"
7732,"name7732","username7732","email7732@email.com","password7732","artist"
7733,"name7733","username7733","email7733@email.com","password7733","artist"
7734,"name7734","username7734","email7734@email.com","password7734","user"
7735,"name7735","username7735","email7735@email.com","password7735","artist"
7736,"name7736","username7736","email7736@email.com","password7736","user"
7737,"name7737","username7737","email7737@email.com","password7737","user"
7738,"name7738","username7738","email7738@email.com","password7738","user"
7739,"name7739","username7739","email7739@email.com","password7739","artist"
7740,"name7740","username7740","email7740@email.com","password7740","artist"
7741,"name7741","username7741","email7741@email.com","password7741","artist"
7742,"name7742","username7742","email7742@email.com","password7742","user"
7743,"name7743","username7743","email7743@email.com","password7743","artist"
7744,"name7744","username7744","email7744@email.com","password7744","user"
7745,"name7745","username7745","email7745@email.com","password7745","artist"
7746,"name7746","username7746","email7746@email.com","password7746","user"
7747,"name7747","username7747","email7747@email.com","password7747","user"
7748,"name7748","username7748","email7748@email.com","password7748","user"
7749,"name7749","username7749","email7749@email.com","password7749","artist"
7750,"name7750","username7750","email7750@email.com","password7750","artist"
7751,"name7751","username7751","email7751@email.com","password7751","user"
7752,"name7752","username7752","email7752@email.com","password7752","artist"
7753,"name7753","username7753","email7753@email.com","password7753","user"
7754,"name7754","username7754","email7754@email.com","password7754","artist"
7755,"name7755","username7755","email7755@email.com","password7755","artist"
7756,"name7756","username7756","email7756@email.com","password7756","user"
7757,"name7757","username7757","email7757@email.com","password7757","artist"
7758,"name7758","username7758","email7758@email.com","password7758","artist"
7759,"name7759","username7759","email7759@email.com","password7759","user"
7760,"name7760","username7760","email7760@email.com","password7760","artist"
7761,"name7761","username7761","email7761@email.com","password7761","artist"
7762,"name7762","username7762","email7762@email.com","password7762","artist"
7763,"name7763","username7763","email7763@email.com","password7763","user"
7764,"name7764","username7764","email7764@email.com","password7764","artist"
7765,"name7765","username7765","email7765@email.com","password7765","user"
7766,"name7766","username7766","email7766@email.com","password7766","artist"
7767,"name7767","username7767","email7767@email.com","password7767","user"
7768,"name7768","username7768","email7768@email.com","password7768","artist"
7769,"name7769","username7769","email7769@email.com","password7769","artist"
7770,"name7770","username7770","email7770@email.com","password7770","artist"
7771,"name7771","username7771","email7771@email.com","password7771","artist"
7772,"name7772","username7772","email7772@email.com","password7772","artist"
7773,"name7773","username7773","email7773@email.com","password7773","user"
7774,"name7774","username7774","email7774@email.com","password7774","artist"
7775,"name7775","username7775","email7775@email.com","password7775","artist"
7776,"name7776","username7776","email7776@email.com","password7776","user"
7777,"name7777","username7777","email7777@email.com","password7777","user"
7778,"name7778","username7778","email7778@email.com","password7778","artist"
7779,"name7779","username7779","email7779@email.com","password7779","user"
7780,"name7780","username7780","email7780@email.com","password7780","user"
7781,"name7781","username7781","email7781@email.com","password7781","artist"
7782,"name7782","username7782","email7782@email.com","password7782","artist"
7783,"name7783","username7783","email7783@email.com","password7783","user"
7784,"name7784","username7784","email7784@email.com","password7784","user"
7785,"name7785","username7785","email7785@email.com","password7785","artist"
7786,"name7786","username7786","email7786@email.com","password7786","artist"
7787,"name7787","username7787","email7787@email.com","password7787","user"
7788,"name7788","username7788","email7788@email.com","password7788","user"
7789,"name7789","username7789","email7789@email.com","password7789","artist"
7790,"name7790","username7790","email7790@email.com","password7790","artist"
7791,"name7791","username7791","email7791@email.com","password7791","artist"
7792,"name7792","username7792","email7792@email.com","password7792","artist"
7793,"name7793","username7793","email7793@email.com","password7793","user"
7794,"name7794","username7794","email7794@email.com","password7794","user"
7795,"name7795","username7795","email7795@email.com","password7795","user"
7796,"name7796","username7796","email7796@email.com","password7796","user"
7797,"name7797","username7797","email7797@email.com","password7797","user"
7798,"name7798","username7798","email7798@email.com","password7798","artist"
7799,"name7799","username7799","email7799@email.com","password7799","artist"
7800,"name7800","username7800","email7800@email.com","password7800","user"
7801,"name7801","username7801","email7801@email.com","password7801","user"
7802,"name7802","username7802","email7802@email.com","password7802","user"
7803,"name7803","username7803","email7803@email.com","password7803","artist"
7804,"name7804","username7804","email7804@email.com","password7804","user"
7805,"name7805","username7805","email7805@email.com","password7805","user"
7806,"name7806","username7806","email7806@email.com","password7806","user"
7807,"name7807","username7807","email7807@email.com","password7807","artist"
7808,"name7808","username7808","email7808@email.com","password7808","artist"
7809,"name7809","username7809","email7809@email.com","password7809","artist"
7810,"name7810","username7810","email7810@email.com","password7810","artist"
7811,"name7811","username7811","email7811@email.com","password7811","user"
7812,"name7812","username7812","email7812@email.com","password7812","user"
7813,"name7813","username7813","email7813@email.com","password7813","artist"
7814,"name7814","username7814","email7814@email.com","password7814","artist"
7815,"name7815","username7815","email7815@email.com","password7815","artist"
7816,"name7816","username7816","email7816@email.com","password7816","artist"
7817,"name7817","username7817","email7817@email.com","password7817","artist"
7818,"name7818","username7818","email7818@email.com","password7818","artist"
7819,"name7819","username7819","email7819@email.com","password7819","artist"
7820,"name7820","username7820","email7820@email.com","password7820","artist"
7821,"name7821","username7821","email7821@email.com","password7821","artist"
7822,"name7822","username7822","email7822@email.com","password7822","user"
7823,"name7823","username7823","email7823@email.com","password7823","artist"
7824,"name7824","username7824","email7824@email.com","password7824","user"
7825,"name7825","username7825","email7825@email.com","password7825","user"
7826,"name7826","username7826","email7826@email.com","password7826","artist"
7827,"name7827","username7827","email7827@email.com","password7827","user"
7828,"name7828","username7828","email7828@email.com","password7828","user"
7829,"name7829","username7829","email7829@email.com","password7829","artist"
7830,"name7830","username7830","email7830@email.com","password7830","user"
7831,"name7831","username7831","email7831@email.com","password7831","user"
7832,"name7832","username7832","email7832@email.com","password7832","artist"
7833,"name7833","username7833","email7833@email.com","password7833","user"
7834,"name7834","username7834","email7834@email.com","password7834","user"
7835,"name7835","username7835","email7835@email.com","password7835","user"
7836,"name7836","username7836","email7836@email.com","password7836","artist"
7837,"name7837","username7837","email7837@email.com","password7837","artist"
7838,"name7838","username7838","email7838@email.com","password7838","artist"
7839,"name7839","username7839","email7839@email.com","password7839","artist"
7840,"name7840","username7840","email7840@email.com","password7840","user"
7841,"name7841","username7841","email7841@email.com","password7841","user"
7842,"name7842","username7842","email7842@email.com","password7842","artist"
7843,"name7843","username7843","email7843@email.com","password7843","artist"
7844,"name7844","username7844","email7844@email.com","password7844","user"
7845,"name7845","username7845","email7845@email.com","password7845","artist"
7846,"name7846","username7846","email7846@email.com","password7846","artist"
7847,"name7847","username7847","email7847@email.com","password7847","user"
7848,"name7848","username7848","email7848@email.com","password7848","artist"
7849,"name7849","username7849","email7849@email.com","password7849","artist"
7850,"name7850","username7850","email7850@email.com","password7850","artist"
7851,"name7851","username7851","email7851@email.com","password7851","artist"
7852,"name7852","username7852","email7852@email.com","password7852","artist"
7853,"name7853","username7853","email7853@email.com","password7853","user"
7854,"name7854","username7854","email7854@email.com","password7854","user"
7855,"name7855","username7855","email7855@email.com","password7855","user"
7856,"name7856","username7856","email7856@email.com","password7856","artist"
7857,"name7857","username7857","email7857@email.com","password7857","user"
7858,"name7858","username7858","email7858@email.com","password7858","artist"
7859,"name7859","username7859","email7859@email.com","password7859","user"
7860,"name7860","username7860","email7860@email.com","password7860","artist"
7861,"name7861","username7861","email7861@email.com","password7861","user"
7862,"name7862","username7862","email7862@email.com","password7862","artist"
7863,"name7863","username7863","email7863@email.com","password7863","artist"
7864,"name7864","username7864","email7864@email.com","password7864","user"
7865,"name7865","username7865","email7865@email.com","password7865","user"
7866,"name7866","username7866","email7866@email.com","password7866","artist"
7867,"name7867","username7867","email7867@email.com","password7867","artist"
7868,"name7868","username7868","email7868@email.com","password7868","artist"
7869,"name7869","username7869","email7869@email.com","password7869","artist"
7870,"name7870","username7870","email7870@email.com","password7870","user"
7871,"name7871","username7871","email7871@email.com","password7871","artist"
7872,"name7872","username7872","email7872@email.com","password7872","artist"
7873,"name7873","username7873","email7873@email.com","password7873","artist"
7874,"name7874","username7874","email7874@email.com","password7874","user"
7875,"name7875","username7875","email7875@email.com","password7875","user"
7876,"name7876","username7876","email7876@email.com","password7876","user"
7877,"name7877","username7877","email7877@email.com","password7877","artist"
7878,"name7878","username7878","email7878@email.com","password7878","artist"
7879,"name7879","username7879","email7879@email.com","password7879","artist"
7880,"name7880","username7880","email7880@email.com","password7880","user"
7881,"name7881","username7881","email7881@email.com","password7881","user"
7882,"name7882","username7882","email7882@email.com","password7882","user"
7883,"name7883","username7883","email7883@email.com","password7883","user"
7884,"name7884","username7884","email7884@email.com","password7884","artist"
7885,"name7885","username7885","email7885@email.com","password7885","user"
7886,"name7886","username7886","email7886@email.com","password7886","artist"
7887,"name7887","username7887","email7887@email.com","password7887","user"
7888,"name7888","username7888","email7888@email.com","password7888","artist"
7889,"name7889","username7889","email7889@email.com","password7889","artist"
7890,"name7890","username7890","email7890@email.com","password7890","artist"
7891,"name7891","username7891","email7891@email.com","password7891","user"
7892,"name7892","username7892","email7892@email.com","password7892","user"
7893,"name7893","username7893","email7893@email.com","password7893","artist"
7894,"name7894","username7894","email7894@email.com","password7894","user"
7895,"name7895","username7895","email7895@email.com","password7895","user"
7896,"name7896","username7896","email7896@email.com","password7896","artist"
7897,"name7897","username7897","email7897@email.com","password7897","artist"
7898,"name7898","username7898","email7898@email.com","password7898","user"
7899,"name7899","username7899","email7899@email.com","password7899","user"
7900,"name7900","username7900","email7900@email.com","password7900","artist"
7901,"name7901","username7901","email7901@email.com","password7901","artist"
7902,"name7902","username7902","email7902@email.com","password7902","user"
7903,"name7903","username7903","email7903@email.com","password7903","artist"
7904,"name7904","username7904","email7904@email.com","password7904","user"
7905,"name7905","username7905","email7905@email.com","password7905","user"
7906,"name7906","username7906","email7906@email.com","password7906","user"
7907,"name7907","username7907","email7907@email.com","password7907","user"
7908,"name7908","username7908","email7908@email.com","password7908","user"
7909,"name7909","username7909","email7909@email.com","password7909","artist"
7910,"name7910","username7910","email7910@email.com","password7910","artist"
7911,"name7911","username7911","email7911@email.com","password7911","artist"
7912,"name7912","username7912","email7912@email.com","password7912","artist"
7913,"name7913","username7913","email7913@email.com","password7913","artist"
7914,"name7914","username7914","email7914@email.com","password7914","artist"
7915,"name7915","username7915","email7915@email.com","password7915","user"
7916,"name7916","username7916","email7916@email.com","password7916","user"
7917,"name7917","username7917","email7917@email.com","password7917","artist"
7918,"name7918","username7918","email7918@email.com","password7918","user"
7919,"name7919","username7919","email7919@email.com","password7919","user"
7920,"name7920","username7920","email7920@email.com","password7920","artist"
7921,"name7921","username7921","email7921@email.com","password7921","user"
7922,"name7922","username7922","email7922@email.com","password7922","user"
7923,"name7923","username7923","email7923@email.com","password7923","user"
7924,"name7924","username7924","email7924@email.com","password7924","artist"
7925,"name7925","username7925","email7925@email.com","password7925","artist"
7926,"name7926","username7926","email7926@email.com","password7926","artist"
7927,"name7927","username7927","email7927@email.com","password7927","artist"
7928,"name7928","username7928","email7928@email.com","password7928","artist"
7929,"name7929","username7929","email7929@email.com","password7929","user"
7930,"name7930","username7930","email7930@email.com","password7930","user"
7931,"name7931","username7931","email7931@email.com","password7931","artist"
7932,"name7932","username7932","email7932@email.com","password7932","user"
7933,"name7933","username7933","email7933@email.com","password7933","artist"
7934,"name7934","username7934","email7934@email.com","password7934","artist"
7935,"name7935","username7935","email7935@email.com","password7935","artist"
7936,"name7936","username7936","email7936@email.com","password7936","artist"
7937,"name7937","username7937","email7937@email.com","password7937","user"
7938,"name7938","username7938","email7938@email.com","password7938","user"
7939,"name7939","username7939","email7939@email.com","password7939","artist"
7940,"name7940","username7940","email7940@email.com","password7940","artist"
7941,"name7941","username7941","email7941@email.com","password7941","user"
7942,"name7942","username7942","email7942@email.com","password7942","user"
7943,"name7943","username7943","email7943@email.com","password7943","artist"
7944,"name7944","username7944","email7944@email.com","password7944","user"
7945,"name7945","username7945","email7945@email.com","password7945","artist"
7946,"name7946","username7946","email7946@email.com","password7946","artist"
7947,"name7947","username7947","email7947@email.com","password7947","user"
7948,"name7948","username7948","email7948@email.com","password7948","artist"
7949,"name7949","username7949","email7949@email.com","password7949","user"
7950,"name7950","username7950","email7950@email.com","password7950","user"
7951,"name7951","username7951","email7951@email.com","password7951","artist"
7952,"name7952","username7952","email7952@email.com","password7952","user"
7953,"name7953","username7953","email7953@email.com","password7953","user"
7954,"name7954","username7954","email7954@email.com","password7954","user"
7955,"name7955","username7955","email7955@email.com","password7955","artist"
7956,"name7956","username7956","email7956@email.com","password7956","artist"
7957,"name7957","username7957","email7957@email.com","password7957","user"
7958,"name7958","username7958","email7958@email.com","password7958","user"
7959,"name7959","username7959","email7959@email.com","password7959","user"
7960,"name7960","username7960","email7960@email.com","password7960","user"
7961,"name7961","username7961","email7961@email.com","password7961","user"
7962,"name7962","username7962","email7962@email.com","password7962","user"
7963,"name7963","username7963","email7963@email.com","password7963","user"
7964,"name7964","username7964","email7964@email.com","password7964","artist"
7965,"name7965","username7965","email7965@email.com","password7965","artist"
7966,"name7966","username7966","email7966@email.com","password7966","user"
7967,"name7967","username7967","email7967@email.com","password7967","artist"
7968,"name7968","username7968","email7968@email.com","password7968","user"
7969,"name7969","username7969","email7969@email.com","password7969","user"
7970,"name7970","username7970","email7970@email.com","password7970","artist"
7971,"name7971","username7971","email7971@email.com","password7971","artist"
7972,"name7972","username7972","email7972@email.com","password7972","user"
7973,"name7973","username7973","email7973@email.com","password7973","user"
7974,"name7974","username7974","email7974@email.com","password7974","user"
7975,"name7975","username7975","email7975@email.com","password7975","user"
7976,"name7976","username7976","email7976@email.com","password7976","user"
7977,"name7977","username7977","email7977@email.com","password7977","artist"
7978,"name7978","username7978","email7978@email.com","password7978","user"
7979,"name7979","username7979","email7979@email.com","password7979","artist"
7980,"name7980","username7980","email7980@email.com","password7980","artist"
7981,"name7981","username7981","email7981@email.com","password7981","artist"
7982,"name7982","username7982","email7982@email.com","password7982","artist"
7983,"name7983","username7983","email7983@email.com","password7983","user"
7984,"name7984","username7984","email7984@email.com","password7984","artist"
7985,"name7985","username7985","email7985@email.com","password7985","user"
7986,"name7986","username7986","email7986@email.com","password7986","user"
7987,"name7987","username7987","email7987@email.com","password7987","user"
7988,"name7988","username7988","email7988@email.com","password7988","user"
7989,"name7989","username7989","email7989@email.com","password7989","user"
7990,"name7990","username7990","email7990@email.com","password7990","user"
7991,"name7991","username7991","email7991@email.com","password7991","user"
7992,"name7992","username7992","email7992@email.com","password7992","user"
7993,"name7993","username7993","email7993@email.com","password7993","artist"
7994,"name7994","username7994","email7994@email.com","password7994","artist"
7995,"name7995","username7995","email7995@email.com","password7995","artist"
7996,"name7996","username7996","email7996@email.com","password7996","artist"
7997,"name7997","username7997","email7997@email.com","password7997","artist"
7998,"name7998","username7998","email7998@email.com","password7998","artist"
7999,"name7999","username7999","email7999@email.com","password7999","user"
8000,"name8000","username8000","email8000@email.com","password8000","artist"
8001,"name8001","username8001","email8001@email.com","password8001","user"
8002,"name8002","username8002","email8002@email.com","password8002","artist"
8003,"name8003","username8003","email8003@email.com","password8003","user"
8004,"name8004","username8004","email8004@email.com","password8004","user"
8005,"name8005","username8005","email8005@email.com","password8005","artist"
8006,"name8006","username8006","email8006@email.com","password8006","artist"
8007,"name8007","username8007","email8007@email.com","password8007","user"
8008,"name8008","username8008","email8008@email.com","password8008","user"
8009,"name8009","username8009","email8009@email.com","password8009","artist"
8010,"name8010","username8010","email8010@email.com","password8010","user"
8011,"name8011","username8011","email8011@email.com","password8011","user"
8012,"name8012","username8012","email8012@email.com","password8012","user"
8013,"name8013","username8013","email8013@email.com","password8013","user"
8014,"name8014","username8014","email8014@email.com","password8014","artist"
8015,"name8015","username8015","email8015@email.com","password8015","user"
8016,"name8016","username8016","email8016@email.com","password8016","user"
8017,"name8017","username8017","email8017@email.com","password8017","user"
8018,"name8018","username8018","email8018@email.com","password8018","artist"
8019,"name8019","username8019","email8019@email.com","password8019","artist"
8020,"name8020","username8020","email8020@email.com","password8020","artist"
8021,"name8021","username8021","email8021@email.com","password8021","artist"
8022,"name8022","username8022","email8022@email.com","password8022","artist"
8023,"name8023","username8023","email8023@email.com","password8023","artist"
8024,"name8024","username8024","email8024@email.com","password8024","user"
8025,"name8025","username8025","email8025@email.com","password8025","user"
8026,"name8026","username8026","email8026@email.com","password8026","user"
8027,"name8027","username8027","email8027@email.com","password8027","artist"
8028,"name8028","username8028","email8028@email.com","password8028","artist"
8029,"name8029","username8029","email8029@email.com","password8029","user"
8030,"name8030","username8030","email8030@email.com","password8030","user"
8031,"name8031","username8031","email8031@email.com","password8031","artist"
8032,"name8032","username8032","email8032@email.com","password8032","artist"
8033,"name8033","username8033","email8033@email.com","password8033","user"
8034,"name8034","username8034","email8034@email.com","password8034","user"
8035,"name8035","username8035","email8035@email.com","password8035","user"
8036,"name8036","username8036","email8036@email.com","password8036","user"
8037,"name8037","username8037","email8037@email.com","password8037","user"
8038,"name8038","username8038","email8038@email.com","password8038","user"
8039,"name8039","username8039","email8039@email.com","password8039","user"
8040,"name8040","username8040","email8040@email.com","password8040","artist"
8041,"name8041","username8041","email8041@email.com","password8041","user"
8042,"name8042","username8042","email8042@email.com","password8042","user"
8043,"name8043","username8043","email8043@email.com","password8043","user"
8044,"name8044","username8044","email8044@email.com","password8044","artist"
8045,"name8045","username8045","email8045@email.com","password8045","user"
8046,"name8046","username8046","email8046@email.com","password8046","artist"
8047,"name8047","username8047","email8047@email.com","password8047","artist"
8048,"name8048","username8048","email8048@email.com","password8048","user"
8049,"name8049","username8049","email8049@email.com","password8049","user"
8050,"name8050","username8050","email8050@email.com","password8050","artist"
8051,"name8051","username8051","email8051@email.com","password8051","user"
8052,"name8052","username8052","email8052@email.com","password8052","artist"
8053,"name8053","username8053","email8053@email.com","password8053","artist"
8054,"name8054","username8054","email8054@email.com","password8054","artist"
8055,"name8055","username8055","email8055@email.com","password8055","artist"
8056,"name8056","username8056","email8056@email.com","password8056","artist"
8057,"name8057","username8057","email8057@email.com","password8057","user"
8058,"name8058","username8058","email8058@email.com","password8058","user"
8059,"name8059","username8059","email8059@email.com","password8059","artist"
8060,"name8060","username8060","email8060@email.com","password8060","artist"
8061,"name8061","username8061","email8061@email.com","password8061","user"
8062,"name8062","username8062","email8062@email.com","password8062","artist"
8063,"name8063","username8063","email8063@email.com","password8063","user"
8064,"name8064","username8064","email8064@email.com","password8064","artist"
8065,"name8065","username8065","email8065@email.com","password8065","artist"
8066,"name8066","username8066","email8066@email.com","password8066","user"
8067,"name8067","username8067","email8067@email.com","password8067","user"
8068,"name8068","username8068","email8068@email.com","password8068","user"
8069,"name8069","username8069","email8069@email.com","password8069","artist"
8070,"name8070","username8070","email8070@email.com","password8070","user"
8071,"name8071","username8071","email8071@email.com","password8071","artist"
8072,"name8072","username8072","email8072@email.com","password8072","artist"
8073,"name8073","username8073","email8073@email.com","password8073","artist"
8074,"name8074","username8074","email8074@email.com","password8074","user"
8075,"name8075","username8075","email8075@email.com","password8075","artist"
8076,"name8076","username8076","email8076@email.com","password8076","artist"
8077,"name8077","username8077","email8077@email.com","password8077","artist"
8078,"name8078","username8078","email8078@email.com","password8078","user"
8079,"name8079","username8079","email8079@email.com","password8079","artist"
8080,"name8080","username8080","email8080@email.com","password8080","user"
8081,"name8081","username8081","email8081@email.com","password8081","user"
8082,"name8082","username8082","email8082@email.com","password8082","user"
8083,"name8083","username8083","email8083@email.com","password8083","user"
8084,"name8084","username8084","email8084@email.com","password8084","artist"
8085,"name8085","username8085","email8085@email.com","password8085","user"
8086,"name8086","username8086","email8086@email.com","password8086","artist"
8087,"name8087","username8087","email8087@email.com","password8087","user"
8088,"name8088","username8088","email8088@email.com","password8088","artist"
8089,"name8089","username8089","email8089@email.com","password8089","artist"
8090,"name8090","username8090","email8090@email.com","password8090","user"
8091,"name8091","username8091","email8091@email.com","password8091","user"
8092,"name8092","username8092","email8092@email.com","password8092","user"
8093,"name8093","username8093","email8093@email.com","password8093","artist"
8094,"name8094","username8094","email8094@email.com","password8094","artist"
8095,"name8095","username8095","email8095@email.com","password8095","user"
8096,"name8096","username8096","email8096@email.com","password8096","artist"
8097,"name8097","username8097","email8097@email.com","password8097","artist"
8098,"name8098","username8098","email8098@email.com","password8098","user"
8099,"name8099","username8099","email8099@email.com","password8099","artist"
8100,"name8100","username8100","email8100@email.com","password8100","artist"
8101,"name8101","username8101","email8101@email.com","password8101","artist"
8102,"name8102","username8102","email8102@email.com","password8102","user"
8103,"name8103","username8103","email8103@email.com","password8103","artist"
8104,"name8104","username8104","email8104@email.com","password8104","artist"
8105,"name8105","username8105","email8105@email.com","password8105","user"
8106,"name8106","username8106","email8106@email.com","password8106","user"
8107,"name8107","username8107","email8107@email.com","password8107","artist"
8108,"name8108","username8108","email8108@email.com","password8108","artist"
8109,"name8109","username8109","email8109@email.com","password8109","user"
8110,"name8110","username8110","email8110@email.com","password8110","artist"
8111,"name8111","username8111","email8111@email.com","password8111","user"
8112,"name8112","username8112","email8112@email.com","password8112","user"
8113,"name8113","username8113","email8113@email.com","password8113","user"
8114,"name8114","username8114","email8114@email.com","password8114","artist"
8115,"name8115","username8115","email8115@email.com","password8115","user"
8116,"name8116","username8116","email8116@email.com","password8116","user"
8117,"name8117","username8117","email8117@email.com","password8117","user"
8118,"name8118","username8118","email8118@email.com","password8118","user"
8119,"name8119","username8119","email8119@email.com","password8119","artist"
8120,"name8120","username8120","email8120@email.com","password8120","artist"
8121,"name8121","username8121","email8121@email.com","password8121","user"
8122,"name8122","username8122","email8122@email.com","password8122","artist"
8123,"name8123","username8123","email8123@email.com","password8123","user"
8124,"name8124","username8124","email8124@email.com","password8124","user"
8125,"name8125","username8125","email8125@email.com","password8125","artist"
8126,"name8126","username8126","email8126@email.com","password8126","user"
8127,"name8127","username8127","email8127@email.com","password8127","user"
8128,"name8128","username8128","email8128@email.com","password8128","user"
8129,"name8129","username8129","email8129@email.com","password8129","user"
8130,"name8130","username8130","email8130@email.com","password8130","artist"
8131,"name8131","username8131","email8131@email.com","password8131","user"
8132,"name8132","username8132","email8132@email.com","password8132","artist"
8133,"name8133","username8133","email8133@email.com","password8133","user"
8134,"name8134","username8134","email8134@email.com","password8134","artist"
8135,"name8135","username8135","email8135@email.com","password8135","artist"
8136,"name8136","username8136","email8136@email.com","password8136","user"
8137,"name8137","username8137","email8137@email.com","password8137","user"
8138,"name8138","username8138","email8138@email.com","password8138","artist"
8139,"name8139","username8139","email8139@email.com","password8139","artist"
8140,"name8140","username8140","email8140@email.com","password8140","user"
8141,"name8141","username8141","email8141@email.com","password8141","artist"
8142,"name8142","username8142","email8142@email.com","password8142","user"
8143,"name8143","username8143","email8143@email.com","password8143","user"
8144,"name8144","username8144","email8144@email.com","password8144","artist"
8145,"name8145","username8145","email8145@email.com","password8145","artist"
8146,"name8146","username8146","email8146@email.com","password8146","user"
8147,"name8147","username8147","email8147@email.com","password8147","artist"
8148,"name8148","username8148","email8148@email.com","password8148","user"
8149,"name8149","username8149","email8149@email.com","password8149","user"
8150,"name8150","username8150","email8150@email.com","password8150","user"
8151,"name8151","username8151","email8151@email.com","password8151","artist"
8152,"name8152","username8152","email8152@email.com","password8152","artist"
8153,"name8153","username8153","email8153@email.com","password8153","user"
8154,"name8154","username8154","email8154@email.com","password8154","user"
8155,"name8155","username8155","email8155@email.com","password8155","artist"
8156,"name8156","username8156","email8156@email.com","password8156","user"
8157,"name8157","username8157","email8157@email.com","password8157","user"
8158,"name8158","username8158","email8158@email.com","password8158","artist"
8159,"name8159","username8159","email8159@email.com","password8159","artist"
8160,"name8160","username8160","email8160@email.com","password8160","artist"
8161,"name8161","username8161","email8161@email.com","password8161","artist"
8162,"name8162","username8162","email8162@email.com","password8162","user"
8163,"name8163","username8163","email8163@email.com","password8163","user"
8164,"name8164","username8164","email8164@email.com","password8164","user"
8165,"name8165","username8165","email8165@email.com","password8165","user"
8166,"name8166","username8166","email8166@email.com","password8166","artist"
8167,"name8167","username8167","email8167@email.com","password8167","user"
8168,"name8168","username8168","email8168@email.com","password8168","user"
8169,"name8169","username8169","email8169@email.com","password8169","artist"
8170,"name8170","username8170","email8170@email.com","password8170","user"
8171,"name8171","username8171","email8171@email.com","password8171","artist"
8172,"name8172","username8172","email8172@email.com","password8172","artist"
8173,"name8173","username8173","email8173@email.com","password8173","user"
8174,"name8174","username8174","email8174@email.com","password8174","artist"
8175,"name8175","username8175","email8175@email.com","password8175","user"
8176,"name8176","username8176","email8176@email.com","password8176","user"
8177,"name8177","username8177","email8177@email.com","password8177","artist"
8178,"name8178","username8178","email8178@email.com","password8178","user"
8179,"name8179","username8179","email8179@email.com","password8179","user"
8180,"name8180","username8180","email8180@email.com","password8180","user"
8181,"name8181","username8181","email8181@email.com","password8181","artist"
8182,"name8182","username8182","email8182@email.com","password8182","artist"
8183,"name8183","username8183","email8183@email.com","password8183","artist"
8184,"name8184","username8184","email8184@email.com","password8184","artist"
8185,"name8185","username8185","email8185@email.com","password8185","artist"
8186,"name8186","username8186","email8186@email.com","password8186","artist"
8187,"name8187","username8187","email8187@email.com","password8187","user"
8188,"name8188","username8188","email8188@email.com","password8188","user"
8189,"name8189","username8189","email8189@email.com","password8189","user"
8190,"name8190","username8190","email8190@email.com","password8190","user"
8191,"name8191","username8191","email8191@email.com","password8191","user"
8192,"name8192","username8192","email8192@email.com","password8192","artist"
8193,"name8193","username8193","email8193@email.com","password8193","user"
8194,"name8194","username8194","email8194@email.com","password8194","artist"
8195,"name8195","username8195","email8195@email.com","password8195","artist"
8196,"name8196","username8196","email8196@email.com","password8196","user"
8197,"name8197","username8197","email8197@email.com","password8197","user"
8198,"name8198","username8198","email8198@email.com","password8198","user"
8199,"name8199","username8199","email8199@email.com","password8199","artist"
8200,"name8200","username8200","email8200@email.com","password8200","user"
8201,"name8201","username8201","email8201@email.com","password8201","artist"
8202,"name8202","username8202","email8202@email.com","password8202","user"
8203,"name8203","username8203","email8203@email.com","password8203","user"
8204,"name8204","username8204","email8204@email.com","password8204","artist"
8205,"name8205","username8205","email8205@email.com","password8205","artist"
8206,"name8206","username8206","email8206@email.com","password8206","user"
8207,"name8207","username8207","email8207@email.com","password8207","user"
8208,"name8208","username8208","email8208@email.com","password8208","user"
8209,"name8209","username8209","email8209@email.com","password8209","artist"
8210,"name8210","username8210","email8210@email.com","password8210","user"
8211,"name8211","username8211","email8211@email.com","password8211","artist"
8212,"name8212","username8212","email8212@email.com","password8212","artist"
8213,"name8213","username8213","email8213@email.com","password8213","user"
8214,"name8214","username8214","email8214@email.com","password8214","user"
8215,"name8215","username8215","email8215@email.com","password8215","user"
8216,"name8216","username8216","email8216@email.com","password8216","artist"
8217,"name8217","username8217","email8217@email.com","password8217","artist"
8218,"name8218","username8218","email8218@email.com","password8218","artist"
8219,"name8219","username8219","email8219@email.com","password8219","user"
8220,"name8220","username8220","email8220@email.com","password8220","artist"
8221,"name8221","username8221","email8221@email.com","password8221","user"
8222,"name8222","username8222","email8222@email.com","password8222","artist"
8223,"name8223","username8223","email8223@email.com","password8223","artist"
8224,"name8224","username8224","email8224@email.com","password8224","user"
8225,"name8225","username8225","email8225@email.com","password8225","artist"
8226,"name8226","username8226","email8226@email.com","password8226","artist"
8227,"name8227","username8227","email8227@email.com","password8227","user"
8228,"name8228","username8228","email8228@email.com","password8228","user"
8229,"name8229","username8229","email8229@email.com","password8229","artist"
8230,"name8230","username8230","email8230@email.com","password8230","artist"
8231,"name8231","username8231","email8231@email.com","password8231","artist"
8232,"name8232","username8232","email8232@email.com","password8232","user"
8233,"name8233","username8233","email8233@email.com","password8233","artist"
8234,"name8234","username8234","email8234@email.com","password8234","artist"
8235,"name8235","username8235","email8235@email.com","password8235","user"
8236,"name8236","username8236","email8236@email.com","password8236","artist"
8237,"name8237","username8237","email8237@email.com","password8237","artist"
8238,"name8238","username8238","email8238@email.com","password8238","artist"
8239,"name8239","username8239","email8239@email.com","password8239","user"
8240,"name8240","username8240","email8240@email.com","password8240","artist"
8241,"name8241","username8241","email8241@email.com","password8241","user"
8242,"name8242","username8242","email8242@email.com","password8242","artist"
8243,"name8243","username8243","email8243@email.com","password8243","artist"
8244,"name8244","username8244","email8244@email.com","password8244","user"
8245,"name8245","username8245","email8245@email.com","password8245","artist"
8246,"name8246","username8246","email8246@email.com","password8246","user"
8247,"name8247","username8247","email8247@email.com","password8247","artist"
8248,"name8248","username8248","email8248@email.com","password8248","user"
8249,"name8249","username8249","email8249@email.com","password8249","user"
8250,"name8250","username8250","email8250@email.com","password8250","user"
8251,"name8251","username8251","email8251@email.com","password8251","user"
8252,"name8252","username8252","email8252@email.com","password8252","user"
8253,"name8253","username8253","email8253@email.com","password8253","user"
8254,"name8254","username8254","email8254@email.com","password8254","artist"
8255,"name8255","username8255","email8255@email.com","password8255","artist"
8256,"name8256","username8256","email8256@email.com","password8256","artist"
8257,"name8257","username8257","email8257@email.com","password8257","user"
8258,"name8258","username8258","email8258@email.com","password8258","user"
8259,"name8259","username8259","email8259@email.com","password8259","artist"
8260,"name8260","username8260","email8260@email.com","password8260","user"
8261,"name8261","username8261","email8261@email.com","password8261","artist"
8262,"name8262","username8262","email8262@email.com","password8262","user"
8263,"name8263","username8263","email8263@email.com","password8263","artist"
8264,"name8264","username8264","email8264@email.com","password8264","user"
8265,"name8265","username8265","email8265@email.com","password8265","user"
8266,"name8266","username8266","email8266@email.com","password8266","user"
8267,"name8267","username8267","email8267@email.com","password8267","artist"
8268,"name8268","username8268","email8268@email.com","password8268","artist"
8269,"name8269","username8269","email8269@email.com","password8269","artist"
8270,"name8270","username8270","email8270@email.com","password8270","artist"
8271,"name8271","username8271","email8271@email.com","password8271","artist"
8272,"name8272","username8272","email8272@email.com","password8272","user"
8273,"name8273","username8273","email8273@email.com","password8273","artist"
8274,"name8274","username8274","email8274@email.com","password8274","artist"
8275,"name8275","username8275","email8275@email.com","password8275","artist"
8276,"name8276","username8276","email8276@email.com","password8276","user"
8277,"name8277","username8277","email8277@email.com","password8277","user"
8278,"name8278","username8278","email8278@email.com","password8278","artist"
8279,"name8279","username8279","email8279@email.com","password8279","user"
8280,"name8280","username8280","email8280@email.com","password8280","artist"
8281,"name8281","username8281","email8281@email.com","password8281","user"
8282,"name8282","username8282","email8282@email.com","password8282","artist"
8283,"name8283","username8283","email8283@email.com","password8283","artist"
8284,"name8284","username8284","email8284@email.com","password8284","user"
8285,"name8285","username8285","email8285@email.com","password8285","user"
8286,"name8286","username8286","email8286@email.com","password8286","user"
8287,"name8287","username8287","email8287@email.com","password8287","user"
8288,"name8288","username8288","email8288@email.com","password8288","user"
8289,"name8289","username8289","email8289@email.com","password8289","user"
8290,"name8290","username8290","email8290@email.com","password8290","artist"
8291,"name8291","username8291","email8291@email.com","password8291","user"
8292,"name8292","username8292","email8292@email.com","password8292","user"
8293,"name8293","username8293","email8293@email.com","password8293","artist"
8294,"name8294","username8294","email8294@email.com","password8294","user"
8295,"name8295","username8295","email8295@email.com","password8295","user"
8296,"name8296","username8296","email8296@email.com","password8296","user"
8297,"name8297","username8297","email8297@email.com","password8297","artist"
8298,"name8298","username8298","email8298@email.com","password8298","artist"
8299,"name8299","username8299","email8299@email.com","password8299","user"
8300,"name8300","username8300","email8300@email.com","password8300","artist"
8301,"name8301","username8301","email8301@email.com","password8301","user"
8302,"name8302","username8302","email8302@email.com","password8302","artist"
8303,"name8303","username8303","email8303@email.com","password8303","artist"
8304,"name8304","username8304","email8304@email.com","password8304","artist"
8305,"name8305","username8305","email8305@email.com","password8305","artist"
8306,"name8306","username8306","email8306@email.com","password8306","artist"
8307,"name8307","username8307","email8307@email.com","password8307","user"
8308,"name8308","username8308","email8308@email.com","password8308","artist"
8309,"name8309","username8309","email8309@email.com","password8309","user"
8310,"name8310","username8310","email8310@email.com","password8310","user"
8311,"name8311","username8311","email8311@email.com","password8311","user"
8312,"name8312","username8312","email8312@email.com","password8312","artist"
8313,"name8313","username8313","email8313@email.com","password8313","artist"
8314,"name8314","username8314","email8314@email.com","password8314","user"
8315,"name8315","username8315","email8315@email.com","password8315","user"
8316,"name8316","username8316","email8316@email.com","password8316","artist"
8317,"name8317","username8317","email8317@email.com","password8317","artist"
8318,"name8318","username8318","email8318@email.com","password8318","user"
8319,"name8319","username8319","email8319@email.com","password8319","artist"
8320,"name8320","username8320","email8320@email.com","password8320","user"
8321,"name8321","username8321","email8321@email.com","password8321","artist"
8322,"name8322","username8322","email8322@email.com","password8322","artist"
8323,"name8323","username8323","email8323@email.com","password8323","artist"
8324,"name8324","username8324","email8324@email.com","password8324","artist"
8325,"name8325","username8325","email8325@email.com","password8325","artist"
8326,"name8326","username8326","email8326@email.com","password8326","artist"
8327,"name8327","username8327","email8327@email.com","password8327","artist"
8328,"name8328","username8328","email8328@email.com","password8328","artist"
8329,"name8329","username8329","email8329@email.com","password8329","artist"
8330,"name8330","username8330","email8330@email.com","password8330","user"
8331,"name8331","username8331","email8331@email.com","password8331","artist"
8332,"name8332","username8332","email8332@email.com","password8332","artist"
8333,"name8333","username8333","email8333@email.com","password8333","artist"
8334,"name8334","username8334","email8334@email.com","password8334","artist"
8335,"name8335","username8335","email8335@email.com","password8335","user"
8336,"name8336","username8336","email8336@email.com","password8336","user"
8337,"name8337","username8337","email8337@email.com","password8337","user"
8338,"name8338","username8338","email8338@email.com","password8338","artist"
8339,"name8339","username8339","email8339@email.com","password8339","artist"
8340,"name8340","username8340","email8340@email.com","password8340","artist"
8341,"name8341","username8341","email8341@email.com","password8341","artist"
8342,"name8342","username8342","email8342@email.com","password8342","artist"
8343,"name8343","username8343","email8343@email.com","password8343","artist"
8344,"name8344","username8344","email8344@email.com","password8344","artist"
8345,"name8345","username8345","email8345@email.com","password8345","user"
8346,"name8346","username8346","email8346@email.com","password8346","artist"
8347,"name8347","username8347","email8347@email.com","password8347","user"
8348,"name8348","username8348","email8348@email.com","password8348","user"
8349,"name8349","username8349","email8349@email.com","password8349","user"
8350,"name8350","username8350","email8350@email.com","password8350","user"
8351,"name8351","username8351","email8351@email.com","password8351","artist"
8352,"name8352","username8352","email8352@email.com","password8352","artist"
8353,"name8353","username8353","email8353@email.com","password8353","artist"
8354,"name8354","username8354","email8354@email.com","password8354","user"
8355,"name8355","username8355","email8355@email.com","password8355","artist"
8356,"name8356","username8356","email8356@email.com","password8356","user"
8357,"name8357","username8357","email8357@email.com","password8357","artist"
8358,"name8358","username8358","email8358@email.com","password8358","artist"
8359,"name8359","username8359","email8359@email.com","password8359","artist"
8360,"name8360","username8360","email8360@email.com","password8360","user"
8361,"name8361","username8361","email8361@email.com","password8361","artist"
8362,"name8362","username8362","email8362@email.com","password8362","artist"
8363,"name8363","username8363","email8363@email.com","password8363","artist"
8364,"name8364","username8364","email8364@email.com","password8364","user"
8365,"name8365","username8365","email8365@email.com","password8365","user"
8366,"name8366","username8366","email8366@email.com","password8366","user"
8367,"name8367","username8367","email8367@email.com","password8367","artist"
8368,"name8368","username8368","email8368@email.com","password8368","artist"
8369,"name8369","username8369","email8369@email.com","password8369","artist"
8370,"name8370","username8370","email8370@email.com","password8370","user"
8371,"name8371","username8371","email8371@email.com","password8371","artist"
8372,"name8372","username8372","email8372@email.com","password8372","artist"
8373,"name8373","username8373","email8373@email.com","password8373","user"
8374,"name8374","username8374","email8374@email.com","password8374","artist"
8375,"name8375","username8375","email8375@email.com","password8375","artist"
8376,"name8376","username8376","email8376@email.com","password8376","artist"
8377,"name8377","username8377","email8377@email.com","password8377","user"
8378,"name8378","username8378","email8378@email.com","password8378","user"
8379,"name8379","username8379","email8379@email.com","password8379","user"
8380,"name8380","username8380","email8380@email.com","password8380","user"
8381,"name8381","username8381","email8381@email.com","password8381","user"
8382,"name8382","username8382","email8382@email.com","password8382","user"
8383,"name8383","username8383","email8383@email.com","password8383","user"
8384,"name8384","username8384","email8384@email.com","password8384","user"
8385,"name8385","username8385","email8385@email.com","password8385","user"
8386,"name8386","username8386","email8386@email.com","password8386","artist"
8387,"name8387","username8387","email8387@email.com","password8387","user"
8388,"name8388","username8388","email8388@email.com","password8388","user"
8389,"name8389","username8389","email8389@email.com","password8389","user"
8390,"name8390","username8390","email8390@email.com","password8390","user"
8391,"name8391","username8391","email8391@email.com","password8391","artist"
8392,"name8392","username8392","email8392@email.com","password8392","user"
8393,"name8393","username8393","email8393@email.com","password8393","artist"
8394,"name8394","username8394","email8394@email.com","password8394","user"
8395,"name8395","username8395","email8395@email.com","password8395","user"
8396,"name8396","username8396","email8396@email.com","password8396","artist"
8397,"name8397","username8397","email8397@email.com","password8397","user"
8398,"name8398","username8398","email8398@email.com","password8398","user"
8399,"name8399","username8399","email8399@email.com","password8399","artist"
8400,"name8400","username8400","email8400@email.com","password8400","artist"
8401,"name8401","username8401","email8401@email.com","password8401","user"
8402,"name8402","username8402","email8402@email.com","password8402","user"
8403,"name8403","username8403","email8403@email.com","password8403","user"
8404,"name8404","username8404","email8404@email.com","password8404","artist"
8405,"name8405","username8405","email8405@email.com","password8405","artist"
8406,"name8406","username8406","email8406@email.com","password8406","user"
8407,"name8407","username8407","email8407@email.com","password8407","user"
8408,"name8408","username8408","email8408@email.com","password8408","user"
8409,"name8409","username8409","email8409@email.com","password8409","artist"
8410,"name8410","username8410","email8410@email.com","password8410","user"
8411,"name8411","username8411","email8411@email.com","password8411","user"
8412,"name8412","username8412","email8412@email.com","password8412","user"
8413,"name8413","username8413","email8413@email.com","password8413","user"
8414,"name8414","username8414","email8414@email.com","password8414","artist"
8415,"name8415","username8415","email8415@email.com","password8415","user"
8416,"name8416","username8416","email8416@email.com","password8416","user"
8417,"name8417","username8417","email8417@email.com","password8417","artist"
8418,"name8418","username8418","email8418@email.com","password8418","user"
8419,"name8419","username8419","email8419@email.com","password8419","artist"
8420,"name8420","username8420","email8420@email.com","password8420","artist"
8421,"name8421","username8421","email8421@email.com","password8421","user"
8422,"name8422","username8422","email8422@email.com","password8422","artist"
8423,"name8423","username8423","email8423@email.com","password8423","user"
8424,"name8424","username8424","email8424@email.com","password8424","artist"
8425,"name8425","username8425","email8425@email.com","password8425","artist"
8426,"name8426","username8426","email8426@email.com","password8426","user"
8427,"name8427","username8427","email8427@email.com","password8427","user"
8428,"name8428","username8428","email8428@email.com","password8428","artist"
8429,"name8429","username8429","email8429@email.com","password8429","user"
8430,"name8430","username8430","email8430@email.com","password8430","user"
8431,"name8431","username8431","email8431@email.com","password8431","user"
8432,"name8432","username8432","email8432@email.com","password8432","user"
8433,"name8433","username8433","email8433@email.com","password8433","artist"
8434,"name8434","username8434","email8434@email.com","password8434","artist"
8435,"name8435","username8435","email8435@email.com","password8435","user"
8436,"name8436","username8436","email8436@email.com","password8436","artist"
8437,"name8437","username8437","email8437@email.com","password8437","user"
8438,"name8438","username8438","email8438@email.com","password8438","user"
8439,"name8439","username8439","email8439@email.com","password8439","artist"
8440,"name8440","username8440","email8440@email.com","password8440","artist"
8441,"name8441","username8441","email8441@email.com","password8441","artist"
8442,"name8442","username8442","email8442@email.com","password8442","user"
8443,"name8443","username8443","email8443@email.com","password8443","user"
8444,"name8444","username8444","email8444@email.com","password8444","user"
8445,"name8445","username8445","email8445@email.com","password8445","artist"
8446,"name8446","username8446","email8446@email.com","password8446","user"
8447,"name8447","username8447","email8447@email.com","password8447","user"
8448,"name8448","username8448","email8448@email.com","password8448","artist"
8449,"name8449","username8449","email8449@email.com","password8449","user"
8450,"name8450","username8450","email8450@email.com","password8450","artist"
8451,"name8451","username8451","email8451@email.com","password8451","user"
8452,"name8452","username8452","email8452@email.com","password8452","user"
8453,"name8453","username8453","email8453@email.com","password8453","user"
8454,"name8454","username8454","email8454@email.com","password8454","artist"
8455,"name8455","username8455","email8455@email.com","password8455","user"
8456,"name8456","username8456","email8456@email.com","password8456","artist"
8457,"name8457","username8457","email8457@email.com","password8457","user"
8458,"name8458","username8458","email8458@email.com","password8458","artist"
8459,"name8459","username8459","email8459@email.com","password8459","artist"
8460,"name8460","username8460","email8460@email.com","password8460","artist"
8461,"name8461","username8461","email8461@email.com","password8461","artist"
8462,"name8462","username8462","email8462@email.com","password8462","artist"
8463,"name8463","username8463","email8463@email.com","password8463","artist"
8464,"name8464","username8464","email8464@email.com","password8464","artist"
8465,"name8465","username8465","email8465@email.com","password8465","artist"
8466,"name8466","username8466","email8466@email.com","password8466","artist"
8467,"name8467","username8467","email8467@email.com","password8467","user"
8468,"name8468","username8468","email8468@email.com","password8468","user"
8469,"name8469","username8469","email8469@email.com","password8469","artist"
8470,"name8470","username8470","email8470@email.com","password8470","user"
8471,"name8471","username8471","email8471@email.com","password8471","user"
8472,"name8472","username8472","email8472@email.com","password8472","user"
8473,"name8473","username8473","email8473@email.com","password8473","user"
8474,"name8474","username8474","email8474@email.com","password8474","user"
8475,"name8475","username8475","email8475@email.com","password8475","artist"
8476,"name8476","username8476","email8476@email.com","password8476","artist"
8477,"name8477","username8477","email8477@email.com","password8477","artist"
8478,"name8478","username8478","email8478@email.com","password8478","artist"
8479,"name8479","username8479","email8479@email.com","password8479","artist"
8480,"name8480","username8480","email8480@email.com","password8480","user"
8481,"name8481","username8481","email8481@email.com","password8481","user"
8482,"name8482","username8482","email8482@email.com","password8482","user"
8483,"name8483","username8483","email8483@email.com","password8483","artist"
8484,"name8484","username8484","email8484@email.com","password8484","artist"
8485,"name8485","username8485","email8485@email.com","password8485","user"
8486,"name8486","username8486","email8486@email.com","password8486","user"
8487,"name8487","username8487","email8487@email.com","password8487","user"
8488,"name8488","username8488","email8488@email.com","password8488","user"
8489,"name8489","username8489","email8489@email.com","password8489","artist"
8490,"name8490","username8490","email8490@email.com","password8490","artist"
8491,"name8491","username8491","email8491@email.com","password8491","user"
8492,"name8492","username8492","email8492@email.com","password8492","artist"
8493,"name8493","username8493","email8493@email.com","password8493","artist"
8494,"name8494","username8494","email8494@email.com","password8494","user"
8495,"name8495","username8495","email8495@email.com","password8495","user"
8496,"name8496","username8496","email8496@email.com","password8496","artist"
8497,"name8497","username8497","email8497@email.com","password8497","artist"
8498,"name8498","username8498","email8498@email.com","password8498","artist"
8499,"name8499","username8499","email8499@email.com","password8499","artist"
8500,"name8500","username8500","email8500@email.com","password8500","artist"
8501,"name8501","username8501","email8501@email.com","password8501","user"
8502,"name8502","username8502","email8502@email.com","password8502","user"
8503,"name8503","username8503","email8503@email.com","password8503","artist"
8504,"name8504","username8504","email8504@email.com","password8504","artist"
8505,"name8505","username8505","email8505@email.com","password8505","artist"
8506,"name8506","username8506","email8506@email.com","password8506","artist"
8507,"name8507","username8507","email8507@email.com","password8507","user"
8508,"name8508","username8508","email8508@email.com","password8508","user"
8509,"name8509","username8509","email8509@email.com","password8509","artist"
8510,"name8510","username8510","email8510@email.com","password8510","user"
8511,"name8511","username8511","email8511@email.com","password8511","user"
8512,"name8512","username8512","email8512@email.com","password8512","artist"
8513,"name8513","username8513","email8513@email.com","password8513","user"
8514,"name8514","username8514","email8514@email.com","password8514","artist"
8515,"name8515","username8515","email8515@email.com","password8515","artist"
8516,"name8516","username8516","email8516@email.com","password8516","artist"
8517,"name8517","username8517","email8517@email.com","password8517","user"
8518,"name8518","username8518","email8518@email.com","password8518","artist"
8519,"name8519","username8519","email8519@email.com","password8519","user"
8520,"name8520","username8520","email8520@email.com","password8520","user"
8521,"name8521","username8521","email8521@email.com","password8521","artist"
8522,"name8522","username8522","email8522@email.com","password8522","artist"
8523,"name8523","username8523","email8523@email.com","password8523","artist"
8524,"name8524","username8524","email8524@email.com","password8524","artist"
8525,"name8525","username8525","email8525@email.com","password8525","user"
8526,"name8526","username8526","email8526@email.com","password8526","artist"
8527,"name8527","username8527","email8527@email.com","password8527","artist"
8528,"name8528","username8528","email8528@email.com","password8528","artist"
8529,"name8529","username8529","email8529@email.com","password8529","user"
8530,"name8530","username8530","email8530@email.com","password8530","artist"
8531,"name8531","username8531","email8531@email.com","password8531","user"
8532,"name8532","username8532","email8532@email.com","password8532","user"
8533,"name8533","username8533","email8533@email.com","password8533","user"
8534,"name8534","username8534","email8534@email.com","password8534","user"
8535,"name8535","username8535","email8535@email.com","password8535","user"
8536,"name8536","username8536","email8536@email.com","password8536","artist"
8537,"name8537","username8537","email8537@email.com","password8537","user"
8538,"name8538","username8538","email8538@email.com","password8538","artist"
8539,"name8539","username8539","email8539@email.com","password8539","user"
8540,"name8540","username8540","email8540@email.com","password8540","artist"
8541,"name8541","username8541","email8541@email.com","password8541","artist"
8542,"name8542","username8542","email8542@email.com","password8542","artist"
8543,"name8543","username8543","email8543@email.com","password8543","artist"
8544,"name8544","username8544","email8544@email.com","password8544","user"
8545,"name8545","username8545","email8545@email.com","password8545","user"
8546,"name8546","username8546","email8546@email.com","password8546","user"
8547,"name8547","username8547","email8547@email.com","password8547","artist"
8548,"name8548","username8548","email8548@email.com","password8548","artist"
8549,"name8549","username8549","email8549@email.com","password8549","user"
8550,"name8550","username8550","email8550@email.com","password8550","user"
8551,"name8551","username8551","email8551@email.com","password8551","user"
8552,"name8552","username8552","email8552@email.com","password8552","artist"
8553,"name8553","username8553","email8553@email.com","password8553","artist"
8554,"name8554","username8554","email8554@email.com","password8554","user"
8555,"name8555","username8555","email8555@email.com","password8555","user"
8556,"name8556","username8556","email8556@email.com","password8556","user"
8557,"name8557","username8557","email8557@email.com","password8557","artist"
8558,"name8558","username8558","email8558@email.com","password8558","artist"
8559,"name8559","username8559","email8559@email.com","password8559","artist"
8560,"name8560","username8560","email8560@email.com","password8560","user"
8561,"name8561","username8561","email8561@email.com","password8561","user"
8562,"name8562","username8562","email8562@email.com","password8562","user"
8563,"name8563","username8563","email8563@email.com","password8563","artist"
8564,"name8564","username8564","email8564@email.com","password8564","user"
8565,"name8565","username8565","email8565@email.com","password8565","user"
8566,"name8566","username8566","email8566@email.com","password8566","user"
8567,"name8567","username8567","email8567@email.com","password8567","user"
8568,"name8568","username8568","email8568@email.com","password8568","artist"
8569,"name8569","username8569","email8569@email.com","password8569","artist"
8570,"name8570","username8570","email8570@email.com","password8570","user"
8571,"name8571","username8571","email8571@email.com","password8571","artist"
8572,"name8572","username8572","email8572@email.com","password8572","user"
8573,"name8573","username8573","email8573@email.com","password8573","artist"
8574,"name8574","username8574","email8574@email.com","password8574","artist"
8575,"name8575","username8575","email8575@email.com","password8575","artist"
8576,"name8576","username8576","email8576@email.com","password8576","artist"
8577,"name8577","username8577","email8577@email.com","password8577","artist"
8578,"name8578","username8578","email8578@email.com","password8578","user"
8579,"name8579","username8579","email8579@email.com","password8579","user"
8580,"name8580","username8580","email8580@email.com","password8580","artist"
8581,"name8581","username8581","email8581@email.com","password8581","user"
8582,"name8582","username8582","email8582@email.com","password8582","user"
8583,"name8583","username8583","email8583@email.com","password8583","artist"
8584,"name8584","username8584","email8584@email.com","password8584","artist"
8585,"name8585","username8585","email8585@email.com","password8585","user"
8586,"name8586","username8586","email8586@email.com","password8586","artist"
8587,"name8587","username8587","email8587@email.com","password8587","user"
8588,"name8588","username8588","email8588@email.com","password8588","artist"
8589,"name8589","username8589","email8589@email.com","password8589","user"
8590,"name8590","username8590","email8590@email.com","password8590","artist"
8591,"name8591","username8591","email8591@email.com","password8591","artist"
8592,"name8592","username8592","email8592@email.com","password8592","artist"
8593,"name8593","username8593","email8593@email.com","password8593","user"
8594,"name8594","username8594","email8594@email.com","password8594","user"
8595,"name8595","username8595","email8595@email.com","password8595","user"
8596,"name8596","username8596","email8596@email.com","password8596","user"
8597,"name8597","username8597","email8597@email.com","password8597","user"
8598,"name8598","username8598","email8598@email.com","password8598","artist"
8599,"name8599","username8599","email8599@email.com","password8599","artist"
8600,"name8600","username8600","email8600@email.com","password8600","artist"
8601,"name8601","username8601","email8601@email.com","password8601","user"
8602,"name8602","username8602","email8602@email.com","password8602","user"
8603,"name8603","username8603","email8603@email.com","password8603","user"
8604,"name8604","username8604","email8604@email.com","password8604","artist"
8605,"name8605","username8605","email8605@email.com","password8605","artist"
8606,"name8606","username8606","email8606@email.com","password8606","artist"
8607,"name8607","username8607","email8607@email.com","password8607","user"
8608,"name8608","username8608","email8608@email.com","password8608","user"
8609,"name8609","username8609","email8609@email.com","password8609","user"
8610,"name8610","username8610","email8610@email.com","password8610","user"
8611,"name8611","username8611","email8611@email.com","password8611","artist"
8612,"name8612","username8612","email8612@email.com","password8612","user"
8613,"name8613","username8613","email8613@email.com","password8613","user"
8614,"name8614","username8614","email8614@email.com","password8614","artist"
8615,"name8615","username8615","email8615@email.com","password8615","artist"
8616,"name8616","username8616","email8616@email.com","password8616","user"
8617,"name8617","username8617","email8617@email.com","password8617","artist"
8618,"name8618","username8618","email8618@email.com","password8618","user"
8619,"name8619","username8619","email8619@email.com","password8619","artist"
8620,"name8620","username8620","email8620@email.com","password8620","user"
8621,"name8621","username8621","email8621@email.com","password8621","artist"
8622,"name8622","username8622","email8622@email.com","password8622","user"
8623,"name8623","username8623","email8623@email.com","password8623","artist"
8624,"name8624","username8624","email8624@email.com","password8624","user"
8625,"name8625","username8625","email8625@email.com","password8625","artist"
8626,"name8626","username8626","email8626@email.com","password8626","user"
8627,"name8627","username8627","email8627@email.com","password8627","user"
8628,"name8628","username8628","email8628@email.com","password8628","artist"
8629,"name8629","username8629","email8629@email.com","password8629","artist"
8630,"name8630","username8630","email8630@email.com","password8630","user"
8631,"name8631","username8631","email8631@email.com","password8631","artist"
8632,"name8632","username8632","email8632@email.com","password8632","user"
8633,"name8633","username8633","email8633@email.com","password8633","artist"
8634,"name8634","username8634","email8634@email.com","password8634","artist"
8635,"name8635","username8635","email8635@email.com","password8635","user"
8636,"name8636","username8636","email8636@email.com","password8636","user"
8637,"name8637","username8637","email8637@email.com","password8637","artist"
8638,"name8638","username8638","email8638@email.com","password8638","user"
8639,"name8639","username8639","email8639@email.com","password8639","user"
8640,"name8640","username8640","email8640@email.com","password8640","user"
8641,"name8641","username8641","email8641@email.com","password8641","artist"
8642,"name8642","username8642","email8642@email.com","password8642","artist"
8643,"name8643","username8643","email8643@email.com","password8643","artist"
8644,"name8644","username8644","email8644@email.com","password8644","artist"
8645,"name8645","username8645","email8645@email.com","password8645","artist"
8646,"name8646","username8646","email8646@email.com","password8646","user"
8647,"name8647","username8647","email8647@email.com","password8647","artist"
8648,"name8648","username8648","email8648@email.com","password8648","artist"
8649,"name8649","username8649","email8649@email.com","password8649","artist"
8650,"name8650","username8650","email8650@email.com","password8650","artist"
8651,"name8651","username8651","email8651@email.com","password8651","artist"
8652,"name8652","username8652","email8652@email.com","password8652","artist"
8653,"name8653","username8653","email8653@email.com","password8653","user"
8654,"name8654","username8654","email8654@email.com","password8654","artist"
8655,"name8655","username8655","email8655@email.com","password8655","artist"
8656,"name8656","username8656","email8656@email.com","password8656","user"
8657,"name8657","username8657","email8657@email.com","password8657","artist"
8658,"name8658","username8658","email8658@email.com","password8658","artist"
8659,"name8659","username8659","email8659@email.com","password8659","user"
8660,"name8660","username8660","email8660@email.com","password8660","artist"
8661,"name8661","username8661","email8661@email.com","password8661","user"
8662,"name8662","username8662","email8662@email.com","password8662","user"
8663,"name8663","username8663","email8663@email.com","password8663","user"
8664,"name8664","username8664","email8664@email.com","password8664","artist"
8665,"name8665","username8665","email8665@email.com","password8665","artist"
8666,"name8666","username8666","email8666@email.com","password8666","user"
8667,"name8667","username8667","email8667@email.com","password8667","artist"
8668,"name8668","username8668","email8668@email.com","password8668","artist"
8669,"name8669","username8669","email8669@email.com","password8669","artist"
8670,"name8670","username8670","email8670@email.com","password8670","artist"
8671,"name8671","username8671","email8671@email.com","password8671","user"
8672,"name8672","username8672","email8672@email.com","password8672","user"
8673,"name8673","username8673","email8673@email.com","password8673","artist"
8674,"name8674","username8674","email8674@email.com","password8674","user"
8675,"name8675","username8675","email8675@email.com","password8675","user"
8676,"name8676","username8676","email8676@email.com","password8676","user"
8677,"name8677","username8677","email8677@email.com","password8677","artist"
8678,"name8678","username8678","email8678@email.com","password8678","user"
8679,"name8679","username8679","email8679@email.com","password8679","artist"
8680,"name8680","username8680","email8680@email.com","password8680","artist"
8681,"name8681","username8681","email8681@email.com","password8681","user"
8682,"name8682","username8682","email8682@email.com","password8682","user"
8683,"name8683","username8683","email8683@email.com","password8683","user"
8684,"name8684","username8684","email8684@email.com","password8684","user"
8685,"name8685","username8685","email8685@email.com","password8685","user"
8686,"name8686","username8686","email8686@email.com","password8686","artist"
8687,"name8687","username8687","email8687@email.com","password8687","user"
8688,"name8688","username8688","email8688@email.com","password8688","user"
8689,"name8689","username8689","email8689@email.com","password8689","user"
8690,"name8690","username8690","email8690@email.com","password8690","user"
8691,"name8691","username8691","email8691@email.com","password8691","user"
8692,"name8692","username8692","email8692@email.com","password8692","user"
8693,"name8693","username8693","email8693@email.com","password8693","artist"
8694,"name8694","username8694","email8694@email.com","password8694","artist"
8695,"name8695","username8695","email8695@email.com","password8695","user"
8696,"name8696","username8696","email8696@email.com","password8696","artist"
8697,"name8697","username8697","email8697@email.com","password8697","artist"
8698,"name8698","username8698","email8698@email.com","password8698","artist"
8699,"name8699","username8699","email8699@email.com","password8699","artist"
8700,"name8700","username8700","email8700@email.com","password8700","artist"
8701,"name8701","username8701","email8701@email.com","password8701","artist"
8702,"name8702","username8702","email8702@email.com","password8702","artist"
8703,"name8703","username8703","email8703@email.com","password8703","artist"
8704,"name8704","username8704","email8704@email.com","password8704","user"
8705,"name8705","username8705","email8705@email.com","password8705","user"
8706,"name8706","username8706","email8706@email.com","password8706","user"
8707,"name8707","username8707","email8707@email.com","password8707","user"
8708,"name8708","username8708","email8708@email.com","password8708","artist"
8709,"name8709","username8709","email8709@email.com","password8709","user"
8710,"name8710","username8710","email8710@email.com","password8710","artist"
8711,"name8711","username8711","email8711@email.com","password8711","artist"
8712,"name8712","username8712","email8712@email.com","password8712","user"
8713,"name8713","username8713","email8713@email.com","password8713","artist"
8714,"name8714","username8714","email8714@email.com","password8714","artist"
8715,"name8715","username8715","email8715@email.com","password8715","user"
8716,"name8716","username8716","email8716@email.com","password8716","user"
8717,"name8717","username8717","email8717@email.com","password8717","user"
8718,"name8718","username8718","email8718@email.com","password8718","artist"
8719,"name8719","username8719","email8719@email.com","password8719","user"
8720,"name8720","username8720","email8720@email.com","password8720","artist"
8721,"name8721","username8721","email8721@email.com","password8721","artist"
8722,"name8722","username8722","email8722@email.com","password8722","user"
8723,"name8723","username8723","email8723@email.com","password8723","user"
8724,"name8724","username8724","email8724@email.com","password8724","user"
8725,"name8725","username8725","email8725@email.com","password8725","user"
8726,"name8726","username8726","email8726@email.com","password8726","artist"
8727,"name8727","username8727","email8727@email.com","password8727","artist"
8728,"name8728","username8728","email8728@email.com","password8728","artist"
8729,"name8729","username8729","email8729@email.com","password8729","user"
8730,"name8730","username8730","email8730@email.com","password8730","user"
8731,"name8731","username8731","email8731@email.com","password8731","user"
8732,"name8732","username8732","email8732@email.com","password8732","user"
8733,"name8733","username8733","email8733@email.com","password8733","user"
8734,"name8734","username8734","email8734@email.com","password8734","artist"
8735,"name8735","username8735","email8735@email.com","password8735","user"
8736,"name8736","username8736","email8736@email.com","password8736","user"
8737,"name8737","username8737","email8737@email.com","password8737","artist"
8738,"name8738","username8738","email8738@email.com","password8738","user"
8739,"name8739","username8739","email8739@email.com","password8739","artist"
8740,"name8740","username8740","email8740@email.com","password8740","artist"
8741,"name8741","username8741","email8741@email.com","password8741","user"
8742,"name8742","username8742","email8742@email.com","password8742","artist"
8743,"name8743","username8743","email8743@email.com","password8743","artist"
8744,"name8744","username8744","email8744@email.com","password8744","user"
8745,"name8745","username8745","email8745@email.com","password8745","user"
8746,"name8746","username8746","email8746@email.com","password8746","artist"
8747,"name8747","username8747","email8747@email.com","password8747","user"
8748,"name8748","username8748","email8748@email.com","password8748","user"
8749,"name8749","username8749","email8749@email.com","password8749","user"
8750,"name8750","username8750","email8750@email.com","password8750","artist"
8751,"name8751","username8751","email8751@email.com","password8751","user"
8752,"name8752","username8752","email8752@email.com","password8752","artist"
8753,"name8753","username8753","email8753@email.com","password8753","user"
8754,"name8754","username8754","email8754@email.com","password8754","artist"
8755,"name8755","username8755","email8755@email.com","password8755","artist"
8756,"name8756","username8756","email8756@email.com","password8756","artist"
8757,"name8757","username8757","email8757@email.com","password8757","artist"
8758,"name8758","username8758","email8758@email.com","password8758","artist"
8759,"name8759","username8759","email8759@email.com","password8759","artist"
8760,"name8760","username8760","email8760@email.com","password8760","artist"
8761,"name8761","username8761","email8761@email.com","password8761","artist"
8762,"name8762","username8762","email8762@email.com","password8762","artist"
8763,"name8763","username8763","email8763@email.com","password8763","user"
8764,"name8764","username8764","email8764@email.com","password8764","user"
8765,"name8765","username8765","email8765@email.com","password8765","artist"
8766,"name8766","username8766","email8766@email.com","password8766","user"
8767,"name8767","username8767","email8767@email.com","password8767","user"
8768,"name8768","username8768","email8768@email.com","password8768","user"
8769,"name8769","username8769","email8769@email.com","password8769","artist"
8770,"name8770","username8770","email8770@email.com","password8770","artist"
8771,"name8771","username8771","email8771@email.com","password8771","artist"
8772,"name8772","username8772","email8772@email.com","password8772","artist"
8773,"name8773","username8773","email8773@email.com","password8773","artist"
8774,"name8774","username8774","email8774@email.com","password8774","artist"
8775,"name8775","username8775","email8775@email.com","password8775","user"
8776,"name8776","username8776","email8776@email.com","password8776","user"
8777,"name8777","username8777","email8777@email.com","password8777","artist"
8778,"name8778","username8778","email8778@email.com","password8778","artist"
8779,"name8779","username8779","email8779@email.com","password8779","artist"
8780,"name8780","username8780","email8780@email.com","password8780","user"
8781,"name8781","username8781","email8781@email.com","password8781","artist"
8782,"name8782","username8782","email8782@email.com","password8782","user"
8783,"name8783","username8783","email8783@email.com","password8783","artist"
8784,"name8784","username8784","email8784@email.com","password8784","user"
8785,"name8785","username8785","email8785@email.com","password8785","artist"
8786,"name8786","username8786","email8786@email.com","password8786","user"
8787,"name8787","username8787","email8787@email.com","password8787","user"
8788,"name8788","username8788","email8788@email.com","password8788","artist"
8789,"name8789","username8789","email8789@email.com","password8789","artist"
8790,"name8790","username8790","email8790@email.com","password8790","user"
8791,"name8791","username8791","email8791@email.com","password8791","user"
8792,"name8792","username8792","email8792@email.com","password8792","user"
8793,"name8793","username8793","email8793@email.com","password8793","user"
8794,"name8794","username8794","email8794@email.com","password8794","artist"
8795,"name8795","username8795","email8795@email.com","password8795","artist"
8796,"name8796","username8796","email8796@email.com","password8796","user"
8797,"name8797","username8797","email8797@email.com","password8797","user"
8798,"name8798","username8798","email8798@email.com","password8798","user"
8799,"name8799","username8799","email8799@email.com","password8799","user"
8800,"name8800","username8800","email8800@email.com","password8800","artist"
8801,"name8801","username8801","email8801@email.com","password8801","user"
8802,"name8802","username8802","email8802@email.com","password8802","user"
8803,"name8803","username8803","email8803@email.com","password8803","artist"
8804,"name8804","username8804","email8804@email.com","password8804","user"
8805,"name8805","username8805","email8805@email.com","password8805","artist"
8806,"name8806","username8806","email8806@email.com","password8806","user"
8807,"name8807","username8807","email8807@email.com","password8807","user"
8808,"name8808","username8808","email8808@email.com","password8808","artist"
8809,"name8809","username8809","email8809@email.com","password8809","artist"
8810,"name8810","username8810","email8810@email.com","password8810","user"
8811,"name8811","username8811","email8811@email.com","password8811","user"
8812,"name8812","username8812","email8812@email.com","password8812","user"
8813,"name8813","username8813","email8813@email.com","password8813","artist"
8814,"name8814","username8814","email8814@email.com","password8814","user"
8815,"name8815","username8815","email8815@email.com","password8815","artist"
8816,"name8816","username8816","email8816@email.com","password8816","user"
8817,"name8817","username8817","email8817@email.com","password8817","artist"
8818,"name8818","username8818","email8818@email.com","password8818","user"
8819,"name8819","username8819","email8819@email.com","password8819","artist"
8820,"name8820","username8820","email8820@email.com","password8820","user"
8821,"name8821","username8821","email8821@email.com","password8821","artist"
8822,"name8822","username8822","email8822@email.com","password8822","user"
8823,"name8823","username8823","email8823@email.com","password8823","artist"
8824,"name8824","username8824","email8824@email.com","password8824","user"
8825,"name8825","username8825","email8825@email.com","password8825","user"
8826,"name8826","username8826","email8826@email.com","password8826","user"
8827,"name8827","username8827","email8827@email.com","password8827","user"
8828,"name8828","username8828","email8828@email.com","password8828","user"
8829,"name8829","username8829","email8829@email.com","password8829","user"
8830,"name8830","username8830","email8830@email.com","password8830","user"
8831,"name8831","username8831","email8831@email.com","password8831","user"
8832,"name8832","username8832","email8832@email.com","password8832","artist"
8833,"name8833","username8833","email8833@email.com","password8833","user"
8834,"name8834","username8834","email8834@email.com","password8834","user"
8835,"name8835","username8835","email8835@email.com","password8835","artist"
8836,"name8836","username8836","email8836@email.com","password8836","artist"
8837,"name8837","username8837","email8837@email.com","password8837","artist"
8838,"name8838","username8838","email8838@email.com","password8838","artist"
8839,"name8839","username8839","email8839@email.com","password8839","user"
8840,"name8840","username8840","email8840@email.com","password8840","artist"
8841,"name8841","username8841","email8841@email.com","password8841","user"
8842,"name8842","username8842","email8842@email.com","password8842","user"
8843,"name8843","username8843","email8843@email.com","password8843","user"
8844,"name8844","username8844","email8844@email.com","password8844","user"
8845,"name8845","username8845","email8845@email.com","password8845","user"
8846,"name8846","username8846","email8846@email.com","password8846","user"
8847,"name8847","username8847","email8847@email.com","password8847","artist"
8848,"name8848","username8848","email8848@email.com","password8848","user"
8849,"name8849","username8849","email8849@email.com","password8849","user"
8850,"name8850","username8850","email8850@email.com","password8850","artist"
8851,"name8851","username8851","email8851@email.com","password8851","user"
8852,"name8852","username8852","email8852@email.com","password8852","user"
8853,"name8853","username8853","email8853@email.com","password8853","user"
8854,"name8854","username8854","email8854@email.com","password8854","user"
8855,"name8855","username8855","email8855@email.com","password8855","artist"
8856,"name8856","username8856","email8856@email.com","password8856","user"
8857,"name8857","username8857","email8857@email.com","password8857","artist"
8858,"name8858","username8858","email8858@email.com","password8858","artist"
8859,"name8859","username8859","email8859@email.com","password8859","artist"
8860,"name8860","username8860","email8860@email.com","password8860","user"
8861,"name8861","username8861","email8861@email.com","password8861","artist"
8862,"name8862","username8862","email8862@email.com","password8862","artist"
8863,"name8863","username8863","email8863@email.com","password8863","user"
8864,"name8864","username8864","email8864@email.com","password8864","artist"
8865,"name8865","username8865","email8865@email.com","password8865","artist"
8866,"name8866","username8866","email8866@email.com","password8866","user"
8867,"name8867","username8867","email8867@email.com","password8867","artist"
8868,"name8868","username8868","email8868@email.com","password8868","user"
8869,"name8869","username8869","email8869@email.com","password8869","user"
8870,"name8870","username8870","email8870@email.com","password8870","user"
8871,"name8871","username8871","email8871@email.com","password8871","artist"
8872,"name8872","username8872","email8872@email.com","password8872","artist"
8873,"name8873","username8873","email8873@email.com","password8873","user"
8874,"name8874","username8874","email8874@email.com","password8874","artist"
8875,"name8875","username8875","email8875@email.com","password8875","user"
8876,"name8876","username8876","email8876@email.com","password8876","user"
8877,"name8877","username8877","email8877@email.com","password8877","user"
8878,"name8878","username8878","email8878@email.com","password8878","artist"
8879,"name8879","username8879","email8879@email.com","password8879","user"
8880,"name8880","username8880","email8880@email.com","password8880","user"
8881,"name8881","username8881","email8881@email.com","password8881","user"
8882,"name8882","username8882","email8882@email.com","password8882","artist"
8883,"name8883","username8883","email8883@email.com","password8883","user"
8884,"name8884","username8884","email8884@email.com","password8884","artist"
8885,"name8885","username8885","email8885@email.com","password8885","user"
8886,"name8886","username8886","email8886@email.com","password8886","user"
8887,"name8887","username8887","email8887@email.com","password8887","artist"
8888,"name8888","username8888","email8888@email.com","password8888","artist"
8889,"name8889","username8889","email8889@email.com","password8889","user"
8890,"name8890","username8890","email8890@email.com","password8890","user"
8891,"name8891","username8891","email8891@email.com","password8891","user"
8892,"name8892","username8892","email8892@email.com","password8892","artist"
8893,"name8893","username8893","email8893@email.com","password8893","artist"
8894,"name8894","username8894","email8894@email.com","password8894","user"
8895,"name8895","username8895","email8895@email.com","password8895","user"
8896,"name8896","username8896","email8896@email.com","password8896","user"
8897,"name8897","username8897","email8897@email.com","password8897","artist"
8898,"name8898","username8898","email8898@email.com","password8898","artist"
8899,"name8899","username8899","email8899@email.com","password8899","user"
8900,"name8900","username8900","email8900@email.com","password8900","artist"
8901,"name8901","username8901","email8901@email.com","password8901","user"
8902,"name8902","username8902","email8902@email.com","password8902","user"
8903,"name8903","username8903","email8903@email.com","password8903","artist"
8904,"name8904","username8904","email8904@email.com","password8904","user"
8905,"name8905","username8905","email8905@email.com","password8905","user"
8906,"name8906","username8906","email8906@email.com","password8906","artist"
8907,"name8907","username8907","email8907@email.com","password8907","artist"
8908,"name8908","username8908","email8908@email.com","password8908","artist"
8909,"name8909","username8909","email8909@email.com","password8909","user"
8910,"name8910","username8910","email8910@email.com","password8910","artist"
8911,"name8911","username8911","email8911@email.com","password8911","user"
8912,"name8912","username8912","email8912@email.com","password8912","user"
8913,"name8913","username8913","email8913@email.com","password8913","artist"
8914,"name8914","username8914","email8914@email.com","password8914","artist"
8915,"name8915","username8915","email8915@email.com","password8915","user"
8916,"name8916","username8916","email8916@email.com","password8916","artist"
8917,"name8917","username8917","email8917@email.com","password8917","artist"
8918,"name8918","username8918","email8918@email.com","password8918","artist"
8919,"name8919","username8919","email8919@email.com","password8919","user"
8920,"name8920","username8920","email8920@email.com","password8920","artist"
8921,"name8921","username8921","email8921@email.com","password8921","user"
8922,"name8922","username8922","email8922@email.com","password8922","artist"
8923,"name8923","username8923","email8923@email.com","password8923","artist"
8924,"name8924","username8924","email8924@email.com","password8924","user"
8925,"name8925","username8925","email8925@email.com","password8925","artist"
8926,"name8926","username8926","email8926@email.com","password8926","artist"
8927,"name8927","username8927","email8927@email.com","password8927","user"
8928,"name8928","username8928","email8928@email.com","password8928","user"
8929,"name8929","username8929","email8929@email.com","password8929","artist"
8930,"name8930","username8930","email8930@email.com","password8930","artist"
8931,"name8931","username8931","email8931@email.com","password8931","user"
8932,"name8932","username8932","email8932@email.com","password8932","artist"
8933,"name8933","username8933","email8933@email.com","password8933","artist"
8934,"name8934","username8934","email8934@email.com","password8934","artist"
8935,"name8935","username8935","email8935@email.com","password8935","artist"
8936,"name8936","username8936","email8936@email.com","password8936","artist"
8937,"name8937","username8937","email8937@email.com","password8937","artist"
8938,"name8938","username8938","email8938@email.com","password8938","user"
8939,"name8939","username8939","email8939@email.com","password8939","artist"
8940,"name8940","username8940","email8940@email.com","password8940","artist"
8941,"name8941","username8941","email8941@email.com","password8941","artist"
8942,"name8942","username8942","email8942@email.com","password8942","artist"
8943,"name8943","username8943","email8943@email.com","password8943","artist"
8944,"name8944","username8944","email8944@email.com","password8944","artist"
8945,"name8945","username8945","email8945@email.com","password8945","user"
8946,"name8946","username8946","email8946@email.com","password8946","user"
8947,"name8947","username8947","email8947@email.com","password8947","artist"
8948,"name8948","username8948","email8948@email.com","password8948","user"
8949,"name8949","username8949","email8949@email.com","password8949","artist"
8950,"name8950","username8950","email8950@email.com","password8950","user"
8951,"name8951","username8951","email8951@email.com","password8951","artist"
8952,"name8952","username8952","email8952@email.com","password8952","user"
8953,"name8953","username8953","email8953@email.com","password8953","user"
8954,"name8954","username8954","email8954@email.com","password8954","user"
8955,"name8955","username8955","email8955@email.com","password8955","user"
8956,"name8956","username8956","email8956@email.com","password8956","artist"
8957,"name8957","username8957","email8957@email.com","password8957","user"
8958,"name8958","username8958","email8958@email.com","password8958","artist"
8959,"name8959","username8959","email8959@email.com","password8959","artist"
8960,"name8960","username8960","email8960@email.com","password8960","user"
8961,"name8961","username8961","email8961@email.com","password8961","user"
8962,"name8962","username8962","email8962@email.com","password8962","artist"
8963,"name8963","username8963","email8963@email.com","password8963","user"
8964,"name8964","username8964","email8964@email.com","password8964","artist"
8965,"name8965","username8965","email8965@email.com","password8965","user"
8966,"name8966","username8966","email8966@email.com","password8966","artist"
8967,"name8967","username8967","email8967@email.com","password8967","user"
8968,"name8968","username8968","email8968@email.com","password8968","artist"
8969,"name8969","username8969","email8969@email.com","password8969","artist"
8970,"name8970","username8970","email8970@email.com","password8970","user"
8971,"name8971","username8971","email8971@email.com","password8971","user"
8972,"name8972","username8972","email8972@email.com","password8972","artist"
8973,"name8973","username8973","email8973@email.com","password8973","user"
8974,"name8974","username8974","email8974@email.com","password8974","artist"
8975,"name8975","username8975","email8975@email.com","password8975","artist"
8976,"name8976","username8976","email8976@email.com","password8976","artist"
8977,"name8977","username8977","email8977@email.com","password8977","artist"
8978,"name8978","username8978","email8978@email.com","password8978","user"
8979,"name8979","username8979","email8979@email.com","password8979","user"
8980,"name8980","username8980","email8980@email.com","password8980","user"
8981,"name8981","username8981","email8981@email.com","password8981","user"
8982,"name8982","username8982","email8982@email.com","password8982","artist"
8983,"name8983","username8983","email8983@email.com","password8983","user"
8984,"name8984","username8984","email8984@email.com","password8984","artist"
8985,"name8985","username8985","email8985@email.com","password8985","artist"
8986,"name8986","username8986","email8986@email.com","password8986","artist"
8987,"name8987","username8987","email8987@email.com","password8987","artist"
8988,"name8988","username8988","email8988@email.com","password8988","user"
8989,"name8989","username8989","email8989@email.com","password8989","artist"
8990,"name8990","username8990","email8990@email.com","password8990","user"
8991,"name8991","username8991","email8991@email.com","password8991","artist"
8992,"name8992","username8992","email8992@email.com","password8992","user"
8993,"name8993","username8993","email8993@email.com","password8993","user"
8994,"name8994","username8994","email8994@email.com","password8994","user"
8995,"name8995","username8995","email8995@email.com","password8995","artist"
8996,"name8996","username8996","email8996@email.com","password8996","artist"
8997,"name8997","username8997","email8997@email.com","password8997","user"
8998,"name8998","username8998","email8998@email.com","password8998","user"
8999,"name8999","username8999","email8999@email.com","password8999","user"
9000,"name9000","username9000","email9000@email.com","password9000","user"
9001,"name9001","username9001","email9001@email.com","password9001","artist"
9002,"name9002","username9002","email9002@email.com","password9002","user"
9003,"name9003","username9003","email9003@email.com","password9003","user"
9004,"name9004","username9004","email9004@email.com","password9004","user"
9005,"name9005","username9005","email9005@email.com","password9005","artist"
9006,"name9006","username9006","email9006@email.com","password9006","user"
9007,"name9007","username9007","email9007@email.com","password9007","artist"
9008,"name9008","username9008","email9008@email.com","password9008","user"
9009,"name9009","username9009","email9009@email.com","password9009","artist"
9010,"name9010","username9010","email9010@email.com","password9010","artist"
9011,"name9011","username9011","email9011@email.com","password9011","user"
9012,"name9012","username9012","email9012@email.com","password9012","user"
9013,"name9013","username9013","email9013@email.com","password9013","user"
9014,"name9014","username9014","email9014@email.com","password9014","user"
9015,"name9015","username9015","email9015@email.com","password9015","artist"
9016,"name9016","username9016","email9016@email.com","password9016","artist"
9017,"name9017","username9017","email9017@email.com","password9017","artist"
9018,"name9018","username9018","email9018@email.com","password9018","user"
9019,"name9019","username9019","email9019@email.com","password9019","user"
9020,"name9020","username9020","email9020@email.com","password9020","artist"
9021,"name9021","username9021","email9021@email.com","password9021","user"
9022,"name9022","username9022","email9022@email.com","password9022","artist"
9023,"name9023","username9023","email9023@email.com","password9023","user"
9024,"name9024","username9024","email9024@email.com","password9024","user"
9025,"name9025","username9025","email9025@email.com","password9025","artist"
9026,"name9026","username9026","email9026@email.com","password9026","artist"
9027,"name9027","username9027","email9027@email.com","password9027","artist"
9028,"name9028","username9028","email9028@email.com","password9028","artist"
9029,"name9029","username9029","email9029@email.com","password9029","user"
9030,"name9030","username9030","email9030@email.com","password9030","artist"
9031,"name9031","username9031","email9031@email.com","password9031","user"
9032,"name9032","username9032","email9032@email.com","password9032","user"
9033,"name9033","username9033","email9033@email.com","password9033","user"
9034,"name9034","username9034","email9034@email.com","password9034","artist"
9035,"name9035","username9035","email9035@email.com","password9035","artist"
9036,"name9036","username9036","email9036@email.com","password9036","user"
9037,"name9037","username9037","email9037@email.com","password9037","artist"
9038,"name9038","username9038","email9038@email.com","password9038","user"
9039,"name9039","username9039","email9039@email.com","password9039","user"
9040,"name9040","username9040","email9040@email.com","password9040","user"
9041,"name9041","username9041","email9041@email.com","password9041","user"
9042,"name9042","username9042","email9042@email.com","password9042","user"
9043,"name9043","username9043","email9043@email.com","password9043","artist"
9044,"name9044","username9044","email9044@email.com","password9044","user"
9045,"name9045","username9045","email9045@email.com","password9045","artist"
9046,"name9046","username9046","email9046@email.com","password9046","artist"
9047,"name9047","username9047","email9047@email.com","password9047","user"
9048,"name9048","username9048","email9048@email.com","password9048","artist"
9049,"name9049","username9049","email9049@email.com","password9049","artist"
9050,"name9050","username9050","email9050@email.com","password9050","user"
9051,"name9051","username9051","email9051@email.com","password9051","artist"
9052,"name9052","username9052","email9052@email.com","password9052","artist"
9053,"name9053","username9053","email9053@email.com","password9053","user"
9054,"name9054","username9054","email9054@email.com","password9054","user"
9055,"name9055","username9055","email9055@email.com","password9055","user"
9056,"name9056","username9056","email9056@email.com","password9056","artist"
9057,"name9057","username9057","email9057@email.com","password9057","artist"
9058,"name9058","username9058","email9058@email.com","password9058","user"
9059,"name9059","username9059","email9059@email.com","password9059","user"
9060,"name9060","username9060","email9060@email.com","password9060","artist"
9061,"name9061","username9061","email9061@email.com","password9061","user"
9062,"name9062","username9062","email9062@email.com","password9062","user"
9063,"name9063","username9063","email9063@email.com","password9063","artist"
9064,"name9064","username9064","email9064@email.com","password9064","artist"
9065,"name9065","username9065","email9065@email.com","password9065","artist"
9066,"name9066","username9066","email9066@email.com","password9066","user"
9067,"name9067","username9067","email9067@email.com","password9067","artist"
9068,"name9068","username9068","email9068@email.com","password9068","artist"
9069,"name9069","username9069","email9069@email.com","password9069","user"
9070,"name9070","username9070","email9070@email.com","password9070","artist"
9071,"name9071","username9071","email9071@email.com","password9071","user"
9072,"name9072","username9072","email9072@email.com","password9072","artist"
9073,"name9073","username9073","email9073@email.com","password9073","artist"
9074,"name9074","username9074","email9074@email.com","password9074","artist"
9075,"name9075","username9075","email9075@email.com","password9075","artist"
9076,"name9076","username9076","email9076@email.com","password9076","user"
9077,"name9077","username9077","email9077@email.com","password9077","user"
9078,"name9078","username9078","email9078@email.com","password9078","user"
9079,"name9079","username9079","email9079@email.com","password9079","user"
9080,"name9080","username9080","email9080@email.com","password9080","user"
9081,"name9081","username9081","email9081@email.com","password9081","user"
9082,"name9082","username9082","email9082@email.com","password9082","artist"
9083,"name9083","username9083","email9083@email.com","password9083","user"
9084,"name9084","username9084","email9084@email.com","password9084","artist"
9085,"name9085","username9085","email9085@email.com","password9085","artist"
9086,"name9086","username9086","email9086@email.com","password9086","artist"
9087,"name9087","username9087","email9087@email.com","password9087","artist"
9088,"name9088","username9088","email9088@email.com","password9088","user"
9089,"name9089","username9089","email9089@email.com","password9089","user"
9090,"name9090","username9090","email9090@email.com","password9090","user"
9091,"name9091","username9091","email9091@email.com","password9091","user"
9092,"name9092","username9092","email9092@email.com","password9092","user"
9093,"name9093","username9093","email9093@email.com","password9093","user"
9094,"name9094","username9094","email9094@email.com","password9094","artist"
9095,"name9095","username9095","email9095@email.com","password9095","artist"
9096,"name9096","username9096","email9096@email.com","password9096","artist"
9097,"name9097","username9097","email9097@email.com","password9097","user"
9098,"name9098","username9098","email9098@email.com","password9098","artist"
9099,"name9099","username9099","email9099@email.com","password9099","artist"
9100,"name9100","username9100","email9100@email.com","password9100","artist"
9101,"name9101","username9101","email9101@email.com","password9101","artist"
9102,"name9102","username9102","email9102@email.com","password9102","user"
9103,"name9103","username9103","email9103@email.com","password9103","user"
9104,"name9104","username9104","email9104@email.com","password9104","user"
9105,"name9105","username9105","email9105@email.com","password9105","artist"
9106,"name9106","username9106","email9106@email.com","password9106","artist"
9107,"name9107","username9107","email9107@email.com","password9107","user"
9108,"name9108","username9108","email9108@email.com","password9108","artist"
9109,"name9109","username9109","email9109@email.com","password9109","user"
9110,"name9110","username9110","email9110@email.com","password9110","user"
9111,"name9111","username9111","email9111@email.com","password9111","user"
9112,"name9112","username9112","email9112@email.com","password9112","user"
9113,"name9113","username9113","email9113@email.com","password9113","user"
9114,"name9114","username9114","email9114@email.com","password9114","user"
9115,"name9115","username9115","email9115@email.com","password9115","artist"
9116,"name9116","username9116","email9116@email.com","password9116","artist"
9117,"name9117","username9117","email9117@email.com","password9117","user"
9118,"name9118","username9118","email9118@email.com","password9118","artist"
9119,"name9119","username9119","email9119@email.com","password9119","user"
9120,"name9120","username9120","email9120@email.com","password9120","user"
9121,"name9121","username9121","email9121@email.com","password9121","artist"
9122,"name9122","username9122","email9122@email.com","password9122","user"
9123,"name9123","username9123","email9123@email.com","password9123","artist"
9124,"name9124","username9124","email9124@email.com","password9124","artist"
9125,"name9125","username9125","email9125@email.com","password9125","user"
9126,"name9126","username9126","email9126@email.com","password9126","user"
9127,"name9127","username9127","email9127@email.com","password9127","artist"
9128,"name9128","username9128","email9128@email.com","password9128","user"
9129,"name9129","username9129","email9129@email.com","password9129","artist"
9130,"name9130","username9130","email9130@email.com","password9130","user"
9131,"name9131","username9131","email9131@email.com","password9131","user"
9132,"name9132","username9132","email9132@email.com","password9132","artist"
9133,"name9133","username9133","email9133@email.com","password9133","artist"
9134,"name9134","username9134","email9134@email.com","password9134","artist"
9135,"name9135","username9135","email9135@email.com","password9135","artist"
9136,"name9136","username9136","email9136@email.com","password9136","user"
9137,"name9137","username9137","email9137@email.com","password9137","user"
9138,"name9138","username9138","email9138@email.com","password9138","artist"
9139,"name9139","username9139","email9139@email.com","password9139","artist"
9140,"name9140","username9140","email9140@email.com","password9140","user"
9141,"name9141","username9141","email9141@email.com","password9141","user"
9142,"name9142","username9142","email9142@email.com","password9142","user"
9143,"name9143","username9143","email9143@email.com","password9143","user"
9144,"name9144","username9144","email9144@email.com","password9144","user"
9145,"name9145","username9145","email9145@email.com","password9145","artist"
9146,"name9146","username9146","email9146@email.com","password9146","artist"
9147,"name9147","username9147","email9147@email.com","password9147","artist"
9148,"name9148","username9148","email9148@email.com","password9148","user"
9149,"name9149","username9149","email9149@email.com","password9149","user"
9150,"name9150","username9150","email9150@email.com","password9150","artist"
9151,"name9151","username9151","email9151@email.com","password9151","artist"
9152,"name9152","username9152","email9152@email.com","password9152","user"
9153,"name9153","username9153","email9153@email.com","password9153","user"
9154,"name9154","username9154","email9154@email.com","password9154","artist"
9155,"name9155","username9155","email9155@email.com","password9155","artist"
9156,"name9156","username9156","email9156@email.com","password9156","artist"
9157,"name9157","username9157","email9157@email.com","password9157","user"
9158,"name9158","username9158","email9158@email.com","password9158","artist"
9159,"name9159","username9159","email9159@email.com","password9159","user"
9160,"name9160","username9160","email9160@email.com","password9160","artist"
9161,"name9161","username9161","email9161@email.com","password9161","user"
9162,"name9162","username9162","email9162@email.com","password9162","user"
9163,"name9163","username9163","email9163@email.com","password9163","user"
9164,"name9164","username9164","email9164@email.com","password9164","artist"
9165,"name9165","username9165","email9165@email.com","password9165","artist"
9166,"name9166","username9166","email9166@email.com","password9166","user"
9167,"name9167","username9167","email9167@email.com","password9167","user"
9168,"name9168","username9168","email9168@email.com","password9168","user"
9169,"name9169","username9169","email9169@email.com","password9169","artist"
9170,"name9170","username9170","email9170@email.com","password9170","user"
9171,"name9171","username9171","email9171@email.com","password9171","user"
9172,"name9172","username9172","email9172@email.com","password9172","artist"
9173,"name9173","username9173","email9173@email.com","password9173","user"
9174,"name9174","username9174","email9174@email.com","password9174","artist"
9175,"name9175","username9175","email9175@email.com","password9175","artist"
9176,"name9176","username9176","email9176@email.com","password9176","artist"
9177,"name9177","username9177","email9177@email.com","password9177","user"
9178,"name9178","username9178","email9178@email.com","password9178","artist"
9179,"name9179","username9179","email9179@email.com","password9179","artist"
9180,"name9180","username9180","email9180@email.com","password9180","artist"
9181,"name9181","username9181","email9181@email.com","password9181","user"
9182,"name9182","username9182","email9182@email.com","password9182","user"
9183,"name9183","username9183","email9183@email.com","password9183","user"
9184,"name9184","username9184","email9184@email.com","password9184","artist"
9185,"name9185","username9185","email9185@email.com","password9185","user"
9186,"name9186","username9186","email9186@email.com","password9186","artist"
9187,"name9187","username9187","email9187@email.com","password9187","artist"
9188,"name9188","username9188","email9188@email.com","password9188","user"
9189,"name9189","username9189","email9189@email.com","password9189","artist"
9190,"name9190","username9190","email9190@email.com","password9190","user"
9191,"name9191","username9191","email9191@email.com","password9191","user"
9192,"name9192","username9192","email9192@email.com","password9192","user"
9193,"name9193","username9193","email9193@email.com","password9193","user"
9194,"name9194","username9194","email9194@email.com","password9194","artist"
9195,"name9195","username9195","email9195@email.com","password9195","artist"
9196,"name9196","username9196","email9196@email.com","password9196","artist"
9197,"name9197","username9197","email9197@email.com","password9197","artist"
9198,"name9198","username9198","email9198@email.com","password9198","user"
9199,"name9199","username9199","email9199@email.com","password9199","user"
9200,"name9200","username9200","email9200@email.com","password9200","artist"
9201,"name9201","username9201","email9201@email.com","password9201","artist"
9202,"name9202","username9202","email9202@email.com","password9202","artist"
9203,"name9203","username9203","email9203@email.com","password9203","artist"
9204,"name9204","username9204","email9204@email.com","password9204","user"
9205,"name9205","username9205","email9205@email.com","password9205","artist"
9206,"name9206","username9206","email9206@email.com","password9206","user"
9207,"name9207","username9207","email9207@email.com","password9207","artist"
9208,"name9208","username9208","email9208@email.com","password9208","artist"
9209,"name9209","username9209","email9209@email.com","password9209","artist"
9210,"name9210","username9210","email9210@email.com","password9210","artist"
9211,"name9211","username9211","email9211@email.com","password9211","user"
9212,"name9212","username9212","email9212@email.com","password9212","user"
9213,"name9213","username9213","email9213@email.com","password9213","user"
9214,"name9214","username9214","email9214@email.com","password9214","artist"
9215,"name9215","username9215","email9215@email.com","password9215","artist"
9216,"name9216","username9216","email9216@email.com","password9216","artist"
9217,"name9217","username9217","email9217@email.com","password9217","user"
9218,"name9218","username9218","email9218@email.com","password9218","user"
9219,"name9219","username9219","email9219@email.com","password9219","artist"
9220,"name9220","username9220","email9220@email.com","password9220","user"
9221,"name9221","username9221","email9221@email.com","password9221","user"
9222,"name9222","username9222","email9222@email.com","password9222","artist"
9223,"name9223","username9223","email9223@email.com","password9223","artist"
9224,"name9224","username9224","email9224@email.com","password9224","artist"
9225,"name9225","username9225","email9225@email.com","password9225","artist"
9226,"name9226","username9226","email9226@email.com","password9226","user"
9227,"name9227","username9227","email9227@email.com","password9227","user"
9228,"name9228","username9228","email9228@email.com","password9228","artist"
9229,"name9229","username9229","email9229@email.com","password9229","artist"
9230,"name9230","username9230","email9230@email.com","password9230","user"
9231,"name9231","username9231","email9231@email.com","password9231","user"
9232,"name9232","username9232","email9232@email.com","password9232","user"
9233,"name9233","username9233","email9233@email.com","password9233","user"
9234,"name9234","username9234","email9234@email.com","password9234","user"
9235,"name9235","username9235","email9235@email.com","password9235","user"
9236,"name9236","username9236","email9236@email.com","password9236","user"
9237,"name9237","username9237","email9237@email.com","password9237","artist"
9238,"name9238","username9238","email9238@email.com","password9238","artist"
9239,"name9239","username9239","email9239@email.com","password9239","artist"
9240,"name9240","username9240","email9240@email.com","password9240","artist"
9241,"name9241","username9241","email9241@email.com","password9241","artist"
9242,"name9242","username9242","email9242@email.com","password9242","user"
9243,"name9243","username9243","email9243@email.com","password9243","artist"
9244,"name9244","username9244","email9244@email.com","password9244","artist"
9245,"name9245","username9245","email9245@email.com","password9245","artist"
9246,"name9246","username9246","email9246@email.com","password9246","artist"
9247,"name9247","username9247","email9247@email.com","password9247","artist"
9248,"name9248","username9248","email9248@email.com","password9248","user"
9249,"name9249","username9249","email9249@email.com","password9249","user"
9250,"name9250","username9250","email9250@email.com","password9250","user"
9251,"name9251","username9251","email9251@email.com","password9251","user"
9252,"name9252","username9252","email9252@email.com","password9252","artist"
9253,"name9253","username9253","email9253@email.com","password9253","user"
9254,"name9254","username9254","email9254@email.com","password9254","user"
9255,"name9255","username9255","email9255@email.com","password9255","user"
9256,"name9256","username9256","email9256@email.com","password9256","artist"
9257,"name9257","username9257","email9257@email.com","password9257","user"
9258,"name9258","username9258","email9258@email.com","password9258","artist"
9259,"name9259","username9259","email9259@email.com","password9259","user"
9260,"name9260","username9260","email9260@email.com","password9260","artist"
9261,"name9261","username9261","email9261@email.com","password9261","user"
9262,"name9262","username9262","email9262@email.com","password9262","user"
9263,"name9263","username9263","email9263@email.com","password9263","user"
9264,"name9264","username9264","email9264@email.com","password9264","artist"
9265,"name9265","username9265","email9265@email.com","password9265","artist"
9266,"name9266","username9266","email9266@email.com","password9266","user"
9267,"name9267","username9267","email9267@email.com","password9267","artist"
9268,"name9268","username9268","email9268@email.com","password9268","user"
9269,"name9269","username9269","email9269@email.com","password9269","user"
9270,"name9270","username9270","email9270@email.com","password9270","user"
9271,"name9271","username9271","email9271@email.com","password9271","artist"
9272,"name9272","username9272","email9272@email.com","password9272","user"
9273,"name9273","username9273","email9273@email.com","password9273","user"
9274,"name9274","username9274","email9274@email.com","password9274","artist"
9275,"name9275","username9275","email9275@email.com","password9275","artist"
9276,"name9276","username9276","email9276@email.com","password9276","artist"
9277,"name9277","username9277","email9277@email.com","password9277","user"
9278,"name9278","username9278","email9278@email.com","password9278","user"
9279,"name9279","username9279","email9279@email.com","password9279","user"
9280,"name9280","username9280","email9280@email.com","password9280","user"
9281,"name9281","username9281","email9281@email.com","password9281","artist"
9282,"name9282","username9282","email9282@email.com","password9282","artist"
9283,"name9283","username9283","email9283@email.com","password9283","user"
9284,"name9284","username9284","email9284@email.com","password9284","user"
9285,"name9285","username9285","email9285@email.com","password9285","artist"
9286,"name9286","username9286","email9286@email.com","password9286","artist"
9287,"name9287","username9287","email9287@email.com","password9287","artist"
9288,"name9288","username9288","email9288@email.com","password9288","artist"
9289,"name9289","username9289","email9289@email.com","password9289","user"
9290,"name9290","username9290","email9290@email.com","password9290","user"
9291,"name9291","username9291","email9291@email.com","password9291","artist"
9292,"name9292","username9292","email9292@email.com","password9292","artist"
9293,"name9293","username9293","email9293@email.com","password9293","user"
9294,"name9294","username9294","email9294@email.com","password9294","artist"
9295,"name9295","username9295","email9295@email.com","password9295","user"
9296,"name9296","username9296","email9296@email.com","password9296","user"
9297,"name9297","username9297","email9297@email.com","password9297","user"
9298,"name9298","username9298","email9298@email.com","password9298","user"
9299,"name9299","username9299","email9299@email.com","password9299","artist"
9300,"name9300","username9300","email9300@email.com","password9300","artist"
9301,"name9301","username9301","email9301@email.com","password9301","artist"
9302,"name9302","username9302","email9302@email.com","password9302","artist"
9303,"name9303","username9303","email9303@email.com","password9303","artist"
9304,"name9304","username9304","email9304@email.com","password9304","artist"
9305,"name9305","username9305","email9305@email.com","password9305","artist"
9306,"name9306","username9306","email9306@email.com","password9306","artist"
9307,"name9307","username9307","email9307@email.com","password9307","artist"
9308,"name9308","username9308","email9308@email.com","password9308","artist"
9309,"name9309","username9309","email9309@email.com","password9309","artist"
9310,"name9310","username9310","email9310@email.com","password9310","user"
9311,"name9311","username9311","email9311@email.com","password9311","artist"
9312,"name9312","username9312","email9312@email.com","password9312","user"
9313,"name9313","username9313","email9313@email.com","password9313","artist"
9314,"name9314","username9314","email9314@email.com","password9314","user"
9315,"name9315","username9315","email9315@email.com","password9315","artist"
9316,"name9316","username9316","email9316@email.com","password9316","artist"
9317,"name9317","username9317","email9317@email.com","password9317","artist"
9318,"name9318","username9318","email9318@email.com","password9318","user"
9319,"name9319","username9319","email9319@email.com","password9319","user"
9320,"name9320","username9320","email9320@email.com","password9320","user"
9321,"name9321","username9321","email9321@email.com","password9321","artist"
9322,"name9322","username9322","email9322@email.com","password9322","artist"
9323,"name9323","username9323","email9323@email.com","password9323","user"
9324,"name9324","username9324","email9324@email.com","password9324","user"
9325,"name9325","username9325","email9325@email.com","password9325","artist"
9326,"name9326","username9326","email9326@email.com","password9326","artist"
9327,"name9327","username9327","email9327@email.com","password9327","user"
9328,"name9328","username9328","email9328@email.com","password9328","user"
9329,"name9329","username9329","email9329@email.com","password9329","user"
9330,"name9330","username9330","email9330@email.com","password9330","artist"
9331,"name9331","username9331","email9331@email.com","password9331","artist"
9332,"name9332","username9332","email9332@email.com","password9332","user"
9333,"name9333","username9333","email9333@email.com","password9333","user"
9334,"name9334","username9334","email9334@email.com","password9334","user"
9335,"name9335","username9335","email9335@email.com","password9335","user"
9336,"name9336","username9336","email9336@email.com","password9336","user"
9337,"name9337","username9337","email9337@email.com","password9337","artist"
9338,"name9338","username9338","email9338@email.com","password9338","artist"
9339,"name9339","username9339","email9339@email.com","password9339","artist"
9340,"name9340","username9340","email9340@email.com","password9340","artist"
9341,"name9341","username9341","email9341@email.com","password9341","user"
9342,"name9342","username9342","email9342@email.com","password9342","user"
9343,"name9343","username9343","email9343@email.com","password9343","user"
9344,"name9344","username9344","email9344@email.com","password9344","user"
9345,"name9345","username9345","email9345@email.com","password9345","artist"
9346,"name9346","username9346","email9346@email.com","password9346","user"
9347,"name9347","username9347","email9347@email.com","password9347","artist"
9348,"name9348","username9348","email9348@email.com","password9348","user"
9349,"name9349","username9349","email9349@email.com","password9349","artist"
9350,"name9350","username9350","email9350@email.com","password9350","artist"
9351,"name9351","username9351","email9351@email.com","password9351","artist"
9352,"name9352","username9352","email9352@email.com","password9352","artist"
9353,"name9353","username9353","email9353@email.com","password9353","artist"
9354,"name9354","username9354","email9354@email.com","password9354","artist"
9355,"name9355","username9355","email9355@email.com","password9355","user"
9356,"name9356","username9356","email9356@email.com","password9356","user"
9357,"name9357","username9357","email9357@email.com","password9357","artist"
9358,"name9358","username9358","email9358@email.com","password9358","user"
9359,"name9359","username9359","email9359@email.com","password9359","artist"
9360,"name9360","username9360","email9360@email.com","password9360","user"
9361,"name9361","username9361","email9361@email.com","password9361","user"
9362,"name9362","username9362","email9362@email.com","password9362","artist"
9363,"name9363","username9363","email9363@email.com","password9363","artist"
9364,"name9364","username9364","email9364@email.com","password9364","user"
9365,"name9365","username9365","email9365@email.com","password9365","artist"
9366,"name9366","username9366","email9366@email.com","password9366","user"
9367,"name9367","username9367","email9367@email.com","password9367","user"
9368,"name9368","username9368","email9368@email.com","password9368","artist"
9369,"name9369","username9369","email9369@email.com","password9369","artist"
9370,"name9370","username9370","email9370@email.com","password9370","artist"
9371,"name9371","username9371","email9371@email.com","password9371","artist"
9372,"name9372","username9372","email9372@email.com","password9372","user"
9373,"name9373","username9373","email9373@email.com","password9373","artist"
9374,"name9374","username9374","email9374@email.com","password9374","user"
9375,"name9375","username9375","email9375@email.com","password9375","artist"
9376,"name9376","username9376","email9376@email.com","password9376","user"
9377,"name9377","username9377","email9377@email.com","password9377","user"
9378,"name9378","username9378","email9378@email.com","password9378","user"
9379,"name9379","username9379","email9379@email.com","password9379","user"
9380,"name9380","username9380","email9380@email.com","password9380","user"
9381,"name9381","username9381","email9381@email.com","password9381","artist"
9382,"name9382","username9382","email9382@email.com","password9382","user"
9383,"name9383","username9383","email9383@email.com","password9383","user"
9384,"name9384","username9384","email9384@email.com","password9384","user"
9385,"name9385","username9385","email9385@email.com","password9385","artist"
9386,"name9386","username9386","email9386@email.com","password9386","artist"
9387,"name9387","username9387","email9387@email.com","password9387","artist"
9388,"name9388","username9388","email9388@email.com","password9388","user"
9389,"name9389","username9389","email9389@email.com","password9389","user"
9390,"name9390","username9390","email9390@email.com","password9390","artist"
9391,"name9391","username9391","email9391@email.com","password9391","artist"
9392,"name9392","username9392","email9392@email.com","password9392","artist"
9393,"name9393","username9393","email9393@email.com","password9393","artist"
9394,"name9394","username9394","email9394@email.com","password9394","artist"
9395,"name9395","username9395","email9395@email.com","password9395","user"
9396,"name9396","username9396","email9396@email.com","password9396","artist"
9397,"name9397","username9397","email9397@email.com","password9397","user"
9398,"name9398","username9398","email9398@email.com","password9398","user"
9399,"name9399","username9399","email9399@email.com","password9399","artist"
9400,"name9400","username9400","email9400@email.com","password9400","user"
9401,"name9401","username9401","email9401@email.com","password9401","artist"
9402,"name9402","username9402","email9402@email.com","password9402","user"
9403,"name9403","username9403","email9403@email.com","password9403","artist"
9404,"name9404","username9404","email9404@email.com","password9404","artist"
9405,"name9405","username9405","email9405@email.com","password9405","artist"
9406,"name9406","username9406","email9406@email.com","password9406","user"
9407,"name9407","username9407","email9407@email.com","password9407","user"
9408,"name9408","username9408","email9408@email.com","password9408","user"
9409,"name9409","username9409","email9409@email.com","password9409","user"
9410,"name9410","username9410","email9410@email.com","password9410","user"
9411,"name9411","username9411","email9411@email.com","password9411","artist"
9412,"name9412","username9412","email9412@email.com","password9412","artist"
9413,"name9413","username9413","email9413@email.com","password9413","user"
9414,"name9414","username9414","email9414@email.com","password9414","artist"
9415,"name9415","username9415","email9415@email.com","password9415","user"
9416,"name9416","username9416","email9416@email.com","password9416","artist"
9417,"name9417","username9417","email9417@email.com","password9417","user"
9418,"name9418","username9418","email9418@email.com","password9418","artist"
9419,"name9419","username9419","email9419@email.com","password9419","artist"
9420,"name9420","username9420","email9420@email.com","password9420","artist"
9421,"name9421","username9421","email9421@email.com","password9421","artist"
9422,"name9422","username9422","email9422@email.com","password9422","artist"
9423,"name9423","username9423","email9423@email.com","password9423","user"
9424,"name9424","username9424","email9424@email.com","password9424","user"
9425,"name9425","username9425","email9425@email.com","password9425","user"
9426,"name9426","username9426","email9426@email.com","password9426","artist"
9427,"name9427","username9427","email9427@email.com","password9427","artist"
9428,"name9428","username9428","email9428@email.com","password9428","artist"
9429,"name9429","username9429","email9429@email.com","password9429","artist"
9430,"name9430","username9430","email9430@email.com","password9430","user"
9431,"name9431","username9431","email9431@email.com","password9431","user"
9432,"name9432","username9432","email9432@email.com","password9432","artist"
9433,"name9433","username9433","email9433@email.com","password9433","artist"
9434,"name9434","username9434","email9434@email.com","password9434","artist"
9435,"name9435","username9435","email9435@email.com","password9435","user"
9436,"name9436","username9436","email9436@email.com","password9436","user"
9437,"name9437","username9437","email9437@email.com","password9437","user"
9438,"name9438","username9438","email9438@email.com","password9438","artist"
9439,"name9439","username9439","email9439@email.com","password9439","artist"
9440,"name9440","username9440","email9440@email.com","password9440","user"
9441,"name9441","username9441","email9441@email.com","password9441","user"
9442,"name9442","username9442","email9442@email.com","password9442","artist"
9443,"name9443","username9443","email9443@email.com","password9443","user"
9444,"name9444","username9444","email9444@email.com","password9444","user"
9445,"name9445","username9445","email9445@email.com","password9445","user"
9446,"name9446","username9446","email9446@email.com","password9446","user"
9447,"name9447","username9447","email9447@email.com","password9447","user"
9448,"name9448","username9448","email9448@email.com","password9448","user"
9449,"name9449","username9449","email9449@email.com","password9449","user"
9450,"name9450","username9450","email9450@email.com","password9450","artist"
9451,"name9451","username9451","email9451@email.com","password9451","artist"
9452,"name9452","username9452","email9452@email.com","password9452","artist"
9453,"name9453","username9453","email9453@email.com","password9453","artist"
9454,"name9454","username9454","email9454@email.com","password9454","user"
9455,"name9455","username9455","email9455@email.com","password9455","artist"
9456,"name9456","username9456","email9456@email.com","password9456","artist"
9457,"name9457","username9457","email9457@email.com","password9457","artist"
9458,"name9458","username9458","email9458@email.com","password9458","user"
9459,"name9459","username9459","email9459@email.com","password9459","user"
9460,"name9460","username9460","email9460@email.com","password9460","user"
9461,"name9461","username9461","email9461@email.com","password9461","user"
9462,"name9462","username9462","email9462@email.com","password9462","user"
9463,"name9463","username9463","email9463@email.com","password9463","artist"
9464,"name9464","username9464","email9464@email.com","password9464","artist"
9465,"name9465","username9465","email9465@email.com","password9465","user"
9466,"name9466","username9466","email9466@email.com","password9466","user"
9467,"name9467","username9467","email9467@email.com","password9467","artist"
9468,"name9468","username9468","email9468@email.com","password9468","artist"
9469,"name9469","username9469","email9469@email.com","password9469","user"
9470,"name9470","username9470","email9470@email.com","password9470","artist"
9471,"name9471","username9471","email9471@email.com","password9471","user"
9472,"name9472","username9472","email9472@email.com","password9472","user"
9473,"name9473","username9473","email9473@email.com","password9473","user"
9474,"name9474","username9474","email9474@email.com","password9474","user"
9475,"name9475","username9475","email9475@email.com","password9475","user"
9476,"name9476","username9476","email9476@email.com","password9476","artist"
9477,"name9477","username9477","email9477@email.com","password9477","user"
9478,"name9478","username9478","email9478@email.com","password9478","user"
9479,"name9479","username9479","email9479@email.com","password9479","artist"
9480,"name9480","username9480","email9480@email.com","password9480","user"
9481,"name9481","username9481","email9481@email.com","password9481","user"
9482,"name9482","username9482","email9482@email.com","password9482","artist"
9483,"name9483","username9483","email9483@email.com","password9483","user"
9484,"name9484","username9484","email9484@email.com","password9484","user"
9485,"name9485","username9485","email9485@email.com","password9485","artist"
9486,"name9486","username9486","email9486@email.com","password9486","artist"
9487,"name9487","username9487","email9487@email.com","password9487","artist"
9488,"name9488","username9488","email9488@email.com","password9488","artist"
9489,"name9489","username9489","email9489@email.com","password9489","user"
9490,"name9490","username9490","email9490@email.com","password9490","user"
9491,"name9491","username9491","email9491@email.com","password9491","user"
9492,"name9492","username9492","email9492@email.com","password9492","user"
9493,"name9493","username9493","email9493@email.com","password9493","artist"
9494,"name9494","username9494","email9494@email.com","password9494","user"
9495,"name9495","username9495","email9495@email.com","password9495","user"
9496,"name9496","username9496","email9496@email.com","password9496","user"
9497,"name9497","username9497","email9497@email.com","password9497","artist"
9498,"name9498","username9498","email9498@email.com","password9498","user"
9499,"name9499","username9499","email9499@email.com","password9499","artist"
9500,"name9500","username9500","email9500@email.com","password9500","artist"
9501,"name9501","username9501","email9501@email.com","password9501","artist"
9502,"name9502","username9502","email9502@email.com","password9502","user"
9503,"name9503","username9503","email9503@email.com","password9503","user"
9504,"name9504","username9504","email9504@email.com","password9504","user"
9505,"name9505","username9505","email9505@email.com","password9505","user"
9506,"name9506","username9506","email9506@email.com","password9506","artist"
9507,"name9507","username9507","email9507@email.com","password9507","user"
9508,"name9508","username9508","email9508@email.com","password9508","artist"
9509,"name9509","username9509","email9509@email.com","password9509","artist"
9510,"name9510","username9510","email9510@email.com","password9510","user"
9511,"name9511","username9511","email9511@email.com","password9511","artist"
9512,"name9512","username9512","email9512@email.com","password9512","user"
9513,"name9513","username9513","email9513@email.com","password9513","artist"
9514,"name9514","username9514","email9514@email.com","password9514","user"
9515,"name9515","username9515","email9515@email.com","password9515","artist"
9516,"name9516","username9516","email9516@email.com","password9516","user"
9517,"name9517","username9517","email9517@email.com","password9517","artist"
9518,"name9518","username9518","email9518@email.com","password9518","user"
9519,"name9519","username9519","email9519@email.com","password9519","user"
9520,"name9520","username9520","email9520@email.com","password9520","artist"
9521,"name9521","username9521","email9521@email.com","password9521","artist"
9522,"name9522","username9522","email9522@email.com","password9522","user"
9523,"name9523","username9523","email9523@email.com","password9523","user"
9524,"name9524","username9524","email9524@email.com","password9524","user"
9525,"name9525","username9525","email9525@email.com","password9525","user"
9526,"name9526","username9526","email9526@email.com","password9526","artist"
9527,"name9527","username9527","email9527@email.com","password9527","artist"
9528,"name9528","username9528","email9528@email.com","password9528","user"
9529,"name9529","username9529","email9529@email.com","password9529","user"
9530,"name9530","username9530","email9530@email.com","password9530","user"
9531,"name9531","username9531","email9531@email.com","password9531","user"
9532,"name9532","username9532","email9532@email.com","password9532","artist"
9533,"name9533","username9533","email9533@email.com","password9533","artist"
9534,"name9534","username9534","email9534@email.com","password9534","user"
9535,"name9535","username9535","email9535@email.com","password9535","artist"
9536,"name9536","username9536","email9536@email.com","password9536","user"
9537,"name9537","username9537","email9537@email.com","password9537","user"
9538,"name9538","username9538","email9538@email.com","password9538","user"
9539,"name9539","username9539","email9539@email.com","password9539","artist"
9540,"name9540","username9540","email9540@email.com","password9540","artist"
9541,"name9541","username9541","email9541@email.com","password9541","user"
9542,"name9542","username9542","email9542@email.com","password9542","artist"
9543,"name9543","username9543","email9543@email.com","password9543","user"
9544,"name9544","username9544","email9544@email.com","password9544","user"
9545,"name9545","username9545","email9545@email.com","password9545","user"
9546,"name9546","username9546","email9546@email.com","password9546","artist"
9547,"name9547","username9547","email9547@email.com","password9547","artist"
9548,"name9548","username9548","email9548@email.com","password9548","artist"
9549,"name9549","username9549","email9549@email.com","password9549","artist"
9550,"name9550","username9550","email9550@email.com","password9550","artist"
9551,"name9551","username9551","email9551@email.com","password9551","artist"
9552,"name9552","username9552","email9552@email.com","password9552","user"
9553,"name9553","username9553","email9553@email.com","password9553","user"
9554,"name9554","username9554","email9554@email.com","password9554","artist"
9555,"name9555","username9555","email9555@email.com","password9555","artist"
9556,"name9556","username9556","email9556@email.com","password9556","user"
9557,"name9557","username9557","email9557@email.com","password9557","artist"
9558,"name9558","username9558","email9558@email.com","password9558","user"
9559,"name9559","username9559","email9559@email.com","password9559","artist"
9560,"name9560","username9560","email9560@email.com","password9560","user"
9561,"name9561","username9561","email9561@email.com","password9561","user"
9562,"name9562","username9562","email9562@email.com","password9562","user"
9563,"name9563","username9563","email9563@email.com","password9563","user"
9564,"name9564","username9564","email9564@email.com","password9564","artist"
9565,"name9565","username9565","email9565@email.com","password9565","artist"
9566,"name9566","username9566","email9566@email.com","password9566","user"
9567,"name9567","username9567","email9567@email.com","password9567","user"
9568,"name9568","username9568","email9568@email.com","password9568","artist"
9569,"name9569","username9569","email9569@email.com","password9569","user"
9570,"name9570","username9570","email9570@email.com","password9570","user"
9571,"name9571","username9571","email9571@email.com","password9571","user"
9572,"name9572","username9572","email9572@email.com","password9572","artist"
9573,"name9573","username9573","email9573@email.com","password9573","artist"
9574,"name9574","username9574","email9574@email.com","password9574","user"
9575,"name9575","username9575","email9575@email.com","password9575","user"
9576,"name9576","username9576","email9576@email.com","password9576","user"
9577,"name9577","username9577","email9577@email.com","password9577","artist"
9578,"name9578","username9578","email9578@email.com","password9578","artist"
9579,"name9579","username9579","email9579@email.com","password9579","user"
9580,"name9580","username9580","email9580@email.com","password9580","user"
9581,"name9581","username9581","email9581@email.com","password9581","user"
9582,"name9582","username9582","email9582@email.com","password9582","artist"
9583,"name9583","username9583","email9583@email.com","password9583","user"
9584,"name9584","username9584","email9584@email.com","password9584","artist"
9585,"name9585","username9585","email9585@email.com","password9585","user"
9586,"name9586","username9586","email9586@email.com","password9586","user"
9587,"name9587","username9587","email9587@email.com","password9587","user"
9588,"name9588","username9588","email9588@email.com","password9588","user"
9589,"name9589","username9589","email9589@email.com","password9589","artist"
9590,"name9590","username9590","email9590@email.com","password9590","artist"
9591,"name9591","username9591","email9591@email.com","password9591","artist"
9592,"name9592","username9592","email9592@email.com","password9592","artist"
9593,"name9593","username9593","email9593@email.com","password9593","user"
9594,"name9594","username9594","email9594@email.com","password9594","user"
9595,"name9595","username9595","email9595@email.com","password9595","user"
9596,"name9596","username9596","email9596@email.com","password9596","artist"
9597,"name9597","username9597","email9597@email.com","password9597","user"
9598,"name9598","username9598","email9598@email.com","password9598","artist"
9599,"name9599","username9599","email9599@email.com","password9599","artist"
9600,"name9600","username9600","email9600@email.com","password9600","artist"
9601,"name9601","username9601","email9601@email.com","password9601","user"
9602,"name9602","username9602","email9602@email.com","password9602","artist"
9603,"name9603","username9603","email9603@email.com","password9603","user"
9604,"name9604","username9604","email9604@email.com","password9604","artist"
9605,"name9605","username9605","email9605@email.com","password9605","user"
9606,"name9606","username9606","email9606@email.com","password9606","artist"
9607,"name9607","username9607","email9607@email.com","password9607","user"
9608,"name9608","username9608","email9608@email.com","password9608","user"
9609,"name9609","username9609","email9609@email.com","password9609","artist"
9610,"name9610","username9610","email9610@email.com","password9610","user"
9611,"name9611","username9611","email9611@email.com","password9611","user"
9612,"name9612","username9612","email9612@email.com","password9612","user"
9613,"name9613","username9613","email9613@email.com","password9613","artist"
9614,"name9614","username9614","email9614@email.com","password9614","artist"
9615,"name9615","username9615","email9615@email.com","password9615","user"
9616,"name9616","username9616","email9616@email.com","password9616","artist"
9617,"name9617","username9617","email9617@email.com","password9617","artist"
9618,"name9618","username9618","email9618@email.com","password9618","artist"
9619,"name9619","username9619","email9619@email.com","password9619","user"
9620,"name9620","username9620","email9620@email.com","password9620","artist"
9621,"name9621","username9621","email9621@email.com","password9621","artist"
9622,"name9622","username9622","email9622@email.com","password9622","user"
9623,"name9623","username9623","email9623@email.com","password9623","user"
9624,"name9624","username9624","email9624@email.com","password9624","artist"
9625,"name9625","username9625","email9625@email.com","password9625","artist"
9626,"name9626","username9626","email9626@email.com","password9626","artist"
9627,"name9627","username9627","email9627@email.com","password9627","user"
9628,"name9628","username9628","email9628@email.com","password9628","user"
9629,"name9629","username9629","email9629@email.com","password9629","user"
9630,"name9630","username9630","email9630@email.com","password9630","artist"
9631,"name9631","username9631","email9631@email.com","password9631","user"
9632,"name9632","username9632","email9632@email.com","password9632","artist"
9633,"name9633","username9633","email9633@email.com","password9633","artist"
9634,"name9634","username9634","email9634@email.com","password9634","user"
9635,"name9635","username9635","email9635@email.com","password9635","artist"
9636,"name9636","username9636","email9636@email.com","password9636","user"
9637,"name9637","username9637","email9637@email.com","password9637","user"
9638,"name9638","username9638","email9638@email.com","password9638","artist"
9639,"name9639","username9639","email9639@email.com","password9639","user"
9640,"name9640","username9640","email9640@email.com","password9640","user"
9641,"name9641","username9641","email9641@email.com","password9641","artist"
9642,"name9642","username9642","email9642@email.com","password9642","artist"
9643,"name9643","username9643","email9643@email.com","password9643","artist"
9644,"name9644","username9644","email9644@email.com","password9644","user"
9645,"name9645","username9645","email9645@email.com","password9645","user"
9646,"name9646","username9646","email9646@email.com","password9646","user"
9647,"name9647","username9647","email9647@email.com","password9647","artist"
9648,"name9648","username9648","email9648@email.com","password9648","artist"
9649,"name9649","username9649","email9649@email.com","password9649","user"
9650,"name9650","username9650","email9650@email.com","password9650","user"
9651,"name9651","username9651","email9651@email.com","password9651","user"
9652,"name9652","username9652","email9652@email.com","password9652","user"
9653,"name9653","username9653","email9653@email.com","password9653","artist"
9654,"name9654","username9654","email9654@email.com","password9654","artist"
9655,"name9655","username9655","email9655@email.com","password9655","artist"
9656,"name9656","username9656","email9656@email.com","password9656","user"
9657,"name9657","username9657","email9657@email.com","password9657","user"
9658,"name9658","username9658","email9658@email.com","password9658","user"
9659,"name9659","username9659","email9659@email.com","password9659","artist"
9660,"name9660","username9660","email9660@email.com","password9660","user"
9661,"name9661","username9661","email9661@email.com","password9661","user"
9662,"name9662","username9662","email9662@email.com","password9662","user"
9663,"name9663","username9663","email9663@email.com","password9663","artist"
9664,"name9664","username9664","email9664@email.com","password9664","artist"
9665,"name9665","username9665","email9665@email.com","password9665","artist"
9666,"name9666","username9666","email9666@email.com","password9666","artist"
9667,"name9667","username9667","email9667@email.com","password9667","artist"
9668,"name9668","username9668","email9668@email.com","password9668","artist"
9669,"name9669","username9669","email9669@email.com","password9669","user"
9670,"name9670","username9670","email9670@email.com","password9670","user"
9671,"name9671","username9671","email9671@email.com","password9671","artist"
9672,"name9672","username9672","email9672@email.com","password9672","user"
9673,"name9673","username9673","email9673@email.com","password9673","artist"
9674,"name9674","username9674","email9674@email.com","password9674","user"
9675,"name9675","username9675","email9675@email.com","password9675","artist"
9676,"name9676","username9676","email9676@email.com","password9676","user"
9677,"name9677","username9677","email9677@email.com","password9677","artist"
9678,"name9678","username9678","email9678@email.com","password9678","artist"
9679,"name9679","username9679","email9679@email.com","password9679","artist"
9680,"name9680","username9680","email9680@email.com","password9680","user"
9681,"name9681","username9681","email9681@email.com","password9681","user"
9682,"name9682","username9682","email9682@email.com","password9682","artist"
9683,"name9683","username9683","email9683@email.com","password9683","artist"
9684,"name9684","username9684","email9684@email.com","password9684","artist"
9685,"name9685","username9685","email9685@email.com","password9685","user"
9686,"name9686","username9686","email9686@email.com","password9686","user"
9687,"name9687","username9687","email9687@email.com","password9687","artist"
9688,"name9688","username9688","email9688@email.com","password9688","user"
9689,"name9689","username9689","email9689@email.com","password9689","user"
9690,"name9690","username9690","email9690@email.com","password9690","user"
9691,"name9691","username9691","email9691@email.com","password9691","user"
9692,"name9692","username9692","email9692@email.com","password9692","artist"
9693,"name9693","username9693","email9693@email.com","password9693","artist"
9694,"name9694","username9694","email9694@email.com","password9694","artist"
9695,"name9695","username9695","email9695@email.com","password9695","artist"
9696,"name9696","username9696","email9696@email.com","password9696","user"
9697,"name9697","username9697","email9697@email.com","password9697","user"
9698,"name9698","username9698","email9698@email.com","password9698","user"
9699,"name9699","username9699","email9699@email.com","password9699","artist"
9700,"name9700","username9700","email9700@email.com","password9700","user"
9701,"name9701","username9701","email9701@email.com","password9701","artist"
9702,"name9702","username9702","email9702@email.com","password9702","artist"
9703,"name9703","username9703","email9703@email.com","password9703","user"
9704,"name9704","username9704","email9704@email.com","password9704","user"
9705,"name9705","username9705","email9705@email.com","password9705","user"
9706,"name9706","username9706","email9706@email.com","password9706","artist"
9707,"name9707","username9707","email9707@email.com","password9707","user"
9708,"name9708","username9708","email9708@email.com","password9708","artist"
9709,"name9709","username9709","email9709@email.com","password9709","artist"
9710,"name9710","username9710","email9710@email.com","password9710","artist"
9711,"name9711","username9711","email9711@email.com","password9711","user"
9712,"name9712","username9712","email9712@email.com","password9712","artist"
9713,"name9713","username9713","email9713@email.com","password9713","user"
9714,"name9714","username9714","email9714@email.com","password9714","artist"
9715,"name9715","username9715","email9715@email.com","password9715","artist"
9716,"name9716","username9716","email9716@email.com","password9716","artist"
9717,"name9717","username9717","email9717@email.com","password9717","user"
9718,"name9718","username9718","email9718@email.com","password9718","artist"
9719,"name9719","username9719","email9719@email.com","password9719","artist"
9720,"name9720","username9720","email9720@email.com","password9720","user"
9721,"name9721","username9721","email9721@email.com","password9721","artist"
9722,"name9722","username9722","email9722@email.com","password9722","user"
9723,"name9723","username9723","email9723@email.com","password9723","user"
9724,"name9724","username9724","email9724@email.com","password9724","user"
9725,"name9725","username9725","email9725@email.com","password9725","user"
9726,"name9726","username9726","email9726@email.com","password9726","user"
9727,"name9727","username9727","email9727@email.com","password9727","artist"
9728,"name9728","username9728","email9728@email.com","password9728","user"
9729,"name9729","username9729","email9729@email.com","password9729","artist"
9730,"name9730","username9730","email9730@email.com","password9730","artist"
9731,"name9731","username9731","email9731@email.com","password9731","user"
9732,"name9732","username9732","email9732@email.com","password9732","user"
9733,"name9733","username9733","email9733@email.com","password9733","user"
9734,"name9734","username9734","email9734@email.com","password9734","user"
9735,"name9735","username9735","email9735@email.com","password9735","artist"
9736,"name9736","username9736","email9736@email.com","password9736","user"
9737,"name9737","username9737","email9737@email.com","password9737","artist"
9738,"name9738","username9738","email9738@email.com","password9738","artist"
9739,"name9739","username9739","email9739@email.com","password9739","user"
9740,"name9740","username9740","email9740@email.com","password9740","user"
9741,"name9741","username9741","email9741@email.com","password9741","user"
9742,"name9742","username9742","email9742@email.com","password9742","user"
9743,"name9743","username9743","email9743@email.com","password9743","user"
9744,"name9744","username9744","email9744@email.com","password9744","artist"
9745,"name9745","username9745","email9745@email.com","password9745","artist"
9746,"name9746","username9746","email9746@email.com","password9746","user"
9747,"name9747","username9747","email9747@email.com","password9747","user"
9748,"name9748","username9748","email9748@email.com","password9748","user"
9749,"name9749","username9749","email9749@email.com","password9749","user"
9750,"name9750","username9750","email9750@email.com","password9750","artist"
9751,"name9751","username9751","email9751@email.com","password9751","user"
9752,"name9752","username9752","email9752@email.com","password9752","artist"
9753,"name9753","username9753","email9753@email.com","password9753","artist"
9754,"name9754","username9754","email9754@email.com","password9754","user"
9755,"name9755","username9755","email9755@email.com","password9755","artist"
9756,"name9756","username9756","email9756@email.com","password9756","artist"
9757,"name9757","username9757","email9757@email.com","password9757","user"
9758,"name9758","username9758","email9758@email.com","password9758","artist"
9759,"name9759","username9759","email9759@email.com","password9759","user"
9760,"name9760","username9760","email9760@email.com","password9760","user"
9761,"name9761","username9761","email9761@email.com","password9761","user"
9762,"name9762","username9762","email9762@email.com","password9762","artist"
9763,"name9763","username9763","email9763@email.com","password9763","artist"
9764,"name9764","username9764","email9764@email.com","password9764","artist"
9765,"name9765","username9765","email9765@email.com","password9765","user"
9766,"name9766","username9766","email9766@email.com","password9766","user"
9767,"name9767","username9767","email9767@email.com","password9767","user"
9768,"name9768","username9768","email9768@email.com","password9768","user"
9769,"name9769","username9769","email9769@email.com","password9769","artist"
9770,"name9770","username9770","email9770@email.com","password9770","user"
9771,"name9771","username9771","email9771@email.com","password9771","artist"
9772,"name9772","username9772","email9772@email.com","password9772","artist"
9773,"name9773","username9773","email9773@email.com","password9773","artist"
9774,"name9774","username9774","email9774@email.com","password9774","artist"
9775,"name9775","username9775","email9775@email.com","password9775","user"
9776,"name9776","username9776","email9776@email.com","password9776","user"
9777,"name9777","username9777","email9777@email.com","password9777","user"
9778,"name9778","username9778","email9778@email.com","password9778","artist"
9779,"name9779","username9779","email9779@email.com","password9779","artist"
9780,"name9780","username9780","email9780@email.com","password9780","artist"
9781,"name9781","username9781","email9781@email.com","password9781","artist"
9782,"name9782","username9782","email9782@email.com","password9782","user"
9783,"name9783","username9783","email9783@email.com","password9783","user"
9784,"name9784","username9784","email9784@email.com","password9784","user"
9785,"name9785","username9785","email9785@email.com","password9785","artist"
9786,"name9786","username9786","email9786@email.com","password9786","user"
9787,"name9787","username9787","email9787@email.com","password9787","user"
9788,"name9788","username9788","email9788@email.com","password9788","user"
9789,"name9789","username9789","email9789@email.com","password9789","user"
9790,"name9790","username9790","email9790@email.com","password9790","user"
9791,"name9791","username9791","email9791@email.com","password9791","artist"
9792,"name9792","username9792","email9792@email.com","password9792","user"
9793,"name9793","username9793","email9793@email.com","password9793","user"
9794,"name9794","username9794","email9794@email.com","password9794","artist"
9795,"name9795","username9795","email9795@email.com","password9795","artist"
9796,"name9796","username9796","email9796@email.com","password9796","user"
9797,"name9797","username9797","email9797@email.com","password9797","user"
9798,"name9798","username9798","email9798@email.com","password9798","user"
9799,"name9799","username9799","email9799@email.com","password9799","user"
9800,"name9800","username9800","email9800@email.com","password9800","artist"
9801,"name9801","username9801","email9801@email.com","password9801","artist"
9802,"name9802","username9802","email9802@email.com","password9802","artist"
9803,"name9803","username9803","email9803@email.com","password9803","user"
9804,"name9804","username9804","email9804@email.com","password9804","user"
9805,"name9805","username9805","email9805@email.com","password9805","artist"
9806,"name9806","username9806","email9806@email.com","password9806","artist"
9807,"name9807","username9807","email9807@email.com","password9807","user"
9808,"name9808","username9808","email9808@email.com","password9808","user"
9809,"name9809","username9809","email9809@email.com","password9809","artist"
9810,"name9810","username9810","email9810@email.com","password9810","user"
9811,"name9811","username9811","email9811@email.com","password9811","user"
9812,"name9812","username9812","email9812@email.com","password9812","user"
9813,"name9813","username9813","email9813@email.com","password9813","user"
9814,"name9814","username9814","email9814@email.com","password9814","artist"
9815,"name9815","username9815","email9815@email.com","password9815","user"
9816,"name9816","username9816","email9816@email.com","password9816","artist"
9817,"name9817","username9817","email9817@email.com","password9817","user"
9818,"name9818","username9818","email9818@email.com","password9818","artist"
9819,"name9819","username9819","email9819@email.com","password9819","user"
9820,"name9820","username9820","email9820@email.com","password9820","user"
9821,"name9821","username9821","email9821@email.com","password9821","artist"
9822,"name9822","username9822","email9822@email.com","password9822","user"
9823,"name9823","username9823","email9823@email.com","password9823","artist"
9824,"name9824","username9824","email9824@email.com","password9824","user"
9825,"name9825","username9825","email9825@email.com","password9825","artist"
9826,"name9826","username9826","email9826@email.com","password9826","user"
9827,"name9827","username9827","email9827@email.com","password9827","user"
9828,"name9828","username9828","email9828@email.com","password9828","artist"
9829,"name9829","username9829","email9829@email.com","password9829","artist"
9830,"name9830","username9830","email9830@email.com","password9830","artist"
9831,"name9831","username9831","email9831@email.com","password9831","user"
9832,"name9832","username9832","email9832@email.com","password9832","user"
9833,"name9833","username9833","email9833@email.com","password9833","artist"
9834,"name9834","username9834","email9834@email.com","password9834","artist"
9835,"name9835","username9835","email9835@email.com","password9835","artist"
9836,"name9836","username9836","email9836@email.com","password9836","artist"
9837,"name9837","username9837","email9837@email.com","password9837","artist"
9838,"name9838","username9838","email9838@email.com","password9838","artist"
9839,"name9839","username9839","email9839@email.com","password9839","user"
9840,"name9840","username9840","email9840@email.com","password9840","artist"
9841,"name9841","username9841","email9841@email.com","password9841","user"
9842,"name9842","username9842","email9842@email.com","password9842","artist"
9843,"name9843","username9843","email9843@email.com","password9843","user"
9844,"name9844","username9844","email9844@email.com","password9844","user"
9845,"name9845","username9845","email9845@email.com","password9845","user"
9846,"name9846","username9846","email9846@email.com","password9846","artist"
9847,"name9847","username9847","email9847@email.com","password9847","user"
9848,"name9848","username9848","email9848@email.com","password9848","user"
9849,"name9849","username9849","email9849@email.com","password9849","user"
9850,"name9850","username9850","email9850@email.com","password9850","user"
9851,"name9851","username9851","email9851@email.com","password9851","artist"
9852,"name9852","username9852","email9852@email.com","password9852","artist"
9853,"name9853","username9853","email9853@email.com","password9853","artist"
9854,"name9854","username9854","email9854@email.com","password9854","user"
9855,"name9855","username9855","email9855@email.com","password9855","user"
9856,"name9856","username9856","email9856@email.com","password9856","user"
9857,"name9857","username9857","email9857@email.com","password9857","artist"
9858,"name9858","username9858","email9858@email.com","password9858","artist"
9859,"name9859","username9859","email9859@email.com","password9859","artist"
9860,"name9860","username9860","email9860@email.com","password9860","artist"
9861,"name9861","username9861","email9861@email.com","password9861","artist"
9862,"name9862","username9862","email9862@email.com","password9862","user"
9863,"name9863","username9863","email9863@email.com","password9863","artist"
9864,"name9864","username9864","email9864@email.com","password9864","artist"
9865,"name9865","username9865","email9865@email.com","password9865","artist"
9866,"name9866","username9866","email9866@email.com","password9866","user"
9867,"name9867","username9867","email9867@email.com","password9867","artist"
9868,"name9868","username9868","email9868@email.com","password9868","user"
9869,"name9869","username9869","email9869@email.com","password9869","user"
9870,"name9870","username9870","email9870@email.com","password9870","artist"
9871,"name9871","username9871","email9871@email.com","password9871","artist"
9872,"name9872","username9872","email9872@email.com","password9872","artist"
9873,"name9873","username9873","email9873@email.com","password9873","artist"
9874,"name9874","username9874","email9874@email.com","password9874","user"
9875,"name9875","username9875","email9875@email.com","password9875","user"
9876,"name9876","username9876","email9876@email.com","password9876","user"
9877,"name9877","username9877","email9877@email.com","password9877","artist"
9878,"name9878","username9878","email9878@email.com","password9878","user"
9879,"name9879","username9879","email9879@email.com","password9879","user"
9880,"name9880","username9880","email9880@email.com","password9880","user"
9881,"name9881","username9881","email9881@email.com","password9881","user"
9882,"name9882","username9882","email9882@email.com","password9882","user"
9883,"name9883","username9883","email9883@email.com","password9883","artist"
9884,"name9884","username9884","email9884@email.com","password9884","user"
9885,"name9885","username9885","email9885@email.com","password9885","artist"
9886,"name9886","username9886","email9886@email.com","password9886","artist"
9887,"name9887","username9887","email9887@email.com","password9887","user"
9888,"name9888","username9888","email9888@email.com","password9888","artist"
9889,"name9889","username9889","email9889@email.com","password9889","artist"
9890,"name9890","username9890","email9890@email.com","password9890","user"
9891,"name9891","username9891","email9891@email.com","password9891","user"
9892,"name9892","username9892","email9892@email.com","password9892","user"
9893,"name9893","username9893","email9893@email.com","password9893","user"
9894,"name9894","username9894","email9894@email.com","password9894","user"
9895,"name9895","username9895","email9895@email.com","password9895","artist"
9896,"name9896","username9896","email9896@email.com","password9896","artist"
9897,"name9897","username9897","email9897@email.com","password9897","user"
9898,"name9898","username9898","email9898@email.com","password9898","artist"
9899,"name9899","username9899","email9899@email.com","password9899","user"
9900,"name9900","username9900","email9900@email.com","password9900","user"
9901,"name9901","username9901","email9901@email.com","password9901","user"
9902,"name9902","username9902","email9902@email.com","password9902","user"
9903,"name9903","username9903","email9903@email.com","password9903","user"
9904,"name9904","username9904","email9904@email.com","password9904","user"
9905,"name9905","username9905","email9905@email.com","password9905","user"
9906,"name9906","username9906","email9906@email.com","password9906","artist"
9907,"name9907","username9907","email9907@email.com","password9907","user"
9908,"name9908","username9908","email9908@email.com","password9908","artist"
9909,"name9909","username9909","email9909@email.com","password9909","artist"
9910,"name9910","username9910","email9910@email.com","password9910","user"
9911,"name9911","username9911","email9911@email.com","password9911","artist"
9912,"name9912","username9912","email9912@email.com","password9912","user"
9913,"name9913","username9913","email9913@email.com","password9913","artist"
9914,"name9914","username9914","email9914@email.com","password9914","user"
9915,"name9915","username9915","email9915@email.com","password9915","user"
9916,"name9916","username9916","email9916@email.com","password9916","user"
9917,"name9917","username9917","email9917@email.com","password9917","user"
9918,"name9918","username9918","email9918@email.com","password9918","artist"
9919,"name9919","username9919","email9919@email.com","password9919","user"
9920,"name9920","username9920","email9920@email.com","password9920","artist"
9921,"name9921","username9921","email9921@email.com","password9921","artist"
9922,"name9922","username9922","email9922@email.com","password9922","user"
9923,"name9923","username9923","email9923@email.com","password9923","artist"
9924,"name9924","username9924","email9924@email.com","password9924","artist"
9925,"name9925","username9925","email9925@email.com","password9925","artist"
9926,"name9926","username9926","email9926@email.com","password9926","artist"
9927,"name9927","username9927","email9927@email.com","password9927","user"
9928,"name9928","username9928","email9928@email.com","password9928","artist"
9929,"name9929","username9929","email9929@email.com","password9929","user"
9930,"name9930","username9930","email9930@email.com","password9930","artist"
9931,"name9931","username9931","email9931@email.com","password9931","user"
9932,"name9932","username9932","email9932@email.com","password9932","user"
9933,"name9933","username9933","email9933@email.com","password9933","user"
9934,"name9934","username9934","email9934@email.com","password9934","artist"
9935,"name9935","username9935","email9935@email.com","password9935","artist"
9936,"name9936","username9936","email9936@email.com","password9936","artist"
9937,"name9937","username9937","email9937@email.com","password9937","user"
9938,"name9938","username9938","email9938@email.com","password9938","user"
9939,"name9939","username9939","email9939@email.com","password9939","artist"
9940,"name9940","username9940","email9940@email.com","password9940","user"
9941,"name9941","username9941","email9941@email.com","password9941","user"
9942,"name9942","username9942","email9942@email.com","password9942","user"
9943,"name9943","username9943","email9943@email.com","password9943","user"
9944,"name9944","username9944","email9944@email.com","password9944","user"
9945,"name9945","username9945","email9945@email.com","password9945","artist"
9946,"name9946","username9946","email9946@email.com","password9946","artist"
9947,"name9947","username9947","email9947@email.com","password9947","user"
9948,"name9948","username9948","email9948@email.com","password9948","user"
9949,"name9949","username9949","email9949@email.com","password9949","artist"
9950,"name9950","username9950","email9950@email.com","password9950","user"
9951,"name9951","username9951","email9951@email.com","password9951","artist"
9952,"name9952","username9952","email9952@email.com","password9952","user"
9953,"name9953","username9953","email9953@email.com","password9953","artist"
9954,"name9954","username9954","email9954@email.com","password9954","user"
9955,"name9955","username9955","email9955@email.com","password9955","user"
9956,"name9956","username9956","email9956@email.com","password9956","artist"
9957,"name9957","username9957","email9957@email.com","password9957","user"
9958,"name9958","username9958","email9958@email.com","password9958","user"
9959,"name9959","username9959","email9959@email.com","password9959","user"
9960,"name9960","username9960","email9960@email.com","password9960","user"
9961,"name9961","username9961","email9961@email.com","password9961","artist"
9962,"name9962","username9962","email9962@email.com","password9962","artist"
9963,"name9963","username9963","email9963@email.com","password9963","artist"
9964,"name9964","username9964","email9964@email.com","password9964","artist"
9965,"name9965","username9965","email9965@email.com","password9965","user"
9966,"name9966","username9966","email9966@email.com","password9966","artist"
9967,"name9967","username9967","email9967@email.com","password9967","user"
9968,"name9968","username9968","email9968@email.com","password9968","artist"
9969,"name9969","username9969","email9969@email.com","password9969","artist"
9970,"name9970","username9970","email9970@email.com","password9970","user"
9971,"name9971","username9971","email9971@email.com","password9971","artist"
9972,"name9972","username9972","email9972@email.com","password9972","artist"
9973,"name9973","username9973","email9973@email.com","password9973","artist"
9974,"name9974","username9974","email9974@email.com","password9974","artist"
9975,"name9975","username9975","email9975@email.com","password9975","artist"
9976,"name9976","username9976","email9976@email.com","password9976","artist"
9977,"name9977","username9977","email9977@email.com","password9977","user"
9978,"name9978","username9978","email9978@email.com","password9978","user"
9979,"name9979","username9979","email9979@email.com","password9979","artist"
9980,"name9980","username9980","email9980@email.com","password9980","artist"
9981,"name9981","username9981","email9981@email.com","password9981","user"
9982,"name9982","username9982","email9982@email.com","password9982","artist"
9983,"name9983","username9983","email9983@email.com","password9983","artist"
9984,"name9984","username9984","email9984@email.com","password9984","artist"
9985,"name9985","username9985","email9985@email.com","password9985","artist"
9986,"name9986","username9986","email9986@email.com","password9986","artist"
9987,"name9987","username9987","email9987@email.com","password9987","user"
9988,"name9988","username9988","email9988@email.com","password9988","artist"
9989,"name9989","username9989","email9989@email.com","password9989","user"
9990,"name9990","username9990","email9990@email.com","password9990","user"
9991,"name9991","username9991","email9991@email.com","password9991","artist"
9992,"name9992","username9992","email9992@email.com","password9992","user"
9993,"name9993","username9993","email9993@email.com","password9993","artist"
9994,"name9994","username9994","email9994@email.com","password9994","user"
9995,"name9995","username9995","email9995@email.com","password9995","user"
9996,"name9996","username9996","email9996@email.com","password9996","user"
9997,"name9997","username9997","email9997@email.com","password9997","artist"
9998,"name9998","username9998","email9998@email.com","password9998","user"
9999,"name9999","username9999","email9999@email.com","password9999","artist"
1,"name1","username1","newemail@gmail.com","password1","artist"
10000,"cjs645","Chris Stanley","cjs645@yahoo.com","1234","user"
10001,"bl123","Bill Lambeer","bl123@yahoo.com","1234","user"
10002,"bwoods123","Bill Woods","bwoods@brophyprep.org","123456","user"
10005,"dmar123","dan marley","dmar@gmail.com","123","user"
10006,"scs","Steven Stanley","scs645@yahoo.com","123456","user"
10007,"generic_username","Generic Name","genericemail@gmail.com","1234","user"
10008,"cjstanl6","Christopher Stanley","cjstanl6@asu.edu","1234","user"
